id,username,teks_asli,teks_bersih,sentimen,skor,topik,likes,replies,retweets,tanggal,keyword,teks_preprocessing
2073938673331241057,pacarnya_v_bts,"Yang bikin rame di berita belakangan ini juga soal Smelter. Dulu kan konsentratnya langsung diekspor mentah-mentah ke luar negeri. Nah, sekarang pemerintah wajibin bikin smelter di dalam negeri (ada yang di Gresik juga).",yang bikin rame di berita belakangan ini juga soal smelter dulu kan konsentratnya langsung diekspor mentahmentah ke luar negeri nah sekarang pemerintah wajibin bikin smelter di dalam negeri ada yang di gresik juga,netral,0.651,umum,0.0,1,0,2026-07-06,Gresik,bikin rame berita belakang soal smelter dulu kan konsentrat langsung ekspor mentahmentah luar negeri nah sekarang perintah wajibin bikin smelter negeri gresik
2073931356304982065,themoonlooker,@yonanijbol Gresik 😭,gresik,netral,0.509,umum,0.0,1,0,2026-07-06,Gresik,gresik
2074019635868082382,e100ss,"13.35:
1. Raya Sawunggaling Sidoarjo arah Taman padat;
2. Raya Taman arah Geluran MACET;
3. Jalan Veteran Gresik arah Mayjend Sungkono padat. (ss-af)",1335 1 raya sawunggaling sidoarjo arah taman padat 2 raya taman arah geluran macet 3 jalan veteran gresik arah mayjend sungkono padat ssaf,netral,0.952,infrastruktur,1.0,0,0,2026-07-06,Gresik,1335 1 raya sawunggaling sidoarjo arah taman padat 2 raya taman arah geluran macet 3 jalan veteran gresik arah mayjend sungkono padat ssaf
2074015842745172306,anggoro80984,@sekedar_fantasi Gresik akeh bos ... tinggal kontak wes ready,gresik akeh bos tinggal kontak wes ready,netral,0.929,umum,0.0,1,0,2026-07-06,Gresik,gresik akeh bos tinggal kontak wes ready
2074007466845880521,pengelabuan,"@shitignore @underpleasuree jangankan candi, gresik ke sidoarjo aja gaskan",jangankan candi gresik ke sidoarjo aja gaskan,negatif,0.963,umum,0.0,0,0,2026-07-06,Gresik,jangan candi gresik sidoarjo gas
2074007296833892498,doorexplain,"D 1 ngantor di gresik, iki bakalan PP sby - gresik 🥵 https://t.co/jrb5xWuuHl",d 1 ngantor di gresik iki bakalan pp sby gresik,netral,0.97,umum,1.0,0,0,2026-07-06,Gresik,d 1 ngantor gresik iki bakal pp sby gresik
2074005396206076000,sparklimgheart,"WTS TIKET BTS ARIRANG DAY 3 PLATINUM  TRIBUNE 

harganya 8jt/tix
take all 7.5jt/tix, bisa nego ya

- trusted 
- bisa cod daerah surabaya, sidoarjo, gresik, dan sekitarnya, 
- atas nama sendiri nanti diurusin sampe jadi WB atau surat kuasa boleh
#tiketbts #BTS_ARİRANG #zonauangㅤ https://t.co/8OkbkzzFF0",wts tiket bts arirang day 3 platinum tribune harganya 8jttix take all 75jttix bisa nego ya trusted bisa cod daerah surabaya sidoarjo gresik dan sekitarnya atas nama sendiri nanti diurusin sampe jadi wb atau surat kuasa boleh tiketbts bts_ari̇rang zonauangㅤ,netral,0.972,ekonomi,0.0,0,0,2026-07-06,Gresik,wts tiket bts arirang day 3 platinum tribune harga 8jttix take all 75jttix nego trusted cod daerah surabaya sidoarjo gresik sekitar atas nama sendiri diurusin sampe jadi wb surat kuasa tiketbts bts ari rang zonauang
2073999027889422773,ythrejeki,"@sbyfess nder dm, ada loker area gresik kalo mau",nder dm ada loker area gresik kalo mau,netral,0.997,umum,0.0,0,0,2026-07-06,Gresik,nder dm loker area gresik kalo mau
2073988056340939115,simplicitywak,"Belakangan ini, topik soal smelter barunya Freeport di Gresik lagi jadi primadona obrolan netizen yang demen bedah isu ekonomi makro.",belakangan ini topik soal smelter barunya freeport di gresik lagi jadi primadona obrolan netizen yang demen bedah isu ekonomi makro,netral,0.99,industri,0.0,1,0,2026-07-06,Gresik,belakang topik soal smelter baru freeport gresik jadi primadona obrol netizen demen bedah isu ekonomi makro
2073986422038827209,kodim0817gresik,Upacara Bendera Jadi Momentum Perkuat Disiplin dan Jiwa Pengabdian Prajurit Kodim 0817/Gresik https://t.co/ADVpCQknm6 https://t.co/u66dutX97m,upacara bendera jadi momentum perkuat disiplin dan jiwa pengabdian prajurit kodim 0817gresik,netral,0.91,umum,0.0,0,0,2026-07-06,Gresik,upacara bendera jadi momentum kuat disiplin jiwa abdi prajurit kodim 0817gresik
2073973924505997539,huangrnjyeochin,"di saat semua kota lagi pada dingin, gresik konsisten bgt jirr panasnya",di saat semua kota lagi pada dingin gresik konsisten bgt jirr panasnya,positif,0.971,umum,0.0,0,0,2026-07-06,Gresik,semua kota dingin gresik konsisten banget jirr panas
2073971919544877498,BongkahI,"BNN Periksa 12 Orang dalam Kasus Ganja 3,37 Ton di Gresik, Libatkan WNA Malaysia dan Thailand
#narkotika #peredarannarkotika #jaringannarkotikainternasional #ganja #Gresik #BNNRI @INFOBNN 

https://t.co/cvoJlVkbru",bnn periksa 12 orang dalam kasus ganja 337 ton di gresik libatkan wna malaysia dan thailand narkotika peredarannarkotika jaringannarkotikainternasional ganja gresik bnnri,netral,0.997,umum,0.0,0,0,2026-07-06,Gresik,bnn periksa 12 orang kasus ganja 337 ton gresik libat wna malaysia thailand narkotika peredarannarkotika jaringannarkotikainternasional ganja gresik bnnri
2073971078662398129,Pippettetes,@1tsmechacha Pacar smean wong gresik ta mbk,pacar smean wong gresik ta mbk,negatif,0.928,umum,1.0,0,0,2026-07-06,Gresik,pacar smean wong gresik ta mbk
2073956016040129021,gempicta,"WANT TO SALE   

Cortis Youtube gift redred, 

price bersih ina (barang masih rd kr), dm for claim &lt;3  ada go dom gresik  
t. wts wto cortis martin james juhoon seonghyeon keonho pop up studio choom dice photobook bridge m2u hello live whosfan keyring https://t.co/IWKfTxdDl8",want to sale cortis youtube gift redred price bersih ina barang masih rd kr dm for claim lt3 ada go dom gresik t wts wto cortis martin james juhoon seonghyeon keonho pop up studio choom dice photobook bridge m2u hello live whosfan keyring,netral,0.986,umum,1.0,0,0,2026-07-06,Gresik,want to sale cortis youtube gift redred price bersih ina barang rd kr dm for claim lt3 go dom gresik t wts wto cortis martin james juhoon seonghyeon keonho pop up studio choom dice photobook bridge m2u hello live whosfan keyring
2073950047620981080,AiptuSupar49750,"Anggota Polsek Wringinanom melaksanakan pengecekan tanaman jagung di Ds. Sumberwaru Kec. Wringinanom Kab. Gresik

#astacita 
#swasembadapangan 
#ketahananpangan #ketahananpanganpoldajatim 
#ssdmpolri 
#divhumaspolri 
#birosdmpoldajatim 
#bidhumaspoldajatim 
#polresgresik https://t.co/Uk4oFIEZsH",anggota polsek wringinanom melaksanakan pengecekan tanaman jagung di ds sumberwaru kec wringinanom kab gresik astacita swasembadapangan ketahananpangan ketahananpanganpoldajatim ssdmpolri divhumaspolri birosdmpoldajatim bidhumaspoldajatim polresgresik,netral,0.996,umum,1.0,0,0,2026-07-06,Gresik,anggota polsek wringinanom laksana kece tanam jagung ds sumberwaru kec wringinanom kab gresik astacita swasembadapangan ketahananpangan ketahananpanganpoldajatim ssdmpolri divhumaspolri birosdmpoldajatim bidhumaspoldajatim polresgresik
2073949984765190532,AiptuSupar49750,"Anggota Polsek Wringinanom melaksanakan pengecekan tanaman jagung di Ds. Sumberwaru Kec. Wringinanom Kab. Gresik

#astacita 
#swasembadapangan 
#ketahananpangan #ketahananpanganpoldajatim 
#ssdmpolri 
#divhumaspolri 
#birosdmpoldajatim 
#bidhumaspoldajatim 
#polresgresik https://t.co/gLUeUIfwOg",anggota polsek wringinanom melaksanakan pengecekan tanaman jagung di ds sumberwaru kec wringinanom kab gresik astacita swasembadapangan ketahananpangan ketahananpanganpoldajatim ssdmpolri divhumaspolri birosdmpoldajatim bidhumaspoldajatim polresgresik,netral,0.996,umum,1.0,0,0,2026-07-06,Gresik,anggota polsek wringinanom laksana kece tanam jagung ds sumberwaru kec wringinanom kab gresik astacita swasembadapangan ketahananpangan ketahananpanganpoldajatim ssdmpolri divhumaspolri birosdmpoldajatim bidhumaspoldajatim polresgresik
2073949931669541249,AiptuSupar49750,"Anggota Polsek Wringinanom melaksanakan pengecekan tanaman jagung di Ds. Sumberwaru Kec. Wringinanom Kab. Gresik

#astacita 
#swasembadapangan 
#ketahananpangan #ketahananpanganpoldajatim 
#ssdmpolri 
#divhumaspolri 
#birosdmpoldajatim 
#bidhumaspoldajatim 
#polresgresik https://t.co/UElA6QwfF6",anggota polsek wringinanom melaksanakan pengecekan tanaman jagung di ds sumberwaru kec wringinanom kab gresik astacita swasembadapangan ketahananpangan ketahananpanganpoldajatim ssdmpolri divhumaspolri birosdmpoldajatim bidhumaspoldajatim polresgresik,netral,0.996,umum,1.0,0,0,2026-07-06,Gresik,anggota polsek wringinanom laksana kece tanam jagung ds sumberwaru kec wringinanom kab gresik astacita swasembadapangan ketahananpangan ketahananpanganpoldajatim ssdmpolri divhumaspolri birosdmpoldajatim bidhumaspoldajatim polresgresik
2073947218785317188,hanxtto,Yang tau info kos kampus gresik unair plss help mee #unair #studytwt,yang tau info kos kampus gresik unair plss help mee unair studytwt,netral,0.998,pendidikan,0.0,1,0,2026-07-06,Gresik,tau info kos kampus gresik unair plss help mee unair studytwt
2073945746471272555,Ilyasfurqon3,"Pengecekan tanaman jagung di Ds. Sumberwaru Kec. Wringinanom Kab.Gresik untuk mendukung program ketahanan pangan

#astacita 
#swasembadapangan 
#ketahananpangan #ketahananpanganpoldajatim 
#ssdmpolri 
#divhumaspolri 
#birosdmpoldajatim 
#bidhumaspoldajatim 
#polresgresik 
#gresik https://t.co/f2WtH10ELW",pengecekan tanaman jagung di ds sumberwaru kec wringinanom kabgresik untuk mendukung program ketahanan pangan astacita swasembadapangan ketahananpangan ketahananpanganpoldajatim ssdmpolri divhumaspolri birosdmpoldajatim bidhumaspoldajatim polresgresik gresik,netral,0.994,umum,0.0,0,0,2026-07-06,Gresik,kece tanam jagung ds sumberwaru kec wringinanom kabgresik dukung program tahan pangan astacita swasembadapangan ketahananpangan ketahananpanganpoldajatim ssdmpolri divhumaspolri birosdmpoldajatim bidhumaspoldajatim polresgresik gresik
2073945254152319477,shakiraamanda78,Pengecekan tanaman jagung di Ds. Sumberwaru Kec. Wringinanom Kab. Gresik https://t.co/VPtO9SRHbr,pengecekan tanaman jagung di ds sumberwaru kec wringinanom kab gresik,netral,0.997,umum,0.0,0,0,2026-07-06,Gresik,kece tanam jagung ds sumberwaru kec wringinanom kab gresik
2072661657470521818,bidhumas_jatim,"Karoops Polda Jatim menghadiri press release pengungkapan kasus narkotika berskala besar di Pergudangan Prambanan Bizland, Cerme, Kabupaten Gresik, Kamis (2/7/2026). https://t.co/nhFwaXH4qC",karoops polda jatim menghadiri press release pengungkapan kasus narkotika berskala besar di pergudangan prambanan bizland cerme kabupaten gresik kamis 272026,netral,0.998,umum,3.0,1,0,2026-07-02,Kabupaten Gresik,karoops polda jatim hadir press release ungkap kasus narkotika skala besar gudang prambanan bizland cerme kabupaten gresik kamis 272026
2072234635212550220,Humassekbungah,"*79 Personel Polri dan 3 PNS Polres Gresik Naik Pangkat, Kapolres: Layani Masyarakat dengan Hati*

https://t.co/k0aU4MWzUP",79 personel polri dan 3 pns polres gresik naik pangkat kapolres layani masyarakat dengan hati,netral,0.996,umum,0.0,0,0,2026-07-01,Polres Gresik,79 personel polri 3 pns polres gresik naik pangkat kapolres layan masyarakat hati
2074096906398323023,nugresik,"Lantik PR Fatayat NU se-Benjeng, Ketua PC Fatayat NU Gresik Tekankan Tanggung Jawab dalam Berorganisasi https://t.co/gYyU5mKNdc",lantik pr fatayat nu sebenjeng ketua pc fatayat nu gresik tekankan tanggung jawab dalam berorganisasi,netral,0.996,umum,0.0,0,0,2026-07-06,Gresik,lantik pr fatayat nu sebenjeng ketua pc fatayat nu gresik tekan tanggung jawab organ
2074091112885796937,terlihatbijak,@bengsharksol @MeteoraIDN Waduuu andai aku jek nak gresik mas iso budal,waduuu andai aku jek nak gresik mas iso budal,positif,0.557,umum,0.0,0,0,2026-07-06,Gresik,waduuu andai aku jek nak gresik mas iso budal
2074090357911175557,kabarbaikdotco,"Mobil Pikap Terbakar di Gresik, Kerugian Ditaksir Rp 60 Juta

https://t.co/cksyR8CACx https://t.co/UoOPL81Sys",mobil pikap terbakar di gresik kerugian ditaksir rp 60 juta,netral,0.983,umum,0.0,0,0,2026-07-06,Gresik,mobil pikap bakar gresik rugi taksir rp 60 juta
2074086486224638358,Achmad306656290,"@Randy3009851792 Gresik mana y,penasaran paling Driyorejo lak g menganti🤔 https://t.co/ox5HgI9B9l",gresik mana ypenasaran paling driyorejo lak g menganti,negatif,0.833,umum,0.0,1,0,2026-07-06,Gresik,gresik mana ypenasaran paling driyorejo lak g anti
2074084896176533727,jawapos,"Okupansi Penuh, KEK Gresik, Kendal, dan Galang Batang Ajukan Perluasan Lahan
https://t.co/yE9vTGYXGp",okupansi penuh kek gresik kendal dan galang batang ajukan perluasan lahan,netral,0.996,umum,0.0,0,0,2026-07-06,Gresik,okupansi penuh kek gresik kendal galang batang aju luas lahan
2074084676785078634,chaechwe,"@naiuuu00 ril kak average harga makanan di gresik mirip kek jakarta. lebih bikin kesel di gresik pilihan makanannya gak banyak, udahlah mahal makanannya itu² aja",ril kak average harga makanan di gresik mirip kek jakarta lebih bikin kesel di gresik pilihan makanannya gak banyak udahlah mahal makanannya itu² aja,negatif,0.971,ekonomi,0.0,0,0,2026-07-06,Gresik,ril kak average harga makan gresik mirip kek jakarta lebih bikin kesel gresik pilih makan gak banyak udahlah mahal makan itu
2074084362027782560,jhinseluck,@serabutannn Nang cidek tol Juanda dari arah Bungurasih mau masuk ke Surabaya sebelumnya Cito di bawahnya patung tangan Semen Gresik kiri jalan,nang cidek tol juanda dari arah bungurasih mau masuk ke surabaya sebelumnya cito di bawahnya patung tangan semen gresik kiri jalan,netral,0.996,infrastruktur,0.0,0,0,2026-07-06,Gresik,nang cidek tol juanda arah bungurasih mau masuk surabaya belum cito bawah patung tangan semen gresik kiri jalan
2074084050638418252,chaechwe,"padahal jakarta tuh lebih ke pilihan makanan dan harga yang bervariasi banget, mau murah masih ada, mau mahal fancy apalagi. kalo di gresik udahlah gak murah kek malang terus pilihannya ga banyak hadehhh",padahal jakarta tuh lebih ke pilihan makanan dan harga yang bervariasi banget mau murah masih ada mau mahal fancy apalagi kalo di gresik udahlah gak murah kek malang terus pilihannya ga banyak hadehhh,positif,0.759,ekonomi,0.0,0,0,2026-07-06,Gresik,padahal jakarta tuh lebih pilih makan harga variasi banget mau murah mau mahal fancy kalo gresik udahlah gak murah kek malang terus pilih banyak hadehhh
2074083495262241062,chaechwe,rilll. pada bilang mahal padahal di gresik pun makanannya punya harga yg mirip kek jakarta. ya lu semua liatnya makanan resto fancy sih yg dijadiin perbandingan,rilll pada bilang mahal padahal di gresik pun makanannya punya harga yg mirip kek jakarta ya lu semua liatnya makanan resto fancy sih yg dijadiin perbandingan,negatif,0.974,ekonomi,0.0,1,0,2026-07-06,Gresik,rilll bilang mahal padahal gresik makan punya harga mirip kek jakarta lu semua liat makan resto fancy sih dijadiin banding
2074004042620326274,feasttest,ga buruk buruk amat tentang pergaulan jakarta dan ga mahal mahal amat kehidupan di jakarta. nyatanya aja seporsi makanan pun range 10-15k juga adaaa. lebay kalo dikata makanan di jakarta mahal,ga buruk buruk amat tentang pergaulan jakarta dan ga mahal mahal amat kehidupan di jakarta nyatanya aja seporsi makanan pun range 1015k juga adaaa lebay kalo dikata makanan di jakarta mahal,negatif,0.995,umum,1325.0,77,143,2026-07-06,Gresik,buruk buruk gaul jakarta mahal mahal hidup jakarta nyata porsi makan range 1015k adaaa lebay kalo kata makan jakarta mahal
2074081592142897419,watervenus1,"2 jam lagi nyampe sby turi, blom perjalanan ke gresik. Udah pengin bgt nyentuh kasur. Jemputt aku plisss😭🤏🏻",2 jam lagi nyampe sby turi blom perjalanan ke gresik udah pengin bgt nyentuh kasur jemputt aku plisss,positif,0.975,infrastruktur,0.0,0,0,2026-07-06,Gresik,2 jam nyampe sby turi blom jalan gresik udah pengin banget nyentuh kasur jemputt aku plisss
2074071615118414287,WindiWho,"#1Dsell 

wts boynextdoor woonhak leehan taesan myungjae sungho 

❌exc admin + packing 5k
🍊dom gresik jatim

 yuk diangkut☺ https://t.co/2VnSJtanhK",1dsell wts boynextdoor woonhak leehan taesan myungjae sungho exc admin packing 5k dom gresik jatim yuk diangkut,netral,0.996,umum,0.0,0,0,2026-07-06,Gresik,1dsell wts boynextdoor woonhak leehan taesan myungjae sungho exc admin packing 5k dom gresik jatim yuk angkut
2074062769247396115,rince_life,@credOLIN gresik - malang ada kreta Whoosh wkwk,gresik malang ada kreta whoosh wkwk,netral,0.736,umum,1.0,1,0,2026-07-06,Gresik,gresik malang kreta whoosh wkwk
2074060637869855132,Sheshwithpaulus,ada yg dom gresik ga?,ada yg dom gresik ga,netral,0.909,umum,0.0,0,0,2026-07-06,Gresik,dom gresik
2074044093672698102,screamderita,@forcemis sunan gresik maulana malik ibrahim,sunan gresik maulana malik ibrahim,netral,0.988,umum,1.0,1,0,2026-07-06,Gresik,sunan gresik maulana malik ibrahim
2074019862515744774,oopositexxd,"@blckrbbt13 @dwsptqum sepakat rek, semarang ki double panase + polusi seko trek. Nek neng suroboyo kan trek e paling neng daerah gresik, pinggiran lah",sepakat rek semarang ki double panase polusi seko trek nek neng suroboyo kan trek e paling neng daerah gresik pinggiran lah,positif,0.524,bencana,0.0,0,0,2026-07-06,Gresik,sepakat rek semarang ki double panase polusi seko trek nek neng suroboyo kan trek e paling neng daerah gresik pinggir lah
2071576370170483050,lampiran_id,"Gandeng KPKNL Surabaya, Pemkab Gresik Perkuat Pengelolaan Aset dan Sertifikasi Tanah
https://t.co/4e6RD3lQsI",gandeng kpknl surabaya pemkab gresik perkuat pengelolaan aset dan sertifikasi tanah,netral,0.994,pemerintahan,0.0,0,0,2026-06-29,Pemkab Gresik,gandeng kpknl surabaya pemkab gresik kuat kelola aset sertifikasi tanah
2071449659596554681,yuliakhusnul,mending pake boots apa sneakers yaaa??? tp kalo boots bakal gk kepake lagi. mau buat kemana kalo di gresik kota kecil gini,mending pake boots apa sneakers yaaa tp kalo boots bakal gk kepake lagi mau buat kemana kalo di gresik kota kecil gini,positif,0.454,umum,0.0,0,0,2026-06-29,Gresik Kota,mending pake boots apa sneakers yaaa kalo boots bakal kepake mau buat kalo gresik kota kecil gin
2071493921335914519,RadioElshinta,"Ekspor rajungan senilai RP.14-16 miliar dari Gresik, Wamentrans: Produk unggulan kawasan transmigrasi siap tembus pasar global

Gresik - Kementerian Transmigrasi mendorong hilirisasi komoditas rajungan di kawasan transmigrasi untuk memperluas pasar ekspor sekaligus meningkatkan pendapatan nelayan, menyusul pelepasan ekspor rajungan ke Amerika Serikat dari Gresik, Jawa Timur, dengan nilai mencapai sekitar Rp14 miliar hingga Rp16 miliar per kontainer.

Wakil Menteri Transmigrasi Viva Yoga Mauladi mengatakan pelepasan ekspor dilakukan bersama Bupati Gresik Fandi Akhmad Yani dan CEO Aruna Farid Naufal Aslam. Rajungan yang diekspor berasal dari kawasan transmigrasi di Sorong, Papua, Maluku, Maluku Utara, Kabupaten Pasangkayu, Sulawesi Barat, serta sebagian wilayah Pantura, seperti Gresik dan Lamongan.

""Produk unggulan di kawasan transmigrasi bukan hanya tanaman pangan seperti padi dan jagung atau hortikultura seperti durian, tetapi juga perikanan. Salah satunya rajungan yang saat ini kita ekspor ke Amerika Serikat,"" Ujar Wamentrans Viva yoga kepada wartawan setelah melakukan pelepasan ekspor rajungan diwilayah Transmigrasi di Gresik, Jawa timur. Senin (29/06/2026).

Wamentrans Viva yoga mengatakan rajungan menjadi salah satu komoditas perikanan dengan nilai ekonomi tinggi. Aruna sebagai off-taker dinilai berperan membuka akses pasar global sekaligus meningkatkan nilai jual hasil tangkapan nelayan dibandingkan pemasaran secara tradisional.

""Dampaknya secara lokal akan terasa karena off-taker membeli rajungan dengan harga yang relatif lebih mahal. Dengan pendekatan industri dan teknologi, nelayan mendapatkan tambahan pendapatan sehingga kesejahteraan mereka ikut meningkat,"" ujarnya.

Wamentrans Viva yoga menambahkan ekspor rajungan telah dilakukan Aruna secara rutin sebanyak dua kali setiap bulan. Menurut dia, besarnya permintaan pasar Amerika Serikat membuka peluang pengembangan kawasan transmigrasi sebagai sentra produksi sekaligus lokasi hilirisasi komoditas perikanan.

""Hari ini sudah puluhan kali Aruna melakukan ekspor ke Amerika Serikat. Setiap bulan ada dua kali ekspor. Nilainya satu kontainer sekitar Rp14 sampai Rp16 miliar. Rajungan ini sangat menjanjikan dan belum dikembangkan secara masif,"" katanya.

Wamentrans Viva yoga menegaskan Kementerian Transmigrasi akan memperkuat kolaborasi dengan berbagai mitra untuk mengembangkan sektor perikanan di kawasan transmigrasi agar menghasilkan nilai tambah ekonomi dan membuka peluang pembangunan industri pengolahan di daerah.

Sementara itu, Bupati Gresik Fandi Akhmad Yani mengatakan daerahnya siap mendukung pengembangan produk unggulan dari kawasan transmigrasi. Menurut dia, Gresik memiliki infrastruktur industri yang mampu mengolah berbagai komoditas dari Indonesia timur.

""Gresik sangat strategis karena memiliki banyak industri pengolahan produk unggulan dari kawasan transmigrasi, salah satunya rajungan. Ke depan bukan hanya rajungan, tetapi juga komoditas lain seperti kakao dan kopra yang bisa dikembangkan melalui dukungan Kementerian Transmigrasi,"" ujarnya 
(Fae)",ekspor rajungan senilai rp1416 miliar dari gresik wamentrans produk unggulan kawasan transmigrasi siap tembus pasar global gresik kementerian transmigrasi mendorong hilirisasi komoditas rajungan di kawasan transmigrasi untuk memperluas pasar ekspor sekaligus meningkatkan pendapatan nelayan menyusul pelepasan ekspor rajungan ke amerika serikat dari gresik jawa timur dengan nilai mencapai sekitar rp14 miliar hingga rp16 miliar per kontainer wakil menteri transmigrasi viva yoga mauladi mengatakan pelepasan ekspor dilakukan bersama bupati gresik fandi akhmad yani dan ceo aruna farid naufal aslam rajungan yang diekspor berasal dari kawasan transmigrasi di sorong papua maluku maluku utara kabupaten pasangkayu sulawesi barat serta sebagian wilayah pantura seperti gresik dan lamongan produk unggulan di kawasan transmigrasi bukan hanya tanaman pangan seperti padi dan jagung atau hortikultura seperti durian tetapi juga perikanan salah satunya rajungan yang saat ini kita ekspor ke amerika serikat ujar wamentrans viva yoga kepada wartawan setelah melakukan pelepasan ekspor rajungan diwilayah transmigrasi di gresik jawa timur senin 29062026 wamentrans viva yoga mengatakan rajungan menjadi salah satu komoditas perikanan dengan nilai ekonomi tinggi aruna sebagai offtaker dinilai berperan membuka akses pasar global sekaligus meningkatkan nilai jual hasil tangkapan nelayan dibandingkan pemasaran secara tradisional dampaknya secara lokal akan terasa karena offtaker membeli rajungan dengan harga yang relatif lebih mahal dengan pendekatan industri dan teknologi nelayan mendapatkan tambahan pendapatan sehingga kesejahteraan mereka ikut meningkat ujarnya wamentrans viva yoga menambahkan ekspor rajungan telah dilakukan aruna secara rutin sebanyak dua kali setiap bulan menurut dia besarnya permintaan pasar amerika serikat membuka peluang pengembangan kawasan transmigrasi sebagai sentra produksi sekaligus lokasi hilirisasi komoditas perikanan hari ini sudah puluhan kali aruna melakukan ekspor ke amerika serikat setiap bulan ada dua kali ekspor nilainya satu kontainer sekitar rp14 sampai rp16 miliar rajungan ini sangat menjanjikan dan belum dikembangkan secara masif katanya wamentrans viva yoga menegaskan kementerian transmigrasi akan memperkuat kolaborasi dengan berbagai mitra untuk mengembangkan sektor perikanan di kawasan transmigrasi agar menghasilkan nilai tambah ekonomi dan membuka peluang pembangunan industri pengolahan di daerah sementara itu bupati gresik fandi akhmad yani mengatakan daerahnya siap mendukung pengembangan produk unggulan dari kawasan transmigrasi menurut dia gresik memiliki infrastruktur industri yang mampu mengolah berbagai komoditas dari indonesia timur gresik sangat strategis karena memiliki banyak industri pengolahan produk unggulan dari kawasan transmigrasi salah satunya rajungan ke depan bukan hanya rajungan tetapi juga komoditas lain seperti kakao dan kopra yang bisa dikembangkan melalui dukungan kementerian transmigrasi ujarnya fae,netral,0.976,pemerintahan,2.0,0,0,2026-06-29,Bupati Gresik,ekspor rajungan nila rp1416 miliar gresik wamentrans produk unggul kawasan transmigrasi siap tembus pasar global gresik menteri transmigrasi dorong hilir komoditas rajungan kawasan transmigrasi luas pasar ekspor sekaligus tingkat dapat nelayan susul lepas ekspor rajungan amerika serikat gresik jawa timur nilai capai rp14 miliar hingga rp16 miliar per kontainer wakil menteri transmigrasi viva yoga mauladi kata lepas ekspor laku sama bupati gresik fandi akhmad yani ceo aruna farid naufal aslam rajungan ekspor asal kawasan transmigrasi sorong papua malu malu utara kabupaten pasangkayu sulawesi barat bagi wilayah pantura gresik lamongan produk unggul kawasan transmigrasi bukan tanam pangan padi jagung hortikultura durian ikan salah satu rajungan ekspor amerika serikat ujar wamentrans viva yoga wartawan laku lepas ekspor rajungan wilayah transmigrasi gresik jawa timur senin 29062026 wamentrans viva yoga kata rajungan jadi salah satu komoditas ikan nilai ekonomi tinggi aruna offtaker nilai peran buka akses pasar global sekaligus tingkat nilai jual hasil tangkap nelayan banding pasar tradisional dampak lokal asa offtaker beli rajungan harga relatif lebih mahal dekat industri teknologi nelayan dapat tambah dapat sejahtera ikut tingkat ujar wamentrans viva yoga tambah ekspor rajungan laku aruna rutin banyak kali bulan besar minta pasar amerika serikat buka peluang kembang kawasan transmigrasi sentra produksi sekaligus lokasi hilir komoditas ikan hari puluh kali aruna laku ekspor amerika serikat bulan kali ekspor nilai satu kontainer rp14 rp16 miliar rajungan sangat janji kembang masif kata wamentrans viva yoga tegas menteri transmigrasi kuat kolaborasi bagai mitra kembang sektor ikan kawasan transmigrasi hasil nilai tambah ekonomi buka peluang bangun industri olah daerah bupati gresik fandi akhmad yani kata daerah siap dukung kembang produk unggul kawasan transmigrasi gresik milik infrastruktur industri mampu olah bagai komoditas indonesia timur gresik sangat strategis milik banyak industri olah produk unggul kawasan transmigrasi salah satu rajungan depan bukan rajungan komoditas kakao kopra kembang lalu dukung menteri transmigrasi ujar fae
2071484816697221507,kabarbaikdotco,"Festival Nasi Krawu Vol. 4 Cetak Rekor Dunia MURI, Bupati Gresik: Perkuat Identitas Budaya Daerah.

 https://t.co/6806XnfE0L

#kabarbaikdotco #menyapanusantara #viral #newsupdate #gresik https://t.co/NdPWo9Chkp",festival nasi krawu vol 4 cetak rekor dunia muri bupati gresik perkuat identitas budaya daerah kabarbaikdotco menyapanusantara viral newsupdate gresik,netral,0.963,pemerintahan,0.0,0,0,2026-06-29,Bupati Gresik,festival nasi krawu vol 4 cetak rekor dunia muri bupati gresik kuat identitas budaya daerah kabarbaikdotco menyapanusantara viral newsupdate gresik
2071474237425291276,MUI_Gresik,"Sugeng Ambal Warsa Dr. H. Asluchul Alif, M. Kes., M. M., M.H.P Dewan Pertimbangan MUI Gresik
Semoga selalu dianugerahi kesehatan, kekuatan dan keberkahan dalam menjalankan amanah sebagai Wakil Bupati Gresik periode 2025-2030 https://t.co/1Kp27FoFQ6",sugeng ambal warsa dr h asluchul alif m kes m m mhp dewan pertimbangan mui gresik semoga selalu dianugerahi kesehatan kekuatan dan keberkahan dalam menjalankan amanah sebagai wakil bupati gresik periode 20252030,netral,0.863,pemerintahan,0.0,0,0,2026-06-29,Bupati Gresik,sugeng ambal warsa h asluchul alif m kes m m mhp dewan timbang mui gresik moga selalu anugerah sehat kuat berkah jalan amanah wakil bupati gresik periode 20252030
2071423034070868417,fmsuaragresik,Bupati Gresik Sebut Rekor Dunia MURI Festival Nasi Krawu Perkuat Identitas Budaya Gresik || Berita Selengkapnya di website https://t.co/lTM94tH3hO https://t.co/d4pJsfj4sR,bupati gresik sebut rekor dunia muri festival nasi krawu perkuat identitas budaya gresik berita selengkapnya di website,netral,0.977,pemerintahan,0.0,0,0,2026-06-29,Bupati Gresik,bupati gresik sebut rekor dunia muri festival nasi krawu kuat identitas budaya gresik berita lengkap website
2071576224221331946,lampiran_id,"Video Viral ‘Ajak Berantem’ Berbuntut Panjang, Laporan Pelanggaran Etik Ketua DPRD Gresik Dinyatakan Lengkap!
https://t.co/0yLWgdoJYA",video viral ajak berantem berbuntut panjang laporan pelanggaran etik ketua dprd gresik dinyatakan lengkap,netral,0.989,pemerintahan,0.0,0,0,2026-06-29,DPRD Gresik,video viral ajak antem buntut panjang lapor langgar etik ketua dprd gresik nyata lengkap
2071410248779514069,petrogresik,"PetroNite Fest 2026 menjadi ruang tumbuh bagi UMKM lokal, Sahabat! 🎉✨

Sebanyak 670 tenant yang didominasi pelaku UMKM hadir di SOR Tri Dharma Petrokimia Gresik hingga 5 Juli 2026. Kehadiran mereka tidak hanya menghadirkan beragam kuliner dan produk lokal, tetapi juga membuka peluang promosi, memperluas pasar, serta menggerakkan ekonomi masyarakat.

Melalui PetroNite Fest, Petrokimia Gresik turut mendorong penguatan UMKM melalui transaksi digital QRIS serta pelibatan mitra binaan CSR dan Karang Taruna sekitar perusahaan. 💚

Semoga PetroNite Fest 2026 dapat terus menghadirkan manfaat bagi pelaku UMKM dan masyarakat. Yuk, dukung ekonomi lokal dengan berbelanja produk UMKM di PetroNite Fest 2026!

#PetroNiteFest2026 #PetrokimiaGresik #SolusiAgroindustri #UMKM #EkonomiLokal",petronite fest 2026 menjadi ruang tumbuh bagi umkm lokal sahabat sebanyak 670 tenant yang didominasi pelaku umkm hadir di sor tri dharma petrokimia gresik hingga 5 juli 2026 kehadiran mereka tidak hanya menghadirkan beragam kuliner dan produk lokal tetapi juga membuka peluang promosi memperluas pasar serta menggerakkan ekonomi masyarakat melalui petronite fest petrokimia gresik turut mendorong penguatan umkm melalui transaksi digital qris serta pelibatan mitra binaan csr dan karang taruna sekitar perusahaan semoga petronite fest 2026 dapat terus menghadirkan manfaat bagi pelaku umkm dan masyarakat yuk dukung ekonomi lokal dengan berbelanja produk umkm di petronite fest 2026 petronitefest2026 petrokimiagresik solusiagroindustri umkm ekonomilokal,positif,0.57,ekonomi,1.0,0,0,2026-06-29,Petrokimia Gresik,petronite fest 2026 jadi ruang tumbuh umkm lokal sahabat banyak 670 tenant dominasi laku umkm hadir sor tri dharma petrokimia gresik hingga 5 juli 2026 hadir hadir agam kuliner produk lokal buka peluang promosi luas pasar gerak ekonomi masyarakat lalu petronite fest petrokimia gresik turut dorong kuat umkm lalu transaksi digital qris libat mitra bina csr karang taruna usaha moga petronite fest 2026 terus hadir manfaat laku umkm masyarakat yuk dukung ekonomi lokal belanja produk umkm petronite fest 2026 petronitefest2026 petrokimiagresik solusiagroindustri umkm ekonomilokal
2071683393709105314,KlikindonesiaC,"Viral Rekam Jejak Komisaris Krakatau Semen Indonesia, Warganet: Anak Sosmed Jadi Komisaris BUMN? https://t.co/lqyiOfXveU",viral rekam jejak komisaris krakatau semen indonesia warganet anak sosmed jadi komisaris bumn,netral,0.997,industri,0.0,0,0,2026-06-29,Semen Indonesia,viral rekam jejak komisaris krakatau semen indonesia warganet anak sosmed jadi komisaris bumn
2071513691137417508,ComMetrosulteng,"Latar Belakang Ahmad Najmi Shahab Dikuliti Warganet Setelah Diangkat Jadi Komisaris PT Krakatau Semen Indonesia

Baca selengkapnya di: https://t.co/gx5HHZYHkB",latar belakang ahmad najmi shahab dikuliti warganet setelah diangkat jadi komisaris pt krakatau semen indonesia baca selengkapnya di,netral,0.997,industri,0.0,0,0,2026-06-29,Semen Indonesia,latar belakang ahmad najmi shahab kulit warganet angkat jadi komisaris pt krakatau semen indonesia baca lengkap
2071500955535978621,suaradotcom,"Daftar komisaris yang sedang viral dan jadi topik perbincangan panas di X (Twitter) baru-baru ini (akhir Juni 2026)

Mufli Budi Ananda — Asisten Pribadi Raffi Ahmad → Komisaris PT Krakatau Posco (perusahaan patungan PT Krakatau Steel dan POSCO Korea Selatan, industri baja)

Ginka Febriyanti Ginting — Koordinator Nasional BISON (organisasi relawan pendukung Prabowo-Gibran) → Komisaris PT Pertamina Retail (anak usaha Pertamina yang mengelola SPBU ritel)

Ahmad Najmi Shahab — tim kreatif & sosial media di Rumah Besar Relawan Prabowo → Komisaris PT Krakatau Semen Indonesia

Sudaryono — Wakil Menteri Pertanian → Komisaris Utama PT Pupuk Indonesia

Giring Ganesha — Wakil Menteri Kebudayaan → Komisaris PT GMF AeroAsia

Angga Raka Prabowo — Wakil Menteri Komunikasi dan Digital → Komisaris Utama PT Telkom Indonesia

Ossy Dermawan — Wakil Menteri ATR/BPN → Komisaris PT Telkom Indonesia

Fahri Hamzah — Wakil Menteri Perumahan dan Kawasan Permukiman → Komisaris PT Bank Tabungan Negara (BTN)

Suahasil Nazara — Wakil Menteri Keuangan → Wakil Komisaris Utama PT PLN

Helvy Yuni Moraza — Wakil Menteri UMKM → Komisaris PT Bank Rakyat Indonesia (BRI)

Diana Kusumastuti — Wakil Menteri Pekerjaan Umum → Komisaris PT Brantas Abipraya

Yuliot Tanjung — Wakil Menteri ESDM → Komisaris PT Bank Mandiri

Didit Herdiawan — Wakil Menteri Kelautan dan Perikanan → Komisaris Utama PT Perikanan Indonesia

Suntana — Wakil Menteri Perhubungan → Wakil Komisaris Utama PT Pelindo

Dante Saksono Harbuwono — Wakil Menteri Kesehatan → Komisaris PT Pertamina Bina Medika

Donny Ermawan Taufanto — Wakil Menteri Pertahanan → Komisaris Utama PT Dahana

Christina Aryani — Wakil Menteri Pelindungan Pekerja Migran Indonesia → Komisaris PT Semen Indonesia

Diaz Hendropriyono — Wakil Menteri Lingkungan Hidup → Komisaris Utama PT Telkomsel

Ahmad Riza Patria — Wakil Menteri Desa dan Pembangunan Daerah Tertinggal → Komisaris PT Telkomsel

Dyah Roro Esti Widya Putri — Wakil Menteri Perdagangan → Komisaris Utama PT Sarinah

Todotua Pasaribu — Wakil Menteri Investasi/BKPM → Wakil Komisaris Utama PT Pertamina

Ratu Isyana Bagoes Oka — Wakil Menteri Kependudukan dan Pembangunan Keluarga → Komisaris PT Mitratel

Juri Ardiantoro — Wakil Menteri Sekretaris Negara → Komisaris Utama PT Jasa Marga

Veronica Tan — Wakil Menteri Pemberdayaan Perempuan dan Perlindungan Anak → Komisaris PT Citilink Indonesia

Taufik Hidayat — Wakil Menteri Pemuda dan Olahraga → Komisaris PT PLN Energi Primer Indonesia

Arif Havas Oegroseno — Wakil Menteri Luar Negeri → Komisaris PT Pertamina International Shipping

Stella Christie — Wakil Menteri Pendidikan Tinggi, Sains, dan Teknologi → Komisaris PT Pertamina Hulu Energi

-NS",daftar komisaris yang sedang viral dan jadi topik perbincangan panas di x twitter barubaru ini akhir juni 2026 mufli budi ananda asisten pribadi raffi ahmad komisaris pt krakatau posco perusahaan patungan pt krakatau steel dan posco korea selatan industri baja ginka febriyanti ginting koordinator nasional bison organisasi relawan pendukung prabowogibran komisaris pt pertamina retail anak usaha pertamina yang mengelola spbu ritel ahmad najmi shahab tim kreatif sosial media di rumah besar relawan prabowo komisaris pt krakatau semen indonesia sudaryono wakil menteri pertanian komisaris utama pt pupuk indonesia giring ganesha wakil menteri kebudayaan komisaris pt gmf aeroasia angga raka prabowo wakil menteri komunikasi dan digital komisaris utama pt telkom indonesia ossy dermawan wakil menteri atrbpn komisaris pt telkom indonesia fahri hamzah wakil menteri perumahan dan kawasan permukiman komisaris pt bank tabungan negara btn suahasil nazara wakil menteri keuangan wakil komisaris utama pt pln helvy yuni moraza wakil menteri umkm komisaris pt bank rakyat indonesia bri diana kusumastuti wakil menteri pekerjaan umum komisaris pt brantas abipraya yuliot tanjung wakil menteri esdm komisaris pt bank mandiri didit herdiawan wakil menteri kelautan dan perikanan komisaris utama pt perikanan indonesia suntana wakil menteri perhubungan wakil komisaris utama pt pelindo dante saksono harbuwono wakil menteri kesehatan komisaris pt pertamina bina medika donny ermawan taufanto wakil menteri pertahanan komisaris utama pt dahana christina aryani wakil menteri pelindungan pekerja migran indonesia komisaris pt semen indonesia diaz hendropriyono wakil menteri lingkungan hidup komisaris utama pt telkomsel ahmad riza patria wakil menteri desa dan pembangunan daerah tertinggal komisaris pt telkomsel dyah roro esti widya putri wakil menteri perdagangan komisaris utama pt sarinah todotua pasaribu wakil menteri investasibkpm wakil komisaris utama pt pertamina ratu isyana bagoes oka wakil menteri kependudukan dan pembangunan keluarga komisaris pt mitratel juri ardiantoro wakil menteri sekretaris negara komisaris utama pt jasa marga veronica tan wakil menteri pemberdayaan perempuan dan perlindungan anak komisaris pt citilink indonesia taufik hidayat wakil menteri pemuda dan olahraga komisaris pt pln energi primer indonesia arif havas oegroseno wakil menteri luar negeri komisaris pt pertamina international shipping stella christie wakil menteri pendidikan tinggi sains dan teknologi komisaris pt pertamina hulu energi ns,netral,0.986,pemerintahan,24.0,10,11,2026-06-29,Semen Indonesia,daftar komisaris sedang viral jadi topik bincang panas x twitter barubaru akhir juni 2026 mufli budi ananda asisten pribadi raffi ahmad komisaris pt krakatau posco usaha patungan pt krakatau steel posco korea selatan industri baja ginka febriyanti ginting koordinator nasional bison organisasi rawan dukung prabowogibran komisaris pt pertamina retail anak usaha pertamina kelola spbu ritel ahmad najmi shahab tim kreatif sosial media rumah besar rawan prabowo komisaris pt krakatau semen indonesia sudaryono wakil menteri tani komisaris utama pt pupuk indonesia giring ganesha wakil menteri budaya komisaris pt gmf aeroasia angga raka prabowo wakil menteri komunikasi digital komisaris utama pt telkom indonesia ossy dermawan wakil menteri atrbpn komisaris pt telkom indonesia fahri hamzah wakil menteri rumah kawasan mukim komisaris pt bank tabung negara btn suahasil nazara wakil menteri uang wakil komisaris utama pt pln helvy yuni moraza wakil menteri umkm komisaris pt bank rakyat indonesia bri ana kusumastuti wakil menteri kerja umum komisaris pt brantas abipraya yuliot tanjung wakil menteri esdm komisaris pt bank mandiri didit herdiawan wakil menteri laut ikan komisaris utama pt ikan indonesia suntana wakil menteri hubung wakil komisaris utama pt pelindo dante saksono harbuwono wakil menteri sehat komisaris pt pertamina bina medika donny ermawan taufanto wakil menteri tahan komisaris utama pt dahana christina aryani wakil menteri lindung kerja migran indonesia komisaris pt semen indonesia diaz hendropriyono wakil menteri lingkung hidup komisaris utama pt telkomsel ahmad riza patria wakil menteri desa bangun daerah tinggal komisaris pt telkomsel dyah roro esti widya putri wakil menteri dagang komisaris utama pt sarinah todotua pasaribu wakil menteri investasibkpm wakil komisaris utama pt pertamina ratu isyana bagoes oka wakil menteri duduk bangun keluarga komisaris pt mitratel juri ardiantoro wakil menteri sekretaris negara komisaris utama pt jasa marga veronica tan wakil menteri daya perempuan lindung anak komisaris pt citilink indonesia taufik hidayat wakil menteri pemuda olahraga komisaris pt pln energi primer indonesia arif havas oegroseno wakil menteri luar negeri komisaris pt pertamina international shipping stella christie wakil menteri didik tinggi sains teknologi komisaris pt pertamina hulu energi ns
2071494593800294510,DklikNews,Ahmad Najmi Shahab Ikut Dikuliti Warganet Usai Viral jadi Komisaris PT Krakatau Semen Indonesia https://t.co/fhu7VhFZD1,ahmad najmi shahab ikut dikuliti warganet usai viral jadi komisaris pt krakatau semen indonesia,netral,0.997,industri,0.0,0,0,2026-06-29,Semen Indonesia,ahmad najmi shahab ikut kulit warganet usai viral jadi komisaris pt krakatau semen indonesia
2071481289203699715,democrazymedia,"Geger Bagi-Bagi Kursi! Penunjukan Komisaris Krakatau Semen Indonesia Jadi Sorotan, Ternyata Eks Tim Kreatif Relawan Prabowo
https://t.co/zwtx0156o5",geger bagibagi kursi penunjukan komisaris krakatau semen indonesia jadi sorotan ternyata eks tim kreatif relawan prabowo,netral,0.997,industri,13.0,1,9,2026-06-29,Semen Indonesia,geger bagibagi kursi tunjuk komisaris krakatau semen indonesia jadi sorot nyata eks tim kreatif rawan prabowo
2071450178406797530,Lakauong,"@SarjanaEksu Menurut saya harusnya KRSI bubarkan saja, lagipula BUMN masih punya Semen Indonesia. 😬",menurut saya harusnya krsi bubarkan saja lagipula bumn masih punya semen indonesia,negatif,0.91,industri,0.0,0,0,2026-06-29,Semen Indonesia,harus krsi bubar lagipula bumn punya semen indonesia
2071564818683973783,MineIndo,"Langkah menarik diambil oleh PT Freeport Indonesia (PTFI) yang tidak hanya berfokus pada operasional Smelter berkala besar di Java Integrated Industrial and Ports Estate (JIIPE) Gresik, tetapi juga aktif menginisiasi program pemulihan lingkungan. https://t.co/mAXS2JJlU1",langkah menarik diambil oleh pt freeport indonesia ptfi yang tidak hanya berfokus pada operasional smelter berkala besar di java integrated industrial and ports estate jiipe gresik tetapi juga aktif menginisiasi program pemulihan lingkungan,netral,0.995,industri,0.0,1,0,2026-06-29,JIIPE,langkah tarik ambil pt freeport indonesia ptfi fokus operasional smelter kala besar java integrated industrial and ports estate jiipe gresik aktif inisiasi program pulih lingkung
2071526510062866588,failedtostate,"@dittolongdit Banyak kawasan industri di Jatim. Dari PIER, JIIPE, Pandaan, Tuban, dll. Bisa lihat jga performa Pelabuhan nonpetikemas",banyak kawasan industri di jatim dari pier jiipe pandaan tuban dll bisa lihat jga performa pelabuhan nonpetikemas,netral,0.98,infrastruktur,5.0,0,1,2026-06-29,JIIPE,banyak kawasan industri jatim pier jiipe pandaan tuban lihat jga performa labuh nonpetikemas
2071433272937283904,Indonesia_SEZ,"Pemerintah memperkuat kolaborasi Dewan Nasional KEK dan BPS untuk meningkatkan kualitas data ekonomi kawasan.
Upaya tsb dilakukan melalui Rapat Koordinasi Reviu Data dan Kajian Dampak Ekonomi di KEK yang diselenggarakan di Kantor BUPP KEK Gresik (JIIPE). https://t.co/ppKn2DSSrz",pemerintah memperkuat kolaborasi dewan nasional kek dan bps untuk meningkatkan kualitas data ekonomi kawasan upaya tsb dilakukan melalui rapat koordinasi reviu data dan kajian dampak ekonomi di kek yang diselenggarakan di kantor bupp kek gresik jiipe,netral,0.996,pemerintahan,0.0,1,0,2026-06-29,JIIPE,perintah kuat kolaborasi dewan nasional kek bps tingkat kualitas data ekonomi kawasan upaya tsb laku lalu rapat koordinasi reviu data kaji dampak ekonomi kek selenggara kantor bupp kek gresik jiipe
2072009915766558860,Miciiyyaw,@xcioza PANTAI DELEGAN!! kamu tau kah?,pantai delegan kamu tau kah,positif,0.573,wisata,0.0,0,0,2026-06-30,Pantai Delegan,pantai deg kamu tau
2071573607436943466,nugresik,Pengajian Kitab Sulamut Taufiq MWCNU Kebomas Gresik Tekankan Pentingnya Menjaga Pandangan dan Bijak Bermedia Sosial https://t.co/2Imo3XhIub,pengajian kitab sulamut taufiq mwcnu kebomas gresik tekankan pentingnya menjaga pandangan dan bijak bermedia sosial,netral,0.994,umum,0.0,0,0,2026-06-29,Kebomas Gresik,aji kitab sulamut taufiq mwcnu kebomas gresik tekan penting jaga pandang bijak media sosial
2071739066325057785,nugresik,KH Nur Huddin dan H. Imam Ashadi Pimpin Jamiyyah MWCNU Driyorejo Gresik 2026–2031 https://t.co/fOLUNzS6Of,kh nur huddin dan h imam ashadi pimpin jamiyyah mwcnu driyorejo gresik 20262031,netral,0.998,umum,0.0,0,0,2026-06-29,Driyorejo Gresik,kh nur huddin h imam ashadi pimpin jamiyyah mwcnu driyorejo gresik 20262031
2071573282743288259,nugresik,MWCNU Driyorejo Gresik Gelar Pelantikan PRNU Serentak dan Konferensi Masa Khidmat 2026–2031 https://t.co/gD9WnOSXU4,mwcnu driyorejo gresik gelar pelantikan prnu serentak dan konferensi masa khidmat 20262031,netral,0.997,umum,0.0,0,0,2026-06-29,Driyorejo Gresik,mwcnu driyorejo gresik gelar lantik prnu serentak konferensi masa khidmat 20262031
2071739154304803322,nugresik,"Banser Sepuh Menganti Gresik Mbah Jais Tutup Usia, Semangat Pengabdiannya Menjadi Teladan bagi Kader Muda https://t.co/kvOAv0KJli",banser sepuh menganti gresik mbah jais tutup usia semangat pengabdiannya menjadi teladan bagi kader muda,netral,0.962,umum,0.0,0,0,2026-06-29,Menganti Gresik,banser sepuh anti gresik mbah jais tutup usia semangat abdi jadi teladan kader muda
2071573677825741293,nugresik,"MWCNU Cerme Gresik Jadi Tuan Rumah Mapping Profiling Zona Selatan, Teguhkan Komitmen Perkuat Ranting sebagai Pondasi Jam’iyah https://t.co/SaUUiE34dP",mwcnu cerme gresik jadi tuan rumah mapping profiling zona selatan teguhkan komitmen perkuat ranting sebagai pondasi jamiyah,netral,0.904,umum,0.0,0,0,2026-06-29,Cerme Gresik,mwcnu cerme gresik jadi tuan rumah mapping profiling zona selatan teguh komitmen kuat ranting pondasi jamiyah
2071489285862392003,e100ss,"Mohon bantuannya, Kawan.
Sepuluh pendengar Radio Suara Surabaya melaporkan kehilangan sepeda motor hari ini (29/6/2026) pk. 00.00-14.00 WIB:

1. Beat, 2020, W 2587 NFF. Hilang di daerah Tempel Sidoarjo pada Minggu (28/6/2026) sekitar pukul 18.51 WIB;
2. Beat, hitam, L 2262 **. Hilang di daerah Sutorejo Mulyosari sekitar pukul 06.45 WIB;
3. PCX, 2026, mahogani cokelat keemasan, S 2837 JDG. Hilang di daerah Karangbinangun Lamongan, sekitar pukul 02.55 WIB. Sudah lapor Polsek Karangbinangun;
4. Beat, 2014, oranye-putih, L 4439 S. Hilang di daerah Jalan Sumbawa Gubeng pada Kamis (25/6/2026) sekitar pukul 22.00 WIB. Sudah lapor Polsek Gubeng;
5. Scoopy, 2018, merah, AG 5975 OY. Hilang di apotek daerah Sukolilo. pada Minggu (28/6/2026) sekitar pukul 20.36 WIB. Sudah lapor Polsek Sukolilo;
6. Beat, 2019, W 3317 ZO. Hilang di daerah Mojoagung Jombang pada Senin (15/6/2026). Sudah lapor Polsek Mojoagung;
7. Beat, Silver, W 4402 EE. Hilang di daerah Cerme Gresik pada Minggu (28/6/2026) sekitar pukul 21.30 WIB. 
8. Beat, 2025, hitam-abu metalik, W 3458 NGM. Hilang di daerah Tambakoso Sidoarjo sekitar pukul 11.51 WIB;
9. Vario, merah-hitam, L 6501 CAH. Hilang di daerah Kenjeran pada Minggu (28/6/2026) sekitar pukul 06.00 WIB;
10. Beat, 2024, merah-hitam, W 2602 NFG. Hilang di daerah Bangah Sidoarjo. (ss-af)",mohon bantuannya kawan sepuluh pendengar radio suara surabaya melaporkan kehilangan sepeda motor hari ini 2962026 pk 00001400 wib 1 beat 2020 w 2587 nff hilang di daerah tempel sidoarjo pada minggu 2862026 sekitar pukul 1851 wib 2 beat hitam l 2262 hilang di daerah sutorejo mulyosari sekitar pukul 0645 wib 3 pcx 2026 mahogani cokelat keemasan s 2837 jdg hilang di daerah karangbinangun lamongan sekitar pukul 0255 wib sudah lapor polsek karangbinangun 4 beat 2014 oranyeputih l 4439 s hilang di daerah jalan sumbawa gubeng pada kamis 2562026 sekitar pukul 2200 wib sudah lapor polsek gubeng 5 scoopy 2018 merah ag 5975 oy hilang di apotek daerah sukolilo pada minggu 2862026 sekitar pukul 2036 wib sudah lapor polsek sukolilo 6 beat 2019 w 3317 zo hilang di daerah mojoagung jombang pada senin 1562026 sudah lapor polsek mojoagung 7 beat silver w 4402 ee hilang di daerah cerme gresik pada minggu 2862026 sekitar pukul 2130 wib 8 beat 2025 hitamabu metalik w 3458 ngm hilang di daerah tambakoso sidoarjo sekitar pukul 1151 wib 9 vario merahhitam l 6501 cah hilang di daerah kenjeran pada minggu 2862026 sekitar pukul 0600 wib 10 beat 2024 merahhitam w 2602 nfg hilang di daerah bangah sidoarjo ssaf,netral,0.962,infrastruktur,5.0,2,1,2026-06-29,Cerme Gresik,mohon bantu kawan puluh dengar radio suara surabaya lapor hilang sepeda motor hari 2962026 pk 00001400 wib 1 beat 2020 w 2587 nff hilang daerah tempel sidoarjo minggu 2862026 pukul 1851 wib 2 beat hitam l 2262 hilang daerah sutorejo mulyosari pukul 0645 wib 3 pcx 2026 mahogani cokelat emas s 2837 jdg hilang daerah karangbinangun lamongan pukul 0255 wib lapor polsek karangbinangun 4 beat 2014 oranyeputih l 4439 s hilang daerah jalan sumbawa gubeng kamis 2562026 pukul 2200 wib lapor polsek gubeng 5 scoopy 2018 merah ag 5975 oy hilang apotek daerah sukolilo minggu 2862026 pukul 2036 wib lapor polsek sukolilo 6 beat 2019 w 3317 zo hilang daerah mojoagung jombang senin 1562026 lapor polsek mojoagung 7 beat silver w 4402 ee hilang daerah cerme gresik minggu 2862026 pukul 2130 wib 8 beat 2025 hitamabu metalik w 3458 ngm hilang daerah tambakoso sidoarjo pukul 1151 wib 9 vario merahhitam l 6501 cah hilang daerah kenjeran minggu 2862026 pukul 0600 wib 10 beat 2024 merahhitam w 2602 nfg hilang daerah bangah sidoarjo ssaf
2071529647213609375,e100ss,16.38: Info awal #kecelakaan di Duduksampeyan Gresik arah Lamongan. Posisinya satu lajur kanan tertutup. (ss-tm) https://t.co/VH3x9lhc2A,1638 info awal kecelakaan di duduksampeyan gresik arah lamongan posisinya satu lajur kanan tertutup sstm,netral,0.998,umum,4.0,1,0,2026-06-29,Duduksampeyan Gresik,1638 info awal celaka duduksampeyan gresik arah lamongan posisi satu lajur kanan tutup sstm
2071443755488727131,e100ss,"11.00:
1. Kawasan Sidayu Gresik macet dua arah imbas ada aktivitas perbaikan jalan. Lalu lintas diatur contraflow;
2. Romokalisari arah Jalan Veteran gresik macet;
3. Persimpangan Nippon Paint Gresik macet;
4. Karang Pilang Barat macet dua arah;
5. Tol Gunungsari arah Perak macet imbas kecelakaan beruntun di KM 16. Waspada ketika melintas, Kawan. (ss-af)",1100 1 kawasan sidayu gresik macet dua arah imbas ada aktivitas perbaikan jalan lalu lintas diatur contraflow 2 romokalisari arah jalan veteran gresik macet 3 persimpangan nippon paint gresik macet 4 karang pilang barat macet dua arah 5 tol gunungsari arah perak macet imbas kecelakaan beruntun di km 16 waspada ketika melintas kawan ssaf,netral,0.714,infrastruktur,2.0,0,0,2026-06-29,Sidayu Gresik,1100 1 kawasan sidayu gresik macet arah imbas aktivitas baik jalan lalu lintas atur contraflow 2 romokalisari arah jalan veteran gresik macet 3 simpang nippon paint gresik macet 4 karang pilang barat macet arah 5 tol gunungsari arah perak macet imbas celaka untun km 16 waspada lintas kawan ssaf
2071384470851317912,e100ss,"#SSInfo: Mulai 04 Juli 2026 hingga 19 September 2026, akan ada rekayasa lalu lintas di kawasan Legundi Gresik imbas aktivitas pelebaran jalan. 

Arif Hidayat Staff Dinas PU Bina Marga Provinsi Jatim mengabarkan, akan ada penutupan satu lajur dari Wringinanom Gresik arah Simpang Legundi. Sedangkan, jalur sebaliknya tetap terbuka. (ss-af)",ssinfo mulai 04 juli 2026 hingga 19 september 2026 akan ada rekayasa lalu lintas di kawasan legundi gresik imbas aktivitas pelebaran jalan arif hidayat staff dinas pu bina marga provinsi jatim mengabarkan akan ada penutupan satu lajur dari wringinanom gresik arah simpang legundi sedangkan jalur sebaliknya tetap terbuka ssaf,netral,0.996,pemerintahan,13.0,2,5,2026-06-29,Wringinanom Gresik,ssinfo mulai 04 juli 2026 hingga 19 september 2026 rekayasa lalu lintas kawasan legundi gresik imbas aktivitas lebar jalan arif hidayat staff dinas pu bina marga provinsi jatim abar tutup satu lajur wringinanom gresik arah simpang legundi jalur balik tetap buka ssaf
2074333592453517625,DjoeKang2907,"@aiskwimlopers Hay Ais salam kenal 
Aku juga anak desa 
Sekarang kerja nguli di gresik",hay ais salam kenal aku juga anak desa sekarang kerja nguli di gresik,netral,0.756,umum,0.0,0,0,2026-07-07,Gresik,hay ais salam kenal aku anak desa sekarang kerja nguli gresik
2074331419858620693,TsuKei2227,"Semilyar di Gresik buat bangun patung ""gajah"" 😅",semilyar di gresik buat bangun patung gajah,netral,0.995,umum,0.0,0,0,2026-07-07,Gresik,semilyar gresik buat bangun patung gajah
2074148523780833690,txtdrimedia,https://t.co/8T3h0vY77k,,netral,0.0,umum,1169.0,58,134,2026-07-06,Gresik,
2074327152380752274,cruzozzan,@jehaes_ Sik sik sik gresik,sik sik sik gresik,netral,0.719,umum,0.0,1,0,2026-07-07,Gresik,sik sik sik gresik
2074324829067743592,HumasGresik,"Dalam rangka Haul XIV KH. Moh. Munawwar Adnan Kholil RA, diperkirakan akan terjadi peningkatan arus kendaraan di sekitar Jl. KH. Syafi’i, Ponpes Daruttaqwa 3.

🗓 Senin, 6 Juli 2026
🕕 18.00–23.00 WIB

#SatlantasPolresGresik #InfoLaluLintas #HaulXIV #Daruttaqwa #Gresik https://t.co/FF5bQhBaUB",dalam rangka haul xiv kh moh munawwar adnan kholil ra diperkirakan akan terjadi peningkatan arus kendaraan di sekitar jl kh syafii ponpes daruttaqwa 3 senin 6 juli 2026 18002300 wib satlantaspolresgresik infolalulintas haulxiv daruttaqwa gresik,netral,0.997,umum,0.0,1,0,2026-07-07,Gresik,rangka haul xiv kh moh munawwar adnan kholil ra kira jadi tingkat arus kendara jl kh syafii ponpes daruttaqwa 3 senin 6 juli 2026 18002300 wib satlantaspolresgresik infolalulintas haulxiv daruttaqwa gresik
2074324193886535951,papichulioo97,"kalau mau freelance bisa komen atau dm 
cocok juga buat anak kuliah ‼️ 

sekali project 100k 

#surabaya #freelancesurabaya #freelancesidoarjo #freelancegresik #sidoarjo #gresik",kalau mau freelance bisa komen atau dm cocok juga buat anak kuliah sekali project 100k surabaya freelancesurabaya freelancesidoarjo freelancegresik sidoarjo gresik,netral,0.916,umum,0.0,0,0,2026-07-07,Gresik,kalau mau freelance komen dm cocok buat anak kuliah sekali project 100k surabaya freelancesurabaya freelancesidoarjo freelancegresik sidoarjo gresik
2074319544211194347,KabarDesaid,Material Galian C Ilegal dari Wringinanom Jadi Urug di Desa Mojosarirejo Gresik https://t.co/5YKXinOEJT,material galian c ilegal dari wringinanom jadi urug di desa mojosarirejo gresik,netral,0.996,umum,0.0,0,0,2026-07-07,Gresik,material gali c ilegal wringinanom jadi urug desa mojosarirejo gresik
2074318931855343629,papichulioo97,@obliviatee_11 Halo kakak nya stay daerah mana? Aku ada khusus di daerah surabaya gresik sidoarjo sih kak,halo kakak nya stay daerah mana aku ada khusus di daerah surabaya gresik sidoarjo sih kak,netral,0.977,umum,0.0,1,0,2026-07-07,Gresik,halo kakak nya stay daerah mana aku khusus daerah surabaya gresik sidoarjo sih kak
2074317217534218303,anggoro80984,"@sekedar_fantasi Dispeak seng Alus ...trus diajak muter -2 tekan Gresik.
Apartemen wes ready",dispeak seng alus trus diajak muter 2 tekan gresik apartemen wes ready,netral,0.652,umum,0.0,1,0,2026-07-07,Gresik,dispeak seng alus trus ajak muter 2 tekan gresik apartemen wes ready
2074311080298647691,alfonsus73,@jessicathayyaaa Gresik pride,gresik pride,netral,0.508,umum,0.0,0,0,2026-07-07,Gresik,gresik pride
2074308269284507840,Lintasperkoro,"Tanah yang bersumber dari galian c ilegal dijadikan material urug di Desa Mojosarirejo, Kecamatan Driyorejo, Kabupaten Gresik. Sumbernya berasal dari galian c yang berada di area pabrik PT Bahagia Steel, beralamat di  Wringinanom, Kabupaten Gresik.

https://t.co/y3lihSL6WU",tanah yang bersumber dari galian c ilegal dijadikan material urug di desa mojosarirejo kecamatan driyorejo kabupaten gresik sumbernya berasal dari galian c yang berada di area pabrik pt bahagia steel beralamat di wringinanom kabupaten gresik,netral,0.994,ekonomi,0.0,0,0,2026-07-07,Gresik,tanah sumber gali c ilegal jadi material urug desa mojosarirejo camat driyorejo kabupaten gresik sumber asal gali c ada area pabrik pt bahagia steel alamat wringinanom kabupaten gresik
2074288717532213272,regnhan,"wts dijual rice cooker magic com cosmos 0,3liter, tanya harga dm, minus pemakaian aja satu semester, bisa co tokped, pengiriman dr gresik bisa 7.7 tanggal kembar",wts dijual rice cooker magic com cosmos 03liter tanya harga dm minus pemakaian aja satu semester bisa co tokped pengiriman dr gresik bisa 77 tanggal kembar,netral,0.991,ekonomi,0.0,0,0,2026-07-07,Gresik,wts jual rice cooker magic com cosmos 03liter tanya harga dm minus pakai satu semester co tokped kirim gresik 77 tanggal kembar
2041437863724962050,regnhan,"wts dijual rice cooker magic com cosmos 0,3liter, tanya harga dm, minus pemakaian aja satu semester, dom malang https://t.co/Se4PoxWhJq",wts dijual rice cooker magic com cosmos 03liter tanya harga dm minus pemakaian aja satu semester dom malang,netral,0.996,ekonomi,2.0,3,0,2026-04-07,Gresik,wts jual rice cooker magic com cosmos 03liter tanya harga dm minus pakai satu semester dom malang
2074280523334332557,tehtehapayang,"2013an aku pernah iseng nanya ke 1 pengemis didaerah Gresik depan pasar sidomoro yg warlok nyebut pasar krempyeng, ""semaleman gini dapat berapa bu?"" Dan beliau jawab ""wah skrg udah ga banyak mas cuman 600rb sehari, dulu bisa 2x lipat"".",2013an aku pernah iseng nanya ke 1 pengemis didaerah gresik depan pasar sidomoro yg warlok nyebut pasar krempyeng semaleman gini dapat berapa bu dan beliau jawab wah skrg udah ga banyak mas cuman 600rb sehari dulu bisa 2x lipat,netral,0.957,ekonomi,0.0,1,0,2026-07-06,Gresik,2013an aku pernah iseng nanya 1 emis daerah gresik depan pasar sidomoro warlok nyebut pasar krempyeng maleman gin berapa bu beliau jawab wah skrg udah banyak mas cuman 600rb hari dulu 2x lipat
2074253291769499694,nugresik,"16 PR Fatayat NU Anak Cabang Gresik Resmi Dilantik, Ketua PC Fatayat NU Ajak Rawat Makam Nyai Chuzaimah https://t.co/GvSZPuuC4y",16 pr fatayat nu anak cabang gresik resmi dilantik ketua pc fatayat nu ajak rawat makam nyai chuzaimah,netral,0.997,umum,0.0,0,0,2026-07-06,Gresik,16 pr fatayat nu anak cabang gresik resmi lantik ketua pc fatayat nu ajak rawat makam nyai chuzaimah
2074209201304600971,Milesonmars,"@Elpisnz Ini namanya nasgor kediri bang, wkwk cmn jualnya di kota gresik 🤣",ini namanya nasgor kediri bang wkwk cmn jualnya di kota gresik,netral,0.63,umum,0.0,1,0,2026-07-06,Gresik,nama nasgor diri bang wkwk cmn jual kota gresik
2074198372244975791,Teddyty_,@AdmiralDajjal @MasMasBiassaa @velixtzy pochinki luwih cocok dadi gresik,pochinki luwih cocok dadi gresik,positif,0.981,pendidikan,0.0,0,0,2026-07-06,Gresik,pochinki luwih cocok dadi gresik
2074499177917419675,desk_6790,"Here people are abusing our PM but he is right. One of the nine saints (Wali Sango), who introduced Islam to Indonesia, was a Gujarati merchant - Sunan Gresik (Maulana Ibrahim).",here people are abusing our pm but he is right one of the nine saints wali sango who introduced islam to indonesia was a gujarati merchant sunan gresik maulana ibrahim,netral,0.787,umum,8.0,0,3,2026-07-07,Gresik,here people are abusing our pm but he is right one of the nine saints wali sango who introduced islam to indonesia was a gujarati merchant sunan gresik maulana ibrahim
2074431139578876319,sidhant,"Traders, Sages from India's Gujarat brought values of Islam to Indonesia, PM Modi tells Indonesian Parliament https://t.co/ZFhgoN6cAb",traders sages from indias gujarat brought values of islam to indonesia pm modi tells indonesian parliament,netral,0.993,umum,759.0,88,82,2026-07-07,Gresik,traders sages from indias gujarat brought values of islam to indonesia pm modi tells indonesian parliament
2074493215676432529,Menjjulang,"@SobatBandar Iya ya. Aftersales agak menurun gak sih. Di jawa tengah dan jawa timur aja udh menutup aftersales service yg di madiun, gresik dan magelang tutup. Nah kenapa bisa gitu?? Mohon info @Hyundai_ID",iya ya aftersales agak menurun gak sih di jawa tengah dan jawa timur aja udh menutup aftersales service yg di madiun gresik dan magelang tutup nah kenapa bisa gitu mohon info,netral,0.993,umum,0.0,0,0,2026-07-07,Gresik,iya aftersales turun gak sih jawa tengah jawa timur tutup aftersales service madiun gresik magelang tutup nah gitu mohon info
2074484636026356185,sukabearcandaaa,"Capek banget  2 hari ini, PP nganjuk-sby-nganjuk-gresik-nganjuk… 🥹😩",capek banget 2 hari ini pp nganjuksbynganjukgresiknganjuk,negatif,0.996,umum,0.0,0,0,2026-07-07,Gresik,capek banget 2 hari pp nganjuksbynganjukgresiknganjuk
2074483066396168534,Breakspear066,"@karirfess Konsultan perencana, dulu di gresik UMR gresik sekarang balik ke kampung halanan ya sesuau UMR sini. GA SAMPE 2 JT. Untung bapakku kaya, kalo bapakku ga kaya ga mau saya pulang kampung🤣",konsultan perencana dulu di gresik umr gresik sekarang balik ke kampung halanan ya sesuau umr sini ga sampe 2 jt untung bapakku kaya kalo bapakku ga kaya ga mau saya pulang kampung,positif,0.754,umum,0.0,1,0,2026-07-07,Gresik,konsultan rencana dulu gresik umr gresik sekarang balik kampung halanan sesuau umr sini sampe 2 jt untung bapak kaya kalo bapak kaya mau pulang kampung
2074481541585965145,credOLIN,"@rekaarrahmat Iya, kalau skrg ini krn saya domisilinya di Gresik setau saya di sini disebutnya rangin, Kak.",iya kalau skrg ini krn saya domisilinya di gresik setau saya di sini disebutnya rangin kak,netral,0.993,bencana,0.0,1,0,2026-07-07,Gresik,iya kalau skrg domisili gresik tau sini sebut rangin kak
2074478589786132923,deealova_,@credOLIN lho baru tau kak olin wong gresik juga 😭,lho baru tau kak olin wong gresik juga,netral,0.893,umum,1.0,1,0,2026-07-07,Gresik,lho baru tau kak olin wong gresik
2074474635744493674,_Itsyol,"Gresik New Open Beb 🫶 
#availgresik #bogresik 
#openbogresik https://t.co/s13auMkpv7",gresik new open beb availgresik bogresik openbogresik,netral,0.995,umum,1.0,0,1,2026-07-07,Gresik,gresik new open beb availgresik bogresik openbogresik
2073060958692684085,KemenkoInfra,"Permukiman yang layak tidak sekadar pembangunan fisik, tetapi juga dibutuhkan kolaborasi.

Sekretaris Kemenko Infrastruktur, Ayodhia G.L. Kalake dan Sesdep Bidang Perumahan dan Kawasan Permukiman, Novia Fitriyati meninjau pelaksanaan Dana Alokasi Khusus (DAK) Tematik Pengentasan Permukiman Kumuh Terpadu (PPKT) di Desa Campurejo, Kabupaten Gresik, sebagai bagian dari evaluasi sekaligus upaya mendorong replikasi praktik baik di berbagai daerah.

Melalui pendekatan kolaboratif, penanganan kawasan dilakukan secara menyeluruh, mulai dari pembangunan dan peningkatan kualitas rumah, jalan lingkungan, drainase, penyediaan air minum, IPAL komunal, hingga pengelolaan persampahan. Keberhasilan program ini juga didukung sinergi pemerintah, masyarakat, dunia usaha, perbankan, akademisi, organisasi profesi, dan berbagai mitra pembangunan.

Sesmenko Ayodhia menegaskan, pembangunan infrastruktur harus menghadirkan masyarakat sebagai bagian dari proses, bukan sekadar penerima manfaat. Dengan keterlibatan aktif masyarakat, pembangunan akan memberikan dampak yang lebih berkelanjutan.

Kemenko Infra yang dipimpin Menko Agus Harimurti Yudhoyono (AHY), terus memperkuat koordinasi lintas sektor agar praktik-praktik baik seperti di Campurejo dapat direplikasi di berbagai wilayah Indonesia. Langkah ini menjadi bagian dari upaya mewujudkan Asta Cita Presiden Prabowo Subianto melalui pemerataan pembangunan, pengentasan kemiskinan, dan penyediaan hunian yang layak bagi seluruh masyarakat.

#KemenkoInfra 
#MenkoAHY #InfrastrukturUntukSemua #MemperkuatInfrastruktur #MembangunEkonomi",permukiman yang layak tidak sekadar pembangunan fisik tetapi juga dibutuhkan kolaborasi sekretaris kemenko infrastruktur ayodhia gl kalake dan sesdep bidang perumahan dan kawasan permukiman novia fitriyati meninjau pelaksanaan dana alokasi khusus dak tematik pengentasan permukiman kumuh terpadu ppkt di desa campurejo kabupaten gresik sebagai bagian dari evaluasi sekaligus upaya mendorong replikasi praktik baik di berbagai daerah melalui pendekatan kolaboratif penanganan kawasan dilakukan secara menyeluruh mulai dari pembangunan dan peningkatan kualitas rumah jalan lingkungan drainase penyediaan air minum ipal komunal hingga pengelolaan persampahan keberhasilan program ini juga didukung sinergi pemerintah masyarakat dunia usaha perbankan akademisi organisasi profesi dan berbagai mitra pembangunan sesmenko ayodhia menegaskan pembangunan infrastruktur harus menghadirkan masyarakat sebagai bagian dari proses bukan sekadar penerima manfaat dengan keterlibatan aktif masyarakat pembangunan akan memberikan dampak yang lebih berkelanjutan kemenko infra yang dipimpin menko agus harimurti yudhoyono ahy terus memperkuat koordinasi lintas sektor agar praktikpraktik baik seperti di campurejo dapat direplikasi di berbagai wilayah indonesia langkah ini menjadi bagian dari upaya mewujudkan asta cita presiden prabowo subianto melalui pemerataan pembangunan pengentasan kemiskinan dan penyediaan hunian yang layak bagi seluruh masyarakat kemenkoinfra menkoahy infrastrukturuntuksemua memperkuatinfrastruktur membangunekonomi,netral,0.929,pemerintahan,2.0,0,2,2026-07-03,Kabupaten Gresik,mukim layak sekadar bangun fisik butuh kolaborasi sekretaris kemenko infrastruktur ayodhia gl kalake sesdep bidang rumah kawasan mukim novia fitriyati tinjau laksana dana alokasi khusus dak tematik entas mukim kumuh padu ppkt desa campurejo kabupaten gresik bagi evaluasi sekaligus upaya dorong replikasi praktik baik bagai daerah lalu dekat kolaboratif tangan kawasan laku seluruh mulai bangun tingkat kualitas rumah jalan lingkung drainase sedia air minum ipal komunal hingga kelola sampah hasil program dukung sinergi perintah masyarakat dunia usaha perban akademisi organisasi profesi bagai mitra bangun sesmenko ayodhia tegas bangun infrastruktur hadir masyarakat bagi proses bukan sekadar terima manfaat libat aktif masyarakat bangun beri dampak lebih lanjut kemenko infra pimpin menko agus harimurti yudhoyono ahy terus kuat koordinasi lintas sektor praktikpraktik baik campurejo direplikasi bagai wilayah indonesia langkah jadi bagi upaya wujud asta cita presiden prabowo subianto lalu perata bangun entas miskin sedia huni layak seluruh masyarakat kemenkoinfra menkoahy infrastrukturuntuksemua memperkuatinfrastruktur membangunekonomi
2073042966944596382,gres1knews,"Hadir di Gressmall Gresik, Toko Selma Langsung Beri Diskon Menarik Sampai 50 Persen 

Toko perlengkapan rumah tangga SELMA hadir di Gressmall, Jln Sumatera, Perumahan GKB, Kecamatan Kebomas Kebomas, Kabupaten Gresik, Provinsi Jatim, Jumat,3/7/2026.
#SELMA
https://t.co/sTBFSnfHrU",hadir di gressmall gresik toko selma langsung beri diskon menarik sampai 50 persen toko perlengkapan rumah tangga selma hadir di gressmall jln sumatera perumahan gkb kecamatan kebomas kebomas kabupaten gresik provinsi jatim jumat372026 selma,netral,0.993,pendidikan,0.0,0,0,2026-07-03,Kabupaten Gresik,hadir gressmall gresik toko selma langsung beri diskon tarik 50 persen toko lengkap rumah tangga selma hadir gressmall jln sumatera rumah gkb camat kebomas kebomas kabupaten gresik provinsi jatim jumat372026 selma
2072976141040951743,AlwiHusin,"Narkoba 3,7 Ton Ditemukan di Gresik.

​Penemuan mencengangkan narkoba 
seberat 3,7 ton di pergudangan 
Kecamatan Cerme, Kabupaten Gresik, 
Kamis (2/7/2026) menghebohkan masyarakat. https://t.co/kwG4fNQbwn",narkoba 37 ton ditemukan di gresik penemuan mencengangkan narkoba seberat 37 ton di pergudangan kecamatan cerme kabupaten gresik kamis 272026 menghebohkan masyarakat,netral,0.983,umum,1.0,0,0,2026-07-03,Kabupaten Gresik,narkoba 37 ton temu gresik temu cengang narkoba berat 37 ton gudang camat cerme kabupaten gresik kamis 272026 heboh masyarakat
2072961269007847529,infobnnkciamis,"3,37 Ton Ganja Asal Thailand di Sita BNN, Diduga Akan Diolah Jadi Liquid Vape.
BNN RI kembali menggagalkan penyelundupan narkotika jaringan internasional sebanyak 3,37 ton kuncup konabenoit asal Thailand berhasil disita di sebuah gudang di Kabupaten Gresik https://t.co/NgjPPOGXOi",337 ton ganja asal thailand di sita bnn diduga akan diolah jadi liquid vape bnn ri kembali menggagalkan penyelundupan narkotika jaringan internasional sebanyak 337 ton kuncup konabenoit asal thailand berhasil disita di sebuah gudang di kabupaten gresik,netral,0.995,umum,0.0,0,0,2026-07-03,Kabupaten Gresik,337 ton ganja asal thailand sita bnn duga olah jadi liquid vape bnn ri gagal selundup narkotika jaring internasional banyak 337 ton kuncup konabenoit asal thailand hasil sita buah gudang kabupaten gresik
2071876251858645163,e100ss,Pemkab Gresik dan Polisi Perketat Pengawasan Truk Industri yang Masuk Kota https://t.co/cxOYhN3DQR,pemkab gresik dan polisi perketat pengawasan truk industri yang masuk kota,netral,0.992,pemerintahan,0.0,0,0,2026-06-30,Pemkab Gresik,pemkab gresik polisi ketat awas truk industri masuk kota
2071880179233009946,e100ss,"15.54: 
1. Exit Tol Kebomas Gresik arah Gresik kota macet;
2. Simpang empat Legundi Driyorejo macet. (ss-tm)",1554 1 exit tol kebomas gresik arah gresik kota macet 2 simpang empat legundi driyorejo macet sstm,netral,0.969,infrastruktur,1.0,0,0,2026-06-30,Gresik Kota,1554 1 exit tol kebomas gresik arah gresik kota macet 2 simpang empat legundi driyorejo macet sstm
2071849989261717579,sbyfess,"Jaluk sarane, -rek
Bekne duwe info/testimoni mie ayam sing enak &amp; cocok gae first meet nang daerah gresik kota, pling adoh lamongan kota.
Suwon suwon rek, mugo sing ngkek’i info, dlancarno urusane, aamiin…
Sender M",jaluk sarane rek bekne duwe infotestimoni mie ayam sing enak amp cocok gae first meet nang daerah gresik kota pling adoh lamongan kota suwon suwon rek mugo sing ngkeki info dlancarno urusane aamiin sender m,positif,0.86,umum,3.0,0,0,2026-06-30,Gresik Kota,jaluk sarane rek bekne duwe infotestimoni mie ayam sing enak amp cocok gae first meet nang daerah gresik kota pling adoh lamongan kota suwon suwon rek mugo sing ngkeki info dlancarno urusane aamiin sender m
2072661965940437108,kabarbaikdotco,"BNN RI memburu 2 WNA yang diduga menjadi pengendali jaringan penyelundupan 3,37 ton narkotika jenis kuncup bunga ganja yang diungkap di sebuah pergudangan di Prambanan Bizland, Kecamatan Cerme, Kabupaten Gresik, Jawa Timur.
https://t.co/v151nNOctI",bnn ri memburu 2 wna yang diduga menjadi pengendali jaringan penyelundupan 337 ton narkotika jenis kuncup bunga ganja yang diungkap di sebuah pergudangan di prambanan bizland kecamatan cerme kabupaten gresik jawa timur,netral,0.997,umum,0.0,0,0,2026-07-02,Gresik Jawa Timur,bnn ri buru 2 wna duga jadi kendali jaring selundup 337 ton narkotika jenis kuncup bunga ganja ungkap buah gudang prambanan bizland camat cerme kabupaten gresik jawa timur
2072006067144536261,jawapos,"BK Mulai Sidangkan Laporan terhadap Ketua Komisi II DPRD Gresik
https://t.co/neHkZ6nUuB",bk mulai sidangkan laporan terhadap ketua komisi ii dprd gresik,netral,0.997,pemerintahan,0.0,0,0,2026-06-30,DPRD Gresik,bk mulai sidang lapor ketua komisi ii dprd gresik
2072309986831827341,lantasresgresik,"Dirgahayu Bhayangkara ke-80. 🇮🇩

Satlantas Polres Gresik mengucapkan Selamat Hari Bhayangkara ke-80.

Semoga Polri senantiasa menjadi pelindung, pengayom, dan pelayan masyarakat yang profesional, humanis, serta Presisi.

Polri untuk Masyarakat.

#HariBhayangkara80 https://t.co/LWnCHetpgg",dirgahayu bhayangkara ke80 satlantas polres gresik mengucapkan selamat hari bhayangkara ke80 semoga polri senantiasa menjadi pelindung pengayom dan pelayan masyarakat yang profesional humanis serta presisi polri untuk masyarakat haribhayangkara80,netral,0.587,umum,0.0,0,0,2026-07-01,Polres Gresik,dirgahayu bhayangkara ke80 satlantas polres gresik ucap selamat hari bhayangkara ke80 moga polri senantiasa jadi lindung ayom layan masyarakat profesional humanis presisi polri masyarakat haribhayangkara80
"#idxchannel #idxchannelcommunity #SIG #penjualansemen #SMGR""",pt semen indonesia persero tbk atau sig smgr mencatat volume penjualan semen sepanjang januarimei 2026 mencapai 15 juta ton tumbuh 44 persen dibandingkan periode yang sama tahun sebelumnya sebesar 145 juta ton kenaikan penjualan itu mencerminkan strategi transformasi bisnis perseroan membuahkan hasil positif corporate secretary sig vita mahreyni menilai peningkatan kinerja sig tercapai seiring dengan komitmen bp bumn dan danantara sehingga transformasi bumn berjalan semakin terukur transparan dan berorientasi pada hasil dia mengatakan kinerja cemerlang sig didorong oleh penjualan domestik yang naik 96 persen terutama disumbang dari segmen semen kantong yang naik 119 persen secara tahunan strategi pengelolaan pasar mikro menjadi kunci sukses sig menjaga momentum pertumbuhan berlanjut hingga mei 2026 sekaligus meningkatkan daya saing perusahaan di tengah tantangan industri katanya dalam keterangan resmi selasa 772026 selain memperkuat posisi di pasar domestik kata vita sig juga terus memperkuat penetrasi pasar ekspor yang membantu meningkatkan utilisasi pabrik dan membuka peluang pasar produk derivatif bernilai tambah baca selengkapnya di atau klik link di bio foto ist idxchannel idxchannelcommunity sig penjualansemen smgr,netral,0.951,infrastruktur,3.0,0,0.0,2026-07-07,Semen Indonesia,pt semen indonesia persero tbk sig smgr catat volume jual semen panjang januarimei 2026 capai 15 juta ton tumbuh 44 persen banding periode sama tahun belum besar 145 juta ton naik jual cermin strategi transformasi bisnis persero buah hasil positif corporate secretary sig vita mahreyni nilai tingkat kerja sig capai iring komitmen bp bumn danantara transformasi bumn jalan makin ukur transparan orientasi hasil kata kerja cemerlang sig dorong jual domestik naik 96 persen utama sumbang segmen semen kantong naik 119 persen tahun strategi kelola pasar mikro jadi kunci sukses sig jaga momentum tumbuh lanjut hingga mei 2026 sekaligus tingkat daya saing usaha tengah tantang industri kata terang resmi selasa 772026 kuat posisi pasar domestik kata vita sig terus kuat penetrasi pasar ekspor bantu tingkat utilisasi pabrik buka peluang pasar produk derivatif nila tambah baca lengkap klik link bio foto ist idxchannel idxchannelcommunity sig penjualansemen smgr,,
"30. Nezar Patria (Wamenkomdigi) — Komut Indosat""",daftar 30 wakil menteri rangkap jabatan komisaris bumn 1 sudaryono wamentan komut pt pupuk indonesia 2 giring ganesha wamenbud komisaris gmf aeroasia 3 angga raka prabowo wamenkomdigi komut telkom indonesia 4 ossy dermawan wamen atrbpn komisaris telkom indonesia 5 fahri hamzah wamen pkp komisaris btn 6 suahasil nazara wamenkeu wakomut pln 7 helvi yuni moraza wamen umkm komisaris bri 8 diana kusumastuti wamen pu komut brantas abipraya 9 yuliot tanjung wamen esdm komisaris bank mandiri 10 didit herdiawan ashaf wamen kkp komut perikanan indonesia 11 suntana wamenhub wakomut pelindo 12 dante saksono h wamenkes komisaris pertamina bina medika ihc 13 donny ermawan t wamenhan komut dahana 14 christina aryani wamen p2mi komisaris semen indonesia 15 diaz hendropriyono wamen lh komut telkomsel 16 ahmad riza patria wamendes komisaris telkomsel 17 dyah roro esti wamendag komut sarinah 18 todotua pasaribu wamen investasibkpm wakomut pertamina 19 ratu isyana bagoes oka wamen bkkbn komisaris dayamitra telekomunikasi 20 juri ardiantoro wamensesneg komut jasa marga 21 veronica tan wamen pppa komisaris citilink 22 taufik hidayat wamenpora komisaris pln energi primer 23 arif havas oegroseno wamenlu komisaris pertamina international shipping 24 stella christie wamen diktisaintek komisaris pertamina hulu energi 25 bambang eko s wamensesneg komisaris pln 26 faisol riza wamenperin komut pertamina gas 27 irene umar wamen ekraf komisaris pertamina gas 28 arrmanatha c nasir wamenlu komisaris pln indonesia power 29 edward os hiariej wamenkum komisaris pgn 30 nezar patria wamenkomdigi komut indosat,netral,0.986,ekonomi,53.0,16,30.0,2026-07-06,Semen Indonesia,daftar 30 wakil menteri rangkap jabat komisaris bumn 1 sudaryono wamentan komut pt pupuk indonesia 2 giring ganesha wamenbud komisaris gmf aeroasia 3 angga raka prabowo wamenkomdigi komut telkom indonesia 4 ossy dermawan wamen atrbpn komisaris telkom indonesia 5 fahri hamzah wamen pkp komisaris btn 6 suahasil nazara wamenkeu wakomut pln 7 helvi yuni moraza wamen umkm komisaris bri 8 ana kusumastuti wamen pu komut brantas abipraya 9 yuliot tanjung wamen esdm komisaris bank mandiri 10 didit herdiawan ashaf wamen kkp komut ikan indonesia 11 suntana wamenhub wakomut pelindo 12 dante saksono h wamenkes komisaris pertamina bina medika ihc 13 donny ermawan t wamenhan komut dahana 14 christina aryani wamen p2mi komisaris semen indonesia 15 diaz hendropriyono wamen lh komut telkomsel 16 ahmad riza patria wamendes komisaris telkomsel 17 dyah roro esti wamendag komut sarinah 18 todotua pasaribu wamen investasibkpm wakomut pertamina 19 ratu isyana bagoes oka wamen bkkbn komisaris dayamitra telekomunikasi 20 juri ardiantoro wamensesneg komut jasa marga 21 veronica tan wamen pppa komisaris citilink 22 taufik hidayat wamenpora komisaris pln energi primer 23 arif havas oegroseno wamenlu komisaris pertamina international shipping 24 stella christie wamen diktisaintek komisaris pertamina hulu energi 25 bambang eko s wamensesneg komisaris pln 26 faisol riza wamenperin komut pertamina gas 27 irene umar wamen ekraf komisaris pertamina gas 28 arrmanatha c nasir wamenlu komisaris pln indonesia power 29 edward os hiariej wamenkum komisaris pgn 30 nezar patria wamenkomdigi komut indosat,,
Soon, we will be opening opportunities for experienced professionals to join our project in Gresik, East Java across several key technical and project functions.,,,,,,,,,,
"Stay close and follow @chiyoda_indonesia in instagram — more details are coming very soon.""",pt freeport indonesia smelter gresik jiipe soon we will be opening opportunities for experienced professionals to join our project in gresik east java across several key technical and project functions stay close and follow in instagram more details are coming very soon,netral,0.943,industri,0.0,0,0.0,2026-07-07,JIIPE,pt freeport indonesia smelter gresik jiipe soon we will be opening opportunities for experienced professionals to join our project in gresik east java across several key technical and project functions stay close and follow in instagram more details are coming very soon,,
2072000083231752528,muhammadrobbah,"@cakimiNOW Mohon atensinya untuk kawasan Manyar Gresik Petani Tambak Bandeng Gus sangat memungkinkan go to internasional karena dekat dengan kawasan JIIPE Gresik. Biasanya dari Bali untuk ekspor nener ke Thailand, philipina dan Vietnam, Gresik bisa didorong sebagai basis perikanan baru.",mohon atensinya untuk kawasan manyar gresik petani tambak bandeng gus sangat memungkinkan go to internasional karena dekat dengan kawasan jiipe gresik biasanya dari bali untuk ekspor nener ke thailand philipina dan vietnam gresik bisa didorong sebagai basis perikanan baru,netral,0.956,industri,0.0,0,0,2026-06-30,JIIPE,mohon atensi kawasan manyar gresik tani tambak bandeng gus sangat mungkin go to internasional dekat kawasan jiipe gresik biasa bal ekspor nener thailand philipina vietnam gresik dorong basis ikan baru
2071890305935372309,blissthethicsss,"denger2 hbs ini mau pabrik baru buat bikin avtur di jiipe
semoga bener ini wkwk",denger2 hbs ini mau pabrik baru buat bikin avtur di jiipe semoga bener ini wkwk,positif,0.538,industri,0.0,0,0,2026-06-30,JIIPE,denger2 hbs mau pabrik baru buat bikin avtur jiipe moga bener wkwk
2071778867153641953,blissthethicsss,"@raritek_ waduhh gk dulu deh, jam segini debunya area jiipe udh berterbangan kecuali naik mobil😭",waduhh gk dulu deh jam segini debunya area jiipe udh berterbangan kecuali naik mobil,negatif,0.769,industri,1.0,0,0,2026-06-30,JIIPE,waduhh dulu deh jam gin debu area jiipe bangan naik mobil
2071992360553328665,vivayogamauladi,"Saya merasa bergembira dari kawasan transmigrasi potensi rajungan berhasil dikelola dengan baik sehingga dapat diekspor ke Amerika Serikat. Saya hadir memberi sambutan dalam acara ‘Ekspor Rajungan Produk  Unggulan di Kawasan Transmigrasi’ di Kawasan Industri Gresik (KIG), Kabupaten Gresik, Jawa Timur, 29/6/2026.
 
Rajungan yang didatangkan dari berbagai kawasan transmigrasi di Sulawesi Barat, Sulawesi Tenggara, Maluku Utara, dan Papua Barat, ditambah dari rajungan dari kabupaten Lamongan dan Gresik, diolah menjadi produk kaleng siap saji. Berat yang diekspor dalam 1 kontainer mencapai 16 ton dengan nilai rupiah setara Rp16 miliar. Dalam sebulan melepas ekspor dua kali, dan masih membutuhkan volume ekspor karena permintaan luar negeri meningkat.

Posisi PT Aruna sebagai offtaker. Hadirnya PT Aruna mampu menjembatani warga transmigran sebagai pelaku usaha dengan pasar global. Dari sinergi inilah mampu memberikan manfaat ekonomi dan kesejahteraan bagi transmigran dan masyarakat lain yang menempati kawasan transmigrasi, terutama di kawasan pesisisr.

Masing-masing kawasan transmigrasi memiliki produk unggulan dan dikembangkan secara khusus sehingga melahirkan beragam potensi, seperti di kawasan transmigrasi yang berada di Jambi dikembangkan perkebunan sawit, Sumatera Selatan kawasan tanaman pangan, Sulawesi Tengah untuk pengembangan durian, kopi dan coklat.
 
Industrialisasi di kawasan transmigrasi sangat memungkinkan untuk dilakukan. Hal itu sejalan dengan program transformasi transmigrasi.▪️",saya merasa bergembira dari kawasan transmigrasi potensi rajungan berhasil dikelola dengan baik sehingga dapat diekspor ke amerika serikat saya hadir memberi sambutan dalam acara ekspor rajungan produk unggulan di kawasan transmigrasi di kawasan industri gresik kig kabupaten gresik jawa timur 2962026 rajungan yang didatangkan dari berbagai kawasan transmigrasi di sulawesi barat sulawesi tenggara maluku utara dan papua barat ditambah dari rajungan dari kabupaten lamongan dan gresik diolah menjadi produk kaleng siap saji berat yang diekspor dalam 1 kontainer mencapai 16 ton dengan nilai rupiah setara rp16 miliar dalam sebulan melepas ekspor dua kali dan masih membutuhkan volume ekspor karena permintaan luar negeri meningkat posisi pt aruna sebagai offtaker hadirnya pt aruna mampu menjembatani warga transmigran sebagai pelaku usaha dengan pasar global dari sinergi inilah mampu memberikan manfaat ekonomi dan kesejahteraan bagi transmigran dan masyarakat lain yang menempati kawasan transmigrasi terutama di kawasan pesisisr masingmasing kawasan transmigrasi memiliki produk unggulan dan dikembangkan secara khusus sehingga melahirkan beragam potensi seperti di kawasan transmigrasi yang berada di jambi dikembangkan perkebunan sawit sumatera selatan kawasan tanaman pangan sulawesi tengah untuk pengembangan durian kopi dan coklat industrialisasi di kawasan transmigrasi sangat memungkinkan untuk dilakukan hal itu sejalan dengan program transformasi transmigrasi,netral,0.94,infrastruktur,2.0,0,0,2026-06-30,industri Gresik,rasa gembira kawasan transmigrasi potensi rajungan hasil kelola baik ekspor amerika serikat hadir beri sambut acara ekspor rajungan produk unggul kawasan transmigrasi kawasan industri gresik kig kabupaten gresik jawa timur 2962026 rajungan datang bagai kawasan transmigrasi sulawesi barat sulawesi tenggara malu utara papua barat tambah rajungan kabupaten lamongan gresik olah jadi produk kaleng siap saji berat ekspor 1 kontainer capai 16 ton nilai rupiah tara rp16 miliar bulan lepas ekspor kali butuh volume ekspor minta luar negeri tingkat posisi pt aruna offtaker hadir pt aruna mampu jembatan warga transmigran laku usaha pasar global sinergi ini mampu beri manfaat ekonomi sejahtera transmigran masyarakat tempat kawasan transmigrasi utama kawasan pesisisr masingmasing kawasan transmigrasi milik produk unggul kembang khusus lahir agam potensi kawasan transmigrasi ada jambi kembang kebun sawit sumatera selatan kawasan tanam pangan sulawesi tengah kembang durian kopi coklat industrialisasi kawasan transmigrasi sangat mungkin laku jalan program transformasi transmigrasi
2071776773948490114,BayuPtama,"Geliat Baru: Smelter Gresik. 🏭
Minat ke Freeport makin melonjak sejak operasional Smelter di KEK Manyar, Gresik, Jawa Timur makin masif.",geliat baru smelter gresik minat ke freeport makin melonjak sejak operasional smelter di kek manyar gresik jawa timur makin masif,netral,0.967,industri,0.0,1,0,2026-06-30,Manyar Gresik,geliat baru smelter gresik minat freeport makin lonjak sejak operasional smelter kek manyar gresik jawa timur makin masif
2071972133904040378,e100ss,"Mohon bantuannya, Kawan.
Beberapa pendengar Radio Suara Surabaya melaporkan kehilangan sepeda motor hari ini (30/6/2026) pk. 14.00-22.00 WIB:

1. Beat, 2024, hitam, L 4798 DAU. Hilang di daerah Balongsari sekitar pukul 15.00 WIB. 
2. Stylo, 2025, hitam, W 6425 GK. Hilang di kafe daerah Kebomas Gresik pukul 16.34 WIB. (ss-tm)",mohon bantuannya kawan beberapa pendengar radio suara surabaya melaporkan kehilangan sepeda motor hari ini 3062026 pk 14002200 wib 1 beat 2024 hitam l 4798 dau hilang di daerah balongsari sekitar pukul 1500 wib 2 stylo 2025 hitam w 6425 gk hilang di kafe daerah kebomas gresik pukul 1634 wib sstm,netral,0.993,umum,0.0,0,2,2026-06-30,Kebomas Gresik,mohon bantu kawan beberapa dengar radio suara surabaya lapor hilang sepeda motor hari 3062026 pk 14002200 wib 1 beat 2024 hitam l 4798 dau hilang daerah balongsari pukul 1500 wib 2 stylo 2025 hitam w 6425 hilang kafe daerah kebomas gresik pukul 1634 wib sstm
2071857435455967489,hazanafa,"MENGAPA KAMI MUHARROMAN ?
SAMBUTAN SINGKAT KETUA TANFIDZIYAH PRNU INDRO KEBOMAS GRESIK

YOUTUBE SARINYALA CHANNEL
https://t.co/fAaw2Xljdt

FACEBOOK ZAINI ALAWI
https://t.co/NeZqodClhs

H. AHMAD Zaini Alawi, SE., MM.

Sabtu 27.06.2026
Masjid Al Kautsar Indro",mengapa kami muharroman sambutan singkat ketua tanfidziyah prnu indro kebomas gresik youtube sarinyala channel facebook zaini alawi h ahmad zaini alawi se mm sabtu 27062026 masjid al kautsar indro,netral,0.998,umum,1.0,0,0,2026-06-30,Kebomas Gresik,muharroman sambut singkat ketua tanfidziyah prnu indro kebomas gresik youtube sarinyala channel facebook zaini alawi h ahmad zaini alawi se mm sabtu 27062026 masjid al tsar indro
2071818192478179657,Putrianjelin2,"Paket Ipal murah garansi hasil akhir lulus AMDAL.
Paket Ipal RS 
Paket Ipal klinik
Paket Ipal domestik dll.
#info pemesanan &amp; perihal lain hubungi:
*BIOTOKKO 
Perum gading intan blok d1 no 15 driyorejo-gresik.
*Telp kantor:(031-99059250)
*WhatsApp:(08113252285 // 085732168569) https://t.co/PV0vBJ0qur",paket ipal murah garansi hasil akhir lulus amdal paket ipal rs paket ipal klinik paket ipal domestik dll info pemesanan amp perihal lain hubungi biotokko perum gading intan blok d1 no 15 driyorejogresik telp kantor03199059250 whatsapp08113252285 085732168569,netral,0.996,umum,0.0,0,0,2026-06-30,Driyorejo Gresik,paket ipal murah garansi hasil akhir lulus amdal paket ipal rs paket ipal klinik paket ipal domestik info mesan amp perihal hubung biotokko perum gading intan blok d1 no 15 driyorejogresik telp kantor03199059250 whatsapp08113252285 085732168569
<<<<<<< HEAD,,,,,,,,,,,,
=======,,,,,,,,,,,,
>>>>>>> 73676fe (UPdate  terbaru),,,,,,,,,,,,
2074666293110952021,liranewscom,"Betonisasi Jalan Poros Desa Rp261 Miliar di Gresik Segera Digarap, Dongkrak Ekonomi Rakyat! https://t.co/d6U67UumnV",betonisasi jalan poros desa rp261 miliar di gresik segera digarap dongkrak ekonomi rakyat,netral,0.995,infrastruktur,0.0,0,0,2026-07-08,Gresik,betonisasi jalan poros desa rp261 miliar gresik segera garap dongkrak ekonomi rakyat
2074659979249000814,Ilyasfurqon3,"Pengecekan Panen jangung  di Ds. Surowiti Kec. Panceng Kab. Gresik untuk mendukung program ketahanan pangan

#astacita 
#swasembadapangan 
#ketahananpangan #ketahananpanganpoldajatim 
#ssdmpolri 
#divhumaspolri 
#birosdmpoldajatim 
#bidhumaspoldajatim 
#polresgresik 
#gresik https://t.co/pm3Nwkssnj",pengecekan panen jangung di ds surowiti kec panceng kab gresik untuk mendukung program ketahanan pangan astacita swasembadapangan ketahananpangan ketahananpanganpoldajatim ssdmpolri divhumaspolri birosdmpoldajatim bidhumaspoldajatim polresgresik gresik,netral,0.995,umum,0.0,0,0,2026-07-08,Gresik,kece panen jangung ds surowiti kec panceng kab gresik dukung program tahan pangan astacita swasembadapangan ketahananpangan ketahananpanganpoldajatim ssdmpolri divhumaspolri birosdmpoldajatim bidhumaspoldajatim polresgresik gresik
2074659834159591625,Zoethomebaker,"Sungguh Allah Maha Baik. Bbrp hari lalu ngobrol di TL dengan @credOLIN bab nasi krawu gresik, eh pagi ini dikirimin mertua lauknya nasi krawu originally from Gresik. Alhamdulillah :))

Pagi ini sarapan tumis pokchoy+bakso, ini lauk buat lunch aja 😁
*ada sambalnya ga kefoto🤦‍♀️ https://t.co/uWLbxGGZTz",sungguh allah maha baik bbrp hari lalu ngobrol di tl dengan bab nasi krawu gresik eh pagi ini dikirimin mertua lauknya nasi krawu originally from gresik alhamdulillah pagi ini sarapan tumis pokchoybakso ini lauk buat lunch aja ada sambalnya ga kefoto,netral,0.547,umum,4.0,3,2,2026-07-08,Gresik,sungguh allah maha baik bbrp hari lalu ngobrol tl bab nasi krawu gresik eh pagi dikirimin mertua lauk nasi krawu originally from gresik alhamdulillah pagi sarap tumis pokchoybakso lauk buat lunch sambal foto
2074654555460255800,gyuunyuunu,"Jadi inget pas ngekost di gresik wkwk
Kost-an sepetak. Dikasih kasur king size😅
Masak di kamar pake panci elektrik
Setiap masak kamar bau masakan😅
Kamar mandi di luar
Nyuci di luar juga, berbekal ember😅😅
400k tapinya 5 tahun lalu😅",jadi inget pas ngekost di gresik wkwk kostan sepetak dikasih kasur king size masak di kamar pake panci elektrik setiap masak kamar bau masakan kamar mandi di luar nyuci di luar juga berbekal ember 400k tapinya 5 tahun lalu,negatif,0.611,umum,0.0,0,0,2026-07-08,Gresik,jadi inget pas ngekost gresik wkwk kostan petak kasih kasur king size masak kamar pake panci elektrik masak kamar bau masakan kamar mandi luar nyuci luar bekal ember 400k tapi 5 tahun lalu
2074632426282942599,lilaccountz,"nonton di facebook ada konten daily vlog org org yg tinggal di kosan di jakarta yg sepetak harga 600 ribu??

bener bener sepetak yg kalo mau tidur ya turunin kasur, trus klo udh bangun, kasur didiriin baru bisa buat makan, solat, nyetrika dll.

kamar mandi di luar campur cewek cowok. nyuci baju atau piring jg di kamar mandi itu. wudhu juga. 

masak? di luar jg. di teras sebelum pintu utama kosan. bawa alat masak sendiri. yg kalo masakpun, baunya bisa sampe kecium seluruh penjuru kos (ini kos kosan 26 pintu)

yaAllah ga kebayang😭 semahal itukah kosan jakarta sampe sepetak 600rb",nonton di facebook ada konten daily vlog org org yg tinggal di kosan di jakarta yg sepetak harga 600 ribu bener bener sepetak yg kalo mau tidur ya turunin kasur trus klo udh bangun kasur didiriin baru bisa buat makan solat nyetrika dll kamar mandi di luar campur cewek cowok nyuci baju atau piring jg di kamar mandi itu wudhu juga masak di luar jg di teras sebelum pintu utama kosan bawa alat masak sendiri yg kalo masakpun baunya bisa sampe kecium seluruh penjuru kos ini kos kosan 26 pintu yaallah ga kebayang semahal itukah kosan jakarta sampe sepetak 600rb,negatif,0.841,ekonomi,413.0,76,13,2026-07-07,Gresik,nonton facebook konten daily vlog org org tinggal kosan jakarta petak harga 600 ribu bener bener petak kalo mau tidur turunin kasur trus klo bangun kasur didiriin baru buat makan solat nyetrika kamar mandi luar campur cewek cowok nyuci baju piring jg kamar mandi wudhu masak luar jg teras pintu utama kosan bawa alat masak sendiri kalo masak bau sampe cium seluruh penjuru kos kos kosan 26 pintu yaallah bayang mahal itu kosan jakarta sampe petak 600rb
2074653420062232773,credOLIN,"Mengawali #RabUsaha minggu ini,
Selain 5 varian cold pressed juice yang dibuat setiap hari, JuniJuli punya almond milk yang creamy dan segar #TinggalTeguk untukmu.

Pengiriman dari Gresik ke luar kota melalui paxel yaa.
Pricelist di halaman terakhir.
MinJun tunggu pesananmu.
😘🫰🏼 https://t.co/m6Me8AKrf9",mengawali rabusaha minggu ini selain 5 varian cold pressed juice yang dibuat setiap hari junijuli punya almond milk yang creamy dan segar tinggalteguk untukmu pengiriman dari gresik ke luar kota melalui paxel yaa pricelist di halaman terakhir minjun tunggu pesananmu,netral,0.93,umum,11.0,1,3,2026-07-08,Gresik,awal rabusaha minggu 5 varian cold pressed juice buat hari junijuli punya almond milk creamy segar tinggalteguk untuk kirim gresik luar kota lalu paxel yaa pricelist halaman akhir minjun tunggu pesan
2074646406934266058,credOLIN,"Selamat pagii
#RabUsaha kembali hadir yaa manteman semua.
Mari posting jualan dan usahanya teman-teman di sini apapun bentuknya.
Akan saya bantu repost dan ramaikan.

Silakan reply atau quote postingan ini dengan postingan promo jualannya.

Sukses selalu!
😘🫰🏼
#RabUsaha",selamat pagii rabusaha kembali hadir yaa manteman semua mari posting jualan dan usahanya temanteman di sini apapun bentuknya akan saya bantu repost dan ramaikan silakan reply atau quote postingan ini dengan postingan promo jualannya sukses selalu rabusaha,positif,0.615,umum,3.0,2,1,2026-07-08,Gresik,selamat pagi rabusaha hadir yaa manteman semua posting jual usaha temanteman sini apa bentuk bantu repost ramai sila reply quote postingan postingan promo jual sukses selalu rabusaha
2074647459570294852,shakiraamanda78,Pegecekan hasil Panen jangung  di Ds. Surowiti Kec. Panceng Kab. Gresik https://t.co/JTzK8k6spk,pegecekan hasil panen jangung di ds surowiti kec panceng kab gresik,netral,0.996,umum,0.0,0,0,2026-07-08,Gresik,gecek hasil panen jangung ds surowiti kec panceng kab gresik
2074630372298768794,RidhoPribakti,@elecgantt Gresik GKB kayaknya nih,gresik gkb kayaknya nih,netral,0.664,umum,0.0,0,0,2026-07-07,Gresik,gresik gkb kayak nih
2074570391327309846,ptngogogo,"8. nisrina. unexpected person karna ku kira kita cuma bakal jadi kenalan aja setelah magang. tp nisrina beda. dia bela-belain ke kampus tuk dateng pas semhasku, pdhl rumahnya perbatasan sby-gresik. jujur, hatiku menghangat. makasih ya nis!!",8 nisrina unexpected person karna ku kira kita cuma bakal jadi kenalan aja setelah magang tp nisrina beda dia belabelain ke kampus tuk dateng pas semhasku pdhl rumahnya perbatasan sbygresik jujur hatiku menghangat makasih ya nis,netral,0.797,pendidikan,0.0,1,0,2026-07-07,Gresik,8 nisrina unexpected person karna ku kira cuma bakal jadi kenal magang nisrina beda belabelain kampus tuk dateng pas semhasku pdhl rumah batas sbygresik jujur hati hangat makasih nis
2074543531218329658,pindangkentaki,"@sbyfess b soale tanggunganmu akeh
jaman saiki angel golek kerjo gaji akeh lk ga target🙂
semoga awm betah nder, btw info gais loker gresik",b soale tanggunganmu akeh jaman saiki angel golek kerjo gaji akeh lk ga target semoga awm betah nder btw info gais loker gresik,netral,0.52,umum,0.0,0,0,2026-07-07,Gresik,b soale tanggung akeh jaman saiki angel golek kerjo gaji akeh lk target moga awm betah nder btw info gais loker gresik
2074539119653384447,alexedmi,"You think I'm a failure? I'd put my resume up against anyone's. Graduated 3rd in my class with a BS in Chemical Engineering, got my MBA in International Finance at nights while I was working. And you can read about my career and patents in my book that has been published, the Gresik Project. You can also google ""Alex Edmiston Patents"".",you think im a failure id put my resume up against anyones graduated 3rd in my class with a bs in chemical engineering got my mba in international finance at nights while i was working and you can read about my career and patents in my book that has been published the gresik project you can also google alex edmiston patents,netral,0.829,umum,1.0,6,0,2026-07-07,Gresik,you think im a failure id put my resume up against anyones graduated 3rd in my class with a bs in chemical engineering got my mba in international finance at nights while i was working and you can read about my career and patents in my book that has been published the gresik project you can also google alex edmiston patents
2074528733474726096,RizalGazali2,"@Smash1014314 Mobil Toyota Kijang hilang di Gresik, mulanya masih upaya cari dgn berbagai cara, sampai setahun lebih baru benar² ikhlas dan melupakan. 
Gak butuh waktu lama diganti oleh Allah, dapat hadiah innova terbaru dari bank Mandiri, padahal saldo &lt; 100ribu.",mobil toyota kijang hilang di gresik mulanya masih upaya cari dgn berbagai cara sampai setahun lebih baru benar² ikhlas dan melupakan gak butuh waktu lama diganti oleh allah dapat hadiah innova terbaru dari bank mandiri padahal saldo lt 100ribu,negatif,0.554,pendidikan,0.0,0,0,2026-07-07,Gresik,mobil toyota kijang hilang gresik mula upaya cari bagai cara tahun lebih baru benar ikhlas lupa gak butuh waktu lama ganti allah hadiah innova baru bank mandiri padahal saldo lt 100ribu
2074521866707071434,ryultangerang,"@LADATULI he ndek endii, gresik tah???",he ndek endii gresik tah,negatif,0.942,umum,1.0,1,0,2026-07-07,Gresik,he ndek endii gresik tah
2074518918207873269,Avocado2Juice,"@dorokdoker @kompascom Coba cek tanah kosong pinggir jalan di Surabaya Gresik Sidoarjo Krian 
Dah rata diduduki",coba cek tanah kosong pinggir jalan di surabaya gresik sidoarjo krian dah rata diduduki,netral,0.75,infrastruktur,0.0,0,0,2026-07-07,Gresik,coba cek tanah kosong pinggir jalan surabaya gresik sidoarjo krian dah rata duduk
2074517505406910544,lavieenli,@toodayismm Itu anomali gresik diem ajh,itu anomali gresik diem ajh,negatif,0.989,umum,0.0,0,0,2026-07-07,Gresik,anomali gresik diem ajh
2074512937914663056,Juve_info01,"@bahaspemainbola @Windekind_Budi @Fandom_ID @direktoridosen @Info_SerieA @SerieA_Lawas @TribunMilano @TotallyACMILAN @MilanUpdate @sepakbolatribun @injurytime83 Nah itu, kalau per bulan kayaknya terlalu banyak, kecuali dalam rupiah ya, setara UMR Gresik 🤣",nah itu kalau per bulan kayaknya terlalu banyak kecuali dalam rupiah ya setara umr gresik,negatif,0.991,olahraga,0.0,1,0,2026-07-07,Gresik,nah kalau per bulan kayak terlalu banyak rupiah tara umr gresik
2074510480694202372,Azim48774952,@papichulioo97 @reddvelved SBY mana kak saya Gresik soalnya,sby mana kak saya gresik soalnya,negatif,0.523,umum,0.0,1,0,2026-07-07,Gresik,sby mana kak gresik soal
2074509454591267126,rifqidam,@txtalterjogja Jauhhh dri gresik,jauhhh dri gresik,negatif,0.988,umum,1.0,0,0,2026-07-07,Gresik,jauhhh dri gresik
2074503300423238104,nugresik,Ribuan Jamaah Hadiri Haul XIV Pendiri Ponpes Daruttaqwa Gresik KH. Moh. Munawwar Adnan Kholil https://t.co/DYTTqyaYZa,ribuan jamaah hadiri haul xiv pendiri ponpes daruttaqwa gresik kh moh munawwar adnan kholil,netral,0.997,umum,1.0,0,0,2026-07-07,Gresik,ribu jamaah hadir haul xiv diri ponpes daruttaqwa gresik kh moh munawwar adnan kholil
2073227061288951911,ForumTBM_Jatim,"📚 Tema: *TBM Rumah Pelangi; Dari Literasi Hingga Ruang Budaya* 

📅 05 Juli 2026
⏰ 15.00 WIB
📍 Live Instagram: **@forumtbm_jatim** 

Mari kita dengarkan kisah perjalanan founder TBM Rumah Pelangi Kabupaten Gresik yang penuh semangat, inovasi, dan inspirasi. ✨",tema tbm rumah pelangi dari literasi hingga ruang budaya 05 juli 2026 1500 wib live instagram mari kita dengarkan kisah perjalanan founder tbm rumah pelangi kabupaten gresik yang penuh semangat inovasi dan inspirasi,netral,0.764,infrastruktur,0.0,1,0,2026-07-04,Kabupaten Gresik,tema tbm rumah pelangi literasi hingga ruang budaya 05 juli 2026 1500 wib live instagram dengar kisah jalan founder tbm rumah pelangi kabupaten gresik penuh semangat inovasi inspirasi
2073227058885603583,ForumTBM_Jatim,"📣 KULO NUWUN TBM 📣
Ajang silaturahmi dan berbagi inspirasi literasi! 🌸 

Episode #9 hadir bersama:
🎙️ **Kemala Hasanah** – Host (Kesekretariatan Forum TBM Jatim)
🌟 **Nency Septriyana** – Pemantik (Founder TBM Rumah Pelangi &amp; Ketua Forum TBM Kabupaten Gresik) https://t.co/KCXvjCmYEd",kulo nuwun tbm ajang silaturahmi dan berbagi inspirasi literasi episode 9 hadir bersama kemala hasanah host kesekretariatan forum tbm jatim nency septriyana pemantik founder tbm rumah pelangi amp ketua forum tbm kabupaten gresik,netral,0.939,umum,1.0,1,0,2026-07-04,Kabupaten Gresik,kulo nuwun tbm ajang silaturahmi bagi inspirasi literasi episode 9 hadir sama kemala hasanah host sekretariat forum tbm jatim nency septriyana mantik founder tbm rumah pelangi amp ketua forum tbm kabupaten gresik
2073216069544874077,ainunnajib,"Populasi Cabo Verde tidak sampai separuhnya Kabupaten Gresik

namun bisa mencari talenta 26 orang termasuk diaspora dan keturunannya yang terbukti merepotkan Lamine Yamal cs dan Messi cs

ayo bangsa yang besar, kita bisa! https://t.co/HRGqNBMZv6",populasi cabo verde tidak sampai separuhnya kabupaten gresik namun bisa mencari talenta 26 orang termasuk diaspora dan keturunannya yang terbukti merepotkan lamine yamal cs dan messi cs ayo bangsa yang besar kita bisa,netral,0.713,umum,39.0,10,6,2026-07-04,Kabupaten Gresik,populasi cabo verde paruh kabupaten gresik cari talenta 26 orang masuk diaspora turun bukti repot lamine yamal cs messi cs ayo bangsa besar
2072924698099499319,Lintasperkoro,"Sinergitas antara Pemerintah Kabupaten (Pemkab) Gresik dengan Kejaksaan Negeri (Kejari) Gresik tak hanya slogan belaka. Namun, diwujudkan dengan pemberian anggaran bernilai miliaran rupiah yang bersumber dari APBD Gresik. 

https://t.co/8rBztGKaTe",sinergitas antara pemerintah kabupaten pemkab gresik dengan kejaksaan negeri kejari gresik tak hanya slogan belaka namun diwujudkan dengan pemberian anggaran bernilai miliaran rupiah yang bersumber dari apbd gresik,netral,0.995,pemerintahan,0.0,0,0,2026-07-03,Pemkab Gresik,sinergitas perintah kabupaten pemkab gresik jaksa negeri kejar gresik tak slogan belaka wujud beri anggar nila miliar rupiah sumber apbd gresik
2072281188258271595,HumasGresik,"Jajaran Polres Gresik menggelar Upacara Kebesaran Peringatan Hari Bhayangkara ke-80 di Halaman Kantor Pemkab Gresik pada Rabu (1/7/2026) pagi.

#HariBhaiangkara80 #PolresGresik #PolriUntukMasyarakat https://t.co/ExEtNKOyeO",jajaran polres gresik menggelar upacara kebesaran peringatan hari bhayangkara ke80 di halaman kantor pemkab gresik pada rabu 172026 pagi haribhaiangkara80 polresgresik polriuntukmasyarakat,netral,0.997,pemerintahan,0.0,0,0,2026-07-01,Pemkab Gresik,jajar polres gresik gelar upacara besar ingat hari bhayangkara ke80 halaman kantor pemkab gresik rabu 172026 pagi haribhaiangkara80 polresgresik polriuntukmasyarakat
2072247865074954332,lampiran_id,"Penuhi Kuota SD Sekolah Rakyat, Pemkab Gresik Gandeng LKSA
https://t.co/Nz5C5bQ2mg",penuhi kuota sd sekolah rakyat pemkab gresik gandeng lksa,netral,0.996,pemerintahan,0.0,0,0,2026-07-01,Pemkab Gresik,penuh kuota sd sekolah rakyat pemkab gresik gandeng lksa
2072179355556663731,lampiran_id,"Kejar Target Sensus Ekonomi 2026, Pemkab Gresik Terapkan Sistem Digital
https://t.co/DtUZDb6tEk",kejar target sensus ekonomi 2026 pemkab gresik terapkan sistem digital,netral,0.997,pemerintahan,0.0,0,0,2026-07-01,Pemkab Gresik,kejar target sensus ekonomi 2026 pemkab gresik terap sistem digital
2072877592022302755,Metro_TV,"Direktorat Jenderal Bea dan Cukai bersama Badan Narkotika Nasional (BNN) membongkar jaringan penyelundupan narkotika internasional. Narkoba yang diselendupkan jenis kuncup bunga kanabinoid lintas negara.

Jaringan ini diduga beroperasi melalui Malaysia, Tiongkok, Indonesia, dan Thailand dengan memanfaatkan jalur impor resmi untuk memasukkan narkotika ke Indonesia.

""Jaringan ini merupakan jaringan internasional yang melibatkan Malaysia, Tiongkok, Indonesia, melalui Thailand,"" kata Direktur Jenderal Bea dan Cukai Djaka Budhi Utama dalam konferensi pers di Gresik, Jawa Timur, dikutip Jumat, 3 Juli 2026.

Djaka mengungkapkan penyelundupan ini terbongkar saat petugas menemukan barang yang mencurigkan pada hasil pemeriksaan X-ray terhadap barang impor di Pelabuhan Tanjung Priok.

Petugas kemudian melakukan pemeriksaan lanjutan terhadap komoditas yang dianggap mencurigakan tersebut. Berdasarkan hasil pengujian, barang tersebut dipastikan sebagai narkotika.

Bea Cukai selanjutnya segera berkoordinasi dengan BNN untuk menyusun langkah penindakan berikutnya. Alih-alih langsung melakukan penyitaan di pelabuhan, aparat memutuskan menerapkan metode controlled delivery atau pengiriman yang diawasi.

Strategi tersebut dilakukan untuk menelusuri jaringan penerima hingga lokasi tujuan akhir sekaligus mengungkap pihak-pihak yang terlibat dalam penyelundupan.

""Kami tidak langsung melakukan penangkapan di pelabuhan. Jika langkah itu dilakukan, tentu kami tidak akan memperoleh informasi mengenai jaringan di belakangnya. Karena itu kami berkoordinasi secara ketat dengan BNN untuk melakukan controlled delivery hingga pengiriman tiba di Gresik,"" kata Djaka.

Djaka mengungkapkan bila operasi gabungan tersebut melibatkan personel Bea Cukai dan BNN yang mengawasi perjalanan kontainer sejak keluar dari Pelabuhan Tanjung Priok hingga mencapai sebuah pergudangan di Gresik, Jawa Timur.

Melalui operasi itu, aparat berhasil membongkar jaringan penyelundupan sekaligus mengamankan barang bukti narkotika jenis kuncup bunga kanabinoid seberat 3,37 ton yang diangkut menggunakan empat kontainer.

#PenyelundupanNarkoba #BeaCukai #BadanNarkotikaNasional #JaringanInternasional",direktorat jenderal bea dan cukai bersama badan narkotika nasional bnn membongkar jaringan penyelundupan narkotika internasional narkoba yang diselendupkan jenis kuncup bunga kanabinoid lintas negara jaringan ini diduga beroperasi melalui malaysia tiongkok indonesia dan thailand dengan memanfaatkan jalur impor resmi untuk memasukkan narkotika ke indonesia jaringan ini merupakan jaringan internasional yang melibatkan malaysia tiongkok indonesia melalui thailand kata direktur jenderal bea dan cukai djaka budhi utama dalam konferensi pers di gresik jawa timur dikutip jumat 3 juli 2026 djaka mengungkapkan penyelundupan ini terbongkar saat petugas menemukan barang yang mencurigkan pada hasil pemeriksaan xray terhadap barang impor di pelabuhan tanjung priok petugas kemudian melakukan pemeriksaan lanjutan terhadap komoditas yang dianggap mencurigakan tersebut berdasarkan hasil pengujian barang tersebut dipastikan sebagai narkotika bea cukai selanjutnya segera berkoordinasi dengan bnn untuk menyusun langkah penindakan berikutnya alihalih langsung melakukan penyitaan di pelabuhan aparat memutuskan menerapkan metode controlled delivery atau pengiriman yang diawasi strategi tersebut dilakukan untuk menelusuri jaringan penerima hingga lokasi tujuan akhir sekaligus mengungkap pihakpihak yang terlibat dalam penyelundupan kami tidak langsung melakukan penangkapan di pelabuhan jika langkah itu dilakukan tentu kami tidak akan memperoleh informasi mengenai jaringan di belakangnya karena itu kami berkoordinasi secara ketat dengan bnn untuk melakukan controlled delivery hingga pengiriman tiba di gresik kata djaka djaka mengungkapkan bila operasi gabungan tersebut melibatkan personel bea cukai dan bnn yang mengawasi perjalanan kontainer sejak keluar dari pelabuhan tanjung priok hingga mencapai sebuah pergudangan di gresik jawa timur melalui operasi itu aparat berhasil membongkar jaringan penyelundupan sekaligus mengamankan barang bukti narkotika jenis kuncup bunga kanabinoid seberat 337 ton yang diangkut menggunakan empat kontainer penyelundupannarkoba beacukai badannarkotikanasional jaringaninternasional,netral,0.995,pemerintahan,1.0,0,0,2026-07-03,Gresik Jawa Timur,direktorat jenderal bea cukai sama badan narkotika nasional bnn bongkar jaring selundup narkotika internasional narkoba diselendupkan jenis kuncup bunga kanabinoid lintas negara jaring duga operasi lalu malaysia tiongkok indonesia thailand manfaat jalur impor resmi masuk narkotika indonesia jaring rupa jaring internasional libat malaysia tiongkok indonesia lalu thailand kata direktur jenderal bea cukai djaka budhi utama konferensi pers gresik jawa timur kutip jumat 3 juli 2026 djaka ungkap selundup bongkar tugas temu barang mencurigkan hasil periksa xray barang impor labuh tanjung priok tugas kemudian laku periksa lanjut komoditas anggap curiga sebut dasar hasil uji barang sebut pasti narkotika bea cukai lanjut segera koordinasi bnn susun langkah tindak ikut alihalih langsung laku sita labuh aparat putus terap metode controlled delivery kirim awas strategi sebut laku telusur jaring terima hingga lokasi tuju akhir sekaligus ungkap pihakpihak libat selundup langsung laku tangkap labuh langkah laku oleh informasi kena jaring belakang koordinasi ketat bnn laku controlled delivery hingga kirim tiba gresik kata djaka djaka ungkap bila operasi gabung sebut libat personel bea cukai bnn awas jalan kontainer sejak keluar labuh tanjung priok hingga capai buah gudang gresik jawa timur lalu operasi aparat hasil bongkar jaring selundup sekaligus aman barang bukti narkotika jenis kuncup bunga kanabinoid berat 337 ton angkut guna empat kontainer penyelundupannarkoba beacukai badannarkotikanasional jaringaninternasional
2072837155085287452,hariankompas,"Ganja asal Thailand yang berhasil diamankan sebanyak 2,27 ton dari sebuah gudang di Gresik, Jawa Timur. #Kriminalitas #Kompas61

https://t.co/QrQlSfag1o",ganja asal thailand yang berhasil diamankan sebanyak 227 ton dari sebuah gudang di gresik jawa timur kriminalitas kompas61,netral,0.997,umum,0.0,0,0,2026-07-03,Gresik Jawa Timur,ganja asal thailand hasil aman banyak 227 ton buah gudang gresik jawa timur kriminalitas kompas61
2072836939644895256,KompasData,"Ganja asal Thailand yang berhasil diamankan sebanyak 2,27 ton dari sebuah gudang di Gresik, Jawa Timur. #Kriminalitas #Kompas61

https://t.co/AhtUtIgcxd",ganja asal thailand yang berhasil diamankan sebanyak 227 ton dari sebuah gudang di gresik jawa timur kriminalitas kompas61,netral,0.997,umum,0.0,0,0,2026-07-03,Gresik Jawa Timur,ganja asal thailand hasil aman banyak 227 ton buah gudang gresik jawa timur kriminalitas kompas61
2072719553826893957,bnn_kabbogor,"BNN kembali menunjukkan komitmennya dalam memberantas jaringan narkotika internasional. Sebanyak 3,37 ton ganja diduga berasal dari Thailand berhasil digagalkan peredarannya di sebuah gudang di Gresik, Jawa Timur. Nilai barang bukti tersebut diperkirakan mencapai Rp4,5 triliun. https://t.co/zk4zLymlGy",bnn kembali menunjukkan komitmennya dalam memberantas jaringan narkotika internasional sebanyak 337 ton ganja diduga berasal dari thailand berhasil digagalkan peredarannya di sebuah gudang di gresik jawa timur nilai barang bukti tersebut diperkirakan mencapai rp45 triliun,netral,0.997,ekonomi,0.0,1,0,2026-07-02,Gresik Jawa Timur,bnn tunjuk komitmen berantas jaring narkotika internasional banyak 337 ton ganja duga asal thailand hasil gagal edar buah gudang gresik jawa timur nilai barang bukti sebut kira capai rp45 triliun
2072281236027126136,HumasGresik,"Upacara dipimpin langsung oleh Bupati Gresik, H. Fandi Ahmad Yani, selaku Inspektur Upacara yang membacakan amanat Presiden RI, Prabowo Subianto. Acara khidmat ini turut dihadiri oleh Kapolres Gresik AKBP Ramadhan Nasution, jajaran Forkopimda,",upacara dipimpin langsung oleh bupati gresik h fandi ahmad yani selaku inspektur upacara yang membacakan amanat presiden ri prabowo subianto acara khidmat ini turut dihadiri oleh kapolres gresik akbp ramadhan nasution jajaran forkopimda,netral,0.997,pemerintahan,0.0,1,0,2026-07-01,Bupati Gresik,upacara pimpin langsung bupati gresik h fandi ahmad yani selaku inspektur upacara baca amanat presiden ri prabowo subianto acara khidmat turut hadir kapolres gresik akbp ramadhan nasution jajar forkopimda
2072255304537120942,lantasresgresik,"Rabu, 1 Juli 2026, Polres Gresik melaksanakan Upacara Peringatan Hari Bhayangkara ke-80 yang berlangsung di Halaman Pemerintah Kabupaten Gresik. Upacara dipimpin oleh Bupati Gresik, Fandi Akhmad Yani, serta dihadiri oleh Kapolres Gresik, Dandim, jajaran Forkopimda https://t.co/EfN3TVkIDo",rabu 1 juli 2026 polres gresik melaksanakan upacara peringatan hari bhayangkara ke80 yang berlangsung di halaman pemerintah kabupaten gresik upacara dipimpin oleh bupati gresik fandi akhmad yani serta dihadiri oleh kapolres gresik dandim jajaran forkopimda,netral,0.997,pemerintahan,0.0,0,0,2026-07-01,Bupati Gresik,rabu 1 juli 2026 polres gresik laksana upacara ingat hari bhayangkara ke80 langsung halaman perintah kabupaten gresik upacara pimpin bupati gresik fandi akhmad yani hadir kapolres gresik dandim jajar forkopimda
2072219762395103375,fmsuaragresik,Polres Gresik Gelar Upacara Hari Bhayangkara ke-80 di Halaman Kantor Bupati Gresik | Berita selengkapnya di website https://t.co/lTM94tH3hO https://t.co/B2HRKQdBP1,polres gresik gelar upacara hari bhayangkara ke80 di halaman kantor bupati gresik berita selengkapnya di website,netral,0.998,pemerintahan,0.0,0,0,2026-07-01,Bupati Gresik,polres gresik gelar upacara hari bhayangkara ke80 halaman kantor bupati gresik berita lengkap website
2072934632824426695,info_bnnpkalbar,"Jutaan masa depan berhasil diselamatkan.

BNN RI bersama Bea Cukai dan Polres Gresik menggagalkan penyelundupan 3,37 ton ganja dan mengamankan 12 tersangka.

📞Call Center BNN 184 atau DM BNN Provinsi Kalimantan Barat.

#WarOnDrugsForHumanity https://t.co/OpwSLJf73h",jutaan masa depan berhasil diselamatkan bnn ri bersama bea cukai dan polres gresik menggagalkan penyelundupan 337 ton ganja dan mengamankan 12 tersangka call center bnn 184 atau dm bnn provinsi kalimantan barat warondrugsforhumanity,netral,0.997,umum,1.0,0,0,2026-07-03,Polres Gresik,juta masa depan hasil selamat bnn ri sama bea cukai polres gresik gagal selundup 337 ton ganja aman 12 sangka call center bnn 184 dm bnn provinsi kalimantan barat warondrugsforhumanity
2072563877091639417,kabarbaikdotco,"Komplotan pembobol rumah lintas provinsi berhasil diringkus Unit Resmob Satreskrim Polres Gresik. Dua tersangka berinisial MY, 52, dan HR, 50, asal Makassar dikeler ke kantor polisi.
https://t.co/bH8bOloEQa",komplotan pembobol rumah lintas provinsi berhasil diringkus unit resmob satreskrim polres gresik dua tersangka berinisial my 52 dan hr 50 asal makassar dikeler ke kantor polisi,netral,0.987,umum,0.0,0,0,2026-07-02,Polres Gresik,komplot bobol rumah lintas provinsi hasil ringkus unit resmob satreskrim polres gresik sangka inisial my 52 hr 50 asal makassar keler kantor polisi
2072189704867549644,TraiCon_Events,"We are proud to announce that Anindio Daneswara, Group Head of Technology, Digitalization &amp; Process Excellence at PT. Semen Indonesia (Persero) Tbk., will be sharing his expertise at the AI Revolution Summit Indonesia!

🗓️ July 16, 2026
📍 AYANA Midplaza, Jakarta, Indonesia https://t.co/scRKvr6840",we are proud to announce that anindio daneswara group head of technology digitalization amp process excellence at pt semen indonesia persero tbk will be sharing his expertise at the ai revolution summit indonesia july 16 2026 ayana midplaza jakarta indonesia,netral,0.982,industri,0.0,0,0,2026-07-01,Semen Indonesia,we are proud to announce that anindio daneswara group head of technology digitalization amp process excellence at pt semen indonesia persero tbk will be sharing his expertise at the ai revolution summit indonesia july 16 2026 ayana midplaza jakarta indonesia
2072168272859181232,arva_neng,"perubahan dari posisi rugi menjadi untung dialami oleh beberapa bumn seperti semen indonesia dan len, membuktikan efektivitas dukungan danantara #KinerjaBUMN https://t.co/A3HVrvHFho",perubahan dari posisi rugi menjadi untung dialami oleh beberapa bumn seperti semen indonesia dan len membuktikan efektivitas dukungan danantara kinerjabumn,netral,0.99,industri,0.0,0,0,2026-07-01,Semen Indonesia,ubah posisi rugi jadi untung alami beberapa bumn semen indonesia len bukti efektivitas dukung danantara kinerjabumn
2072132624517411028,eddesign_,"TURNAROUND vs GROWTH

PERTAMINA sangat berbeda dgn KRAS, lonjakan labanya murni ditopang perbaikan operasional riil dan efisiensi bisnis, bukan efek pemotongan utang.

Jika KRAS mencetak laba karena diselamatkan dari jerat utang lama, PERTAMINA mencetak laba jumbo karena mesin bisnis utamanya —yaitu jualan minyak, gas, dan petrokimia— berjalan jauh lebih efisien dan kompetitif di pasar.

                             👔💱🏗️

Berdasarkan data laporan keuangan BUMN di bawah BPI DANANTARA (periode April 2025–April 2026), perusahaan² pelat merah itu dapat dikelompokkan secara jelas. 

Pengelompokan ini memisahkan antara BUMN yg mencatat Laba Restrukturisasi/Akuntansi (Turnaround) —yaitu berbalik untung karena efisiensi utang dan dukungan modal— dgn BUMN yg mencatat Laba Murni Sektoral/Operasional (Growth) yg tumbuh berkat volume bisnis dan ekosistem komersial.

Berikut pengelompokan berdasarkan data resmi CNBC Indonesia di atas:

KELOMPOK 1: TURNAROUND

BUMN di kelompok ini sebelumnya menderita kerugian besar. Mereka berhasil mencetak laba terutama karena program penyehatan finansial, haircut (pemotongan) utang, serta suntikan modal kerja (Capital Support) dari Danantara. Operasional riil mereka baru mulai merangkak naik dan masih harus terus diuji konsistensinya.

1. PT Krakatau Steel Tbk (KRAS): Berbalik dari rugi Rp981 miliar mjd laba Rp635 miliar setelah restrukturisasi utang besar²an dan dukungan kapital Danantara.

2. PT Len Industri (Persero) / Defend ID: Berbalik dari minus Rp228 miliar mjd untung Rp314 milar berkat suntikan dana kerja u/ proyek pertahanan.

3. PT Agrinas Pangan: Berbalik dari rugi Rp12 miliar mjd laba Rp465 miliar.

4. PT Kimia Farma Tbk (KAEF): Berbalik dari rugi Rp160 miliar mjd laba Rp108 miliar setelah penataan ulang finansial dan efisiensi rantai pasok obat.

5. PT Semen Indonesia Tbk (SMGR): Berbalik dari rugi Rp66 miliar mjd laba Rp106 miliar dipicu transformasi portofolio bisnis oleh Danantara.

6. PT Danareksa (Persero): Berbalik dari rugi Rp72 miilar mjd laba Rp43 miliar.

KELOMPOK 2: GROWTH

BUMN di kelompok ini memiliki fundamental bisnis yg sudah kuat. Lonjakan laba mereka (bahkan ada yg naik hingga ratusan persen) murni berasal dari pertumbuhan penjualan, peningkatan margin jasa, atau integrasi operasional di lapangan.

A. Sektor Energi & Sumber Daya Alam

—PT Pertamina (Persero): Laba melonjak 80% mjd Rp24,9 triliun (naik Rp11 triliun) akibat efisiensi integrasi sektor hilir minyak dan gas.

—MIND ID (Holding Tambang): Laba naik 31% mjd Rp14,1 triliun, ditopang oleh tingginya volume produksi dan harga komoditas global.

—PT Pupuk Indonesia (Persero): Laba melonjak fantastis 202% mjd Rp4,8 triliun berkat penguatan distribusi bahan baku hulu.

B. Sektor Perbankan (Himbara) & Keuangan

Sektor ini menikmati laba murni karena penyaluran kredit yg ekspansif dan penurunan pencadangan kerugian (provisi).

—Bank Mandiri: Naik mjd Rp21,3 triliun (tumbuh 13%).
—Bank BRI: Naik mjd Rp21,2 triliun (tumbuh 15%).
—Bank BNI: Naik mjd Rp7,2 triliun (tumbuh 6%).
—PT Bank Syariah Indonesia Tbk (BRIS): Naik mjd Rp2,8 triliun (tumbuh 18%).
—Bank BTN: Melonjak hingga 1.339% secara tahunan mjd Rp1,4 triliun akibat peningkatan pembiayaan perumahan.

—PT Pegadaian: Laba melonjak 87% mjd Rp4,3 triliun karena tingginya permintaan gadai emas dan pembiayaan mikro.

C. Sektor Infrastruktur & Logistik

—PT Pelabuhan Indonesia (Pelindo): Laba tumbuh 169% mjd Rp1,5 triliun karena peningkatan arus bongkar muat kontainer dan logistik laut.
—PT Hutama Karya (Persero): Laba naik 40% mjd Rp628 miliar seiring mulai beroperasinya seksi² baru Jalan Tol Trans Sumatera secara komersial.

BUMN kelompok TURNAROUND (Krakatau Steel dan Kimia Farma) diibaratkan spt pasien yg baru keluar dari ruang operasi —selamat dari krisis berkat bantuan medis finansial Danantara.

Sedangkan kelompok GROWTH (Pertamina, Bank Mandiri, dll) adalah entitas sehat yg memang sedang berlari kencang memanen hasil keuntungan di pasarnya masing².",turnaround vs growth pertamina sangat berbeda dgn kras lonjakan labanya murni ditopang perbaikan operasional riil dan efisiensi bisnis bukan efek pemotongan utang jika kras mencetak laba karena diselamatkan dari jerat utang lama pertamina mencetak laba jumbo karena mesin bisnis utamanya yaitu jualan minyak gas dan petrokimia berjalan jauh lebih efisien dan kompetitif di pasar berdasarkan data laporan keuangan bumn di bawah bpi danantara periode april 2025april 2026 perusahaan² pelat merah itu dapat dikelompokkan secara jelas pengelompokan ini memisahkan antara bumn yg mencatat laba restrukturisasiakuntansi turnaround yaitu berbalik untung karena efisiensi utang dan dukungan modal dgn bumn yg mencatat laba murni sektoraloperasional growth yg tumbuh berkat volume bisnis dan ekosistem komersial berikut pengelompokan berdasarkan data resmi cnbc indonesia di atas kelompok 1 turnaround bumn di kelompok ini sebelumnya menderita kerugian besar mereka berhasil mencetak laba terutama karena program penyehatan finansial haircut pemotongan utang serta suntikan modal kerja capital support dari danantara operasional riil mereka baru mulai merangkak naik dan masih harus terus diuji konsistensinya 1 pt krakatau steel tbk kras berbalik dari rugi rp981 miliar mjd laba rp635 miliar setelah restrukturisasi utang besar²an dan dukungan kapital danantara 2 pt len industri persero defend id berbalik dari minus rp228 miliar mjd untung rp314 milar berkat suntikan dana kerja u proyek pertahanan 3 pt agrinas pangan berbalik dari rugi rp12 miliar mjd laba rp465 miliar 4 pt kimia farma tbk kaef berbalik dari rugi rp160 miliar mjd laba rp108 miliar setelah penataan ulang finansial dan efisiensi rantai pasok obat 5 pt semen indonesia tbk smgr berbalik dari rugi rp66 miliar mjd laba rp106 miliar dipicu transformasi portofolio bisnis oleh danantara 6 pt danareksa persero berbalik dari rugi rp72 miilar mjd laba rp43 miliar kelompok 2 growth bumn di kelompok ini memiliki fundamental bisnis yg sudah kuat lonjakan laba mereka bahkan ada yg naik hingga ratusan persen murni berasal dari pertumbuhan penjualan peningkatan margin jasa atau integrasi operasional di lapangan a sektor energi sumber daya alam pt pertamina persero laba melonjak 80 mjd rp249 triliun naik rp11 triliun akibat efisiensi integrasi sektor hilir minyak dan gas mind id holding tambang laba naik 31 mjd rp141 triliun ditopang oleh tingginya volume produksi dan harga komoditas global pt pupuk indonesia persero laba melonjak fantastis 202 mjd rp48 triliun berkat penguatan distribusi bahan baku hulu b sektor perbankan himbara keuangan sektor ini menikmati laba murni karena penyaluran kredit yg ekspansif dan penurunan pencadangan kerugian provisi bank mandiri naik mjd rp213 triliun tumbuh 13 bank bri naik mjd rp212 triliun tumbuh 15 bank bni naik mjd rp72 triliun tumbuh 6 pt bank syariah indonesia tbk bris naik mjd rp28 triliun tumbuh 18 bank btn melonjak hingga 1339 secara tahunan mjd rp14 triliun akibat peningkatan pembiayaan perumahan pt pegadaian laba melonjak 87 mjd rp43 triliun karena tingginya permintaan gadai emas dan pembiayaan mikro c sektor infrastruktur logistik pt pelabuhan indonesia pelindo laba tumbuh 169 mjd rp15 triliun karena peningkatan arus bongkar muat kontainer dan logistik laut pt hutama karya persero laba naik 40 mjd rp628 miliar seiring mulai beroperasinya seksi² baru jalan tol trans sumatera secara komersial bumn kelompok turnaround krakatau steel dan kimia farma diibaratkan spt pasien yg baru keluar dari ruang operasi selamat dari krisis berkat bantuan medis finansial danantara sedangkan kelompok growth pertamina bank mandiri dll adalah entitas sehat yg memang sedang berlari kencang memanen hasil keuntungan di pasarnya masing²,netral,0.656,infrastruktur,12.0,0,5,2026-07-01,Semen Indonesia,turnaround vs growth pertamina sangat beda kras lonjak laba murni topang baik operasional riil efisiensi bisnis bukan efek potong utang kras cetak laba selamat jerat utang lama pertamina cetak laba jumbo mesin bisnis utama jual minyak gas petrokimia jalan jauh lebih efisien kompetitif pasar dasar data lapor uang bumn bawah bpi danantara periode april 2025april 2026 usaha pelat merah kelompok jelas kelompok pisah bumn catat laba restrukturisasiakuntansi turnaround balik untung efisiensi utang dukung modal bumn catat laba murni sektoraloperasional growth tumbuh berkat volume bisnis ekosistem komersial ikut kelompok dasar data resmi cnbc indonesia atas kelompok 1 turnaround bumn kelompok belum derita rugi besar hasil cetak laba utama program sehat finansial haircut potong utang sunti modal kerja capital support danantara operasional riil baru mulai rangkak naik terus uji konsistensi 1 pt krakatau steel tbk kras balik rugi rp981 miliar mjd laba rp635 miliar restrukturisasi utang besar an dukung kapital danantara 2 pt len industri persero defend id balik minus rp228 miliar mjd untung rp314 milar berkat sunti dana kerja u proyek tahan 3 pt agrinas pangan balik rugi rp12 miliar mjd laba rp465 miliar 4 pt kimia farma tbk kaef balik rugi rp160 miliar mjd laba rp108 miliar tata ulang finansial efisiensi rantai pasok obat 5 pt semen indonesia tbk smgr balik rugi rp66 miliar mjd laba rp106 miliar picu transformasi portofolio bisnis danantara 6 pt danareksa persero balik rugi rp72 miilar mjd laba rp43 miliar kelompok 2 growth bumn kelompok milik fundamental bisnis kuat lonjak laba bahkan naik hingga ratus persen murni asal tumbuh jual tingkat margin jasa integrasi operasional lapang a sektor energi sumber daya alam pt pertamina persero laba lonjak 80 mjd rp249 triliun naik rp11 triliun akibat efisiensi integrasi sektor hilir minyak gas mind id holding tambang laba naik 31 mjd rp141 triliun topang tinggi volume produksi harga komoditas global pt pupuk indonesia persero laba lonjak fantastis 202 mjd rp48 triliun berkat kuat distribusi bahan baku hulu b sektor perban himbara uang sektor nikmat laba murni salur kredit ekspansif turun cadang rugi provisi bank mandiri naik mjd rp213 triliun tumbuh 13 bank bri naik mjd rp212 triliun tumbuh 15 bank bni naik mjd rp72 triliun tumbuh 6 pt bank syariah indonesia tbk bris naik mjd rp28 triliun tumbuh 18 bank btn lonjak hingga 1339 tahun mjd rp14 triliun akibat tingkat biaya rumah pt gadai laba lonjak 87 mjd rp43 triliun tinggi minta gadai emas biaya mikro c sektor infrastruktur logistik pt labuh indonesia pelindo laba tumbuh 169 mjd rp15 triliun tingkat arus bongkar muat kontainer logistik laut pt hutama karya persero laba naik 40 mjd rp628 miliar iring mulai operasi seksi baru jalan tol trans sumatera komersial bumn kelompok turnaround krakatau steel kimia farma ibarat spt pasien baru keluar ruang operasi selamat krisis berkat bantu medis finansial danantara kelompok growth pertamina bank mandiri entitas sehat memang sedang lari kencang panen hasil untung pasar masing
2072145734904979509,Gen_cuan,"JIIPE KEK Gresik menjadi pelopor pengelolaan lingkungan berbasis data dan kolaborasi multipihak untuk industri berkelanjutan, wujudkan komitmen dalam peringatan Hari Lingkungan Hidup Sedunia 2026. https://t.co/DziZOcf9wg",jiipe kek gresik menjadi pelopor pengelolaan lingkungan berbasis data dan kolaborasi multipihak untuk industri berkelanjutan wujudkan komitmen dalam peringatan hari lingkungan hidup sedunia 2026,netral,0.915,industri,0.0,0,0,2026-07-01,JIIPE,jiipe kek gresik jadi pelopor kelola lingkung bas data kolaborasi multipihak industri lanjut wujud komitmen ingat hari lingkung hidup dunia 2026
2072360322485325901,hazanafa,"NGAJI KITAB BULUGHUL MARAM
HADITS 331 - 333  MUADZIN DAN IMAM

YOUTUBE SARINYALA CHANNEL
https://t.co/B7JRHOh3Uo

FACEBOOK ZAINI ALAWI
https://t.co/iuUVET6hSp

Musholla Raudhatul Jannah Indro Kebomas Gresik

H. AHMAD Zaini Alawi, SE., MM.
Ketua Tanfidziyah PRNU Indro",ngaji kitab bulughul maram hadits 331 333 muadzin dan imam youtube sarinyala channel facebook zaini alawi musholla raudhatul jannah indro kebomas gresik h ahmad zaini alawi se mm ketua tanfidziyah prnu indro,netral,0.997,umum,1.0,0,0,2026-07-01,Kebomas Gresik,ngaji kitab bulughul maram hadits 331 333 muadzin imam youtube sarinyala channel facebook zaini alawi musholla raudhatul jannah indro kebomas gresik h ahmad zaini alawi se mm ketua tanfidziyah prnu indro
2072111342937608677,e100ss,"07.13: 
1. Pucuk Lamongan macet imbas perbaikan jembatan;
2. Ada perbaikan jalan di KM 16 Tol Kebomas Gresik arah Surabaya lajur kiri. Lallu lintas lancar. (ss-tm)",0713 1 pucuk lamongan macet imbas perbaikan jembatan 2 ada perbaikan jalan di km 16 tol kebomas gresik arah surabaya lajur kiri lallu lintas lancar sstm,netral,0.989,infrastruktur,1.0,0,0,2026-07-01,Kebomas Gresik,0713 1 pucuk lamongan macet imbas baik jembatan 2 baik jalan km 16 tol kebomas gresik arah surabaya lajur kiri lallu lintas lancar sstm
2072228204094582874,nugresik,"Peringati Harlah Ke-14 MDS Rijalul Ansor, GP Ansor Balongpanggang Gresik Komitmen Jaga Tradisi Pesantren dan Ulama https://t.co/VY4dVRUKqK",peringati harlah ke14 mds rijalul ansor gp ansor balongpanggang gresik komitmen jaga tradisi pesantren dan ulama,netral,0.983,umum,0.0,0,0,2026-07-01,Balongpanggang Gresik,ingat harlah ke14 mds rijalul ansor gp ansor balongpanggang gresik komitmen jaga tradisi pesantren ulama
2075061286799659153,soporshyne,"@hamdalah_asahi MAUUU, ADAIN SBY KAKKK ATAU GRESIK DEH",mauuu adain sby kakkk atau gresik deh,positif,0.613,umum,0.0,0,0,2026-07-09,Gresik,mauuu adain sby kakkk gresik deh
2075057600123519484,tidaadaa,"Satu hipotesis yg masuk akal dari banyaknya asumsi yg aku temuin kemarin, dentuman di Gresik selama hari Senin dan Rabu berasal dr rambatan suara yg diakibatkan angin dan kondisi atmosfer. 

Ini masih hipotesis ya, Jika ada yg masuk akal lagi bakal menarik utk dibandingin. https://t.co/DdAcDiO3fK",satu hipotesis yg masuk akal dari banyaknya asumsi yg aku temuin kemarin dentuman di gresik selama hari senin dan rabu berasal dr rambatan suara yg diakibatkan angin dan kondisi atmosfer ini masih hipotesis ya jika ada yg masuk akal lagi bakal menarik utk dibandingin,positif,0.587,bencana,0.0,0,0,2026-07-09,Gresik,satu hipotesis masuk akal banyak asumsi aku temuin kemarin dentum gresik lama hari senin rabu asal rambat suara akibat angin kondisi atmosfer hipotesis masuk akal bakal tarik dibandingin
2075053753812828535,myeolove,@yunesafess aku dari rumah nder karna rumah ku Gresik jadi aman ajaa apalagi berangkat subuh ga kena macet,aku dari rumah nder karna rumah ku gresik jadi aman ajaa apalagi berangkat subuh ga kena macet,positif,0.972,infrastruktur,0.0,0,0,2026-07-09,Gresik,aku rumah nder karna rumah ku gresik jadi aman ajaa berangkat subuh kena macet
2075051343333716119,kartininews,https://t.co/nr9usBFpNL KKN Mahasiswa Gresik,kkn mahasiswa gresik,netral,0.958,umum,0.0,0,0,2026-07-09,Gresik,kkn mahasiswa gresik
2075051241869398465,IniGresik,"Misteri Dentuman Keras di Gresik Rabu Malam, BPBD dan BMKG Selidiki Sumber Suara yang Bikin Warga Resah https://t.co/Bxs3RwSsfk",misteri dentuman keras di gresik rabu malam bpbd dan bmkg selidiki sumber suara yang bikin warga resah,netral,0.993,umum,0.0,0,0,2026-07-09,Gresik,misteri dentum keras gresik rabu malam bpbd bmkg selidik sumber suara bikin warga resah
2075050278852960363,OrondisOpti,"@sby_workerspt Edisi gresik ga ono ta mas, sekali2 away😂",edisi gresik ga ono ta mas sekali2 away,negatif,0.403,umum,0.0,0,0,2026-07-09,Gresik,edisi gresik ono ta mas sekali2 away
2075050001542287852,Ilyasfurqon3,"Pengeceka kangkung di Ds. Kedungpring Kec.Balongpanggang  Kab. Gresik untuk mendukung program ketahanan pangan

#astacita 
#swasembadapangan 
#ketahananpangan #ketahananpanganpoldajatim 
#ssdmpolri 
#divhumaspolri 
#birosdmpoldajatim 
#bidhumaspoldajatim 
#polresgresik 
#gresik https://t.co/Kx5qSZtwlX",pengeceka kangkung di ds kedungpring kecbalongpanggang kab gresik untuk mendukung program ketahanan pangan astacita swasembadapangan ketahananpangan ketahananpanganpoldajatim ssdmpolri divhumaspolri birosdmpoldajatim bidhumaspoldajatim polresgresik gresik,netral,0.994,umum,0.0,0,0,2026-07-09,Gresik,pengeceka kangkung ds kedungpring kecbalongpanggang kab gresik dukung program tahan pangan astacita swasembadapangan ketahananpangan ketahananpanganpoldajatim ssdmpolri divhumaspolri birosdmpoldajatim bidhumaspoldajatim polresgresik gresik
2075049553372577968,infogempadunia,"Terkait dentuman Gresik kemarin, ini ga bener ya. Penjelasannya sudah mimin sampaikan di postingan sebelumnya. Sumber suara dentuman Gresik berasal dari Kegiatan Parade Surya Senja 2026 di Akademi Angkatan Laut, Surabaya.

#info #gempa #dunia https://t.co/upk4LOGqHr",terkait dentuman gresik kemarin ini ga bener ya penjelasannya sudah mimin sampaikan di postingan sebelumnya sumber suara dentuman gresik berasal dari kegiatan parade surya senja 2026 di akademi angkatan laut surabaya info gempa dunia,netral,0.876,bencana,0.0,0,0,2026-07-09,Gresik,kait dentum gresik kemarin bener jelas mimin sampai postingan belum sumber suara dentum gresik asal giat parade surya senja 2026 akademi angkat laut surabaya info gempa dunia
2075045387807953297,HumasGresik,"Kapolres Gresik, AKBP Ramadhan Nasution, hadir dalam pembukaan Lomba Menembak ""Kapolda Jatim Cup 2026"" di Lapangan Tembak Katjoeng Permadi, Mapolda Jatim.
​
#PolresGresik #KapoldaJatimCup2026 #HariBhayangkara80 #PolriPresisi #LombaMenemba https://t.co/aIOEFaWvbB",kapolres gresik akbp ramadhan nasution hadir dalam pembukaan lomba menembak kapolda jatim cup 2026 di lapangan tembak katjoeng permadi mapolda jatim polresgresik kapoldajatimcup2026 haribhayangkara80 polripresisi lombamenemba,netral,0.997,umum,0.0,1,0,2026-07-09,Gresik,kapolres gresik akbp ramadhan nasution hadir buka lomba tembak kapolda jatim cup 2026 lapang tembak katjoeng madi mapolda jatim polresgresik kapoldajatimcup2026 haribhayangkara80 polripresisi lombamenemba
2075038552048685449,shakiraamanda78,Pengecekan Tanaman kangkung di Ds. Kedungpring Kec.Balongpanggang  Kab. Gresik https://t.co/3q0robZvEi,pengecekan tanaman kangkung di ds kedungpring kecbalongpanggang kab gresik,netral,0.993,bencana,0.0,0,0,2026-07-09,Gresik,kece tanam kangkung ds kedungpring kecbalongpanggang kab gresik
2075033451389182343,nouveaute__,"@yunesafess Better nyari kos atau penginapan terdekat nder, kalo rumahnya sidoarjo atau gresik yah gpp tapi pasti macet di jalan belum lagi prepare make up dll",better nyari kos atau penginapan terdekat nder kalo rumahnya sidoarjo atau gresik yah gpp tapi pasti macet di jalan belum lagi prepare make up dll,netral,0.759,infrastruktur,0.0,0,0,2026-07-09,Gresik,better nyari kos inap dekat nder kalo rumah sidoarjo gresik yah gpp macet jalan prepare make up
2075033084022624637,mustaanghuf,"@bandungfootball Logika na teu asup 😂 Striker Eropa ga subur di Liga 2 yang taktiknya cuma 'long ball inshallah', berarti kasta tertinggi Eropa Timur lebih ampas dari Liga 2 kita kitu? 😭

​Skuad Gresik bahela nu baleg cuman Fadil Sausu sama Renan itu juga WKWK. Valuena ge cuma 1/3 Persib 😅 https://t.co/QuzbYq6FVQ",logika na teu asup striker eropa ga subur di liga 2 yang taktiknya cuma long ball inshallah berarti kasta tertinggi eropa timur lebih ampas dari liga 2 kita kitu skuad gresik bahela nu baleg cuman fadil sausu sama renan itu juga wkwk valuena ge cuma 13 persib,negatif,0.964,olahraga,0.0,0,0,2026-07-09,Gresik,logika na teu asup striker eropa subur liga 2 taktik cuma long ball inshallah arti kasta tinggi eropa timur lebih ampas liga 2 kitu skuad gresik bahela nu baleg cuman fadil sausu sama renan wkwk valuena ge cuma 13 persib
2075029817075077611,blissthethicsss,knp yh di Gresik gada Fore😭,knp yh di gresik gada fore,negatif,0.986,umum,2.0,1,0,2026-07-09,Gresik,knp yh gresik gada fore
2075028081820188985,Cabwee,@FeatPictures @cinema21 Gresik ga adaa?,gresik ga adaa,netral,0.741,umum,0.0,0,0,2026-07-09,Gresik,gresik adaa
2075024537276780906,papichulioo97,#zonauangㅤ #surabaya #gresik #sidoarjo #jawatimur #jatim https://t.co/WIKdPoMj86,zonauangㅤ surabaya gresik sidoarjo jawatimur jatim,netral,0.997,umum,0.0,0,0,2026-07-09,Gresik,zonauang surabaya gresik sidoarjo jawatimur jatim
2075011552898605159,infogempadunia,Dentuman Gresik https://t.co/3bHGxInr8L,dentuman gresik,netral,0.795,umum,1.0,1,0,2026-07-09,Gresik,dentum gresik
2075004068150509976,slyshypeach,Mimpi apaaa Gresik suhu 21° nih. Pantes dingin nih pagi 😂,mimpi apaaa gresik suhu 21 nih pantes dingin nih pagi,negatif,0.93,umum,0.0,0,0,2026-07-08,Gresik,mimpi apaaa gresik suhu 21 nih pantes dingin nih pagi
2074999701737517539,credOLIN,"@notesofjee Gresik, Kak.",gresik kak,netral,0.802,umum,0.0,0,0,2026-07-08,Gresik,gresik kak
2073685817667563635,PDI_Perjuangan,"DPC PDI Perjuangan Kabupaten Gresik bersama PERCASI Gresik sukses menggelar Soekarno Cup 2 Gresik Junior Chess Fighter sebagai penutup rangkaian Bulan Bung Karno 2026. Turnamen yang diikuti 200 pecatur muda dari seluruh kecamatan di Kabupaten Gresik ini berlangsung di Gedung WEP 1 Gresik, Selasa (30/6/2026).

Kompetisi yang mempertandingkan kategori SD, SMP, hingga SMA ini menjadi wadah pembinaan atlet catur usia muda sekaligus menumbuhkan semangat sportivitas, disiplin, dan daya pikir strategis di kalangan generasi muda.

Melalui Soekarno Cup 2, DPC PDI Perjuangan Kabupaten Gresik berharap semakin banyak bibit-bibit pecatur berbakat yang lahir dan mampu mengharumkan nama daerah di tingkat yang lebih tinggi.

#PDIPerjuangan
#MenangkanRakyat
#SatyamEvaJayate 
#KebenaranPastiMenang
#SolidBerderap",dpc pdi perjuangan kabupaten gresik bersama percasi gresik sukses menggelar soekarno cup 2 gresik junior chess fighter sebagai penutup rangkaian bulan bung karno 2026 turnamen yang diikuti 200 pecatur muda dari seluruh kecamatan di kabupaten gresik ini berlangsung di gedung wep 1 gresik selasa 3062026 kompetisi yang mempertandingkan kategori sd smp hingga sma ini menjadi wadah pembinaan atlet catur usia muda sekaligus menumbuhkan semangat sportivitas disiplin dan daya pikir strategis di kalangan generasi muda melalui soekarno cup 2 dpc pdi perjuangan kabupaten gresik berharap semakin banyak bibitbibit pecatur berbakat yang lahir dan mampu mengharumkan nama daerah di tingkat yang lebih tinggi pdiperjuangan menangkanrakyat satyamevajayate kebenaranpastimenang solidberderap,netral,0.499,pendidikan,4.0,0,2,2026-07-05,Kabupaten Gresik,dpc pdi juang kabupaten gresik sama cas gresik sukses gelar soekarno cup 2 gresik junior chess fighter tutup rangkai bulan bung karno 2026 turnamen ikut 200 catur muda seluruh camat kabupaten gresik langsung gedung wep 1 gresik selasa 3062026 kompetisi tanding kategori sd smp hingga sma jadi wadah bina atlet catur usia muda sekaligus tumbuh semangat sportivitas disiplin daya pikir strategis kalang generasi muda lalu soekarno cup 2 dpc pdi juang kabupaten gresik harap makin banyak bibitbibit catur bakat lahir mampu harum nama daerah tingkat lebih tinggi pdiperjuangan menangkanrakyat satyamevajayate kebenaranpastimenang solidberderap
2073449097965809722,gres1knews,"Dorong UMKM Naik Kelas, Prodi Perbankan USG Gelar Sosialisasi dan Pendampingan Sertifikasi Halal di  Desa 

Program Studi (Prodi) Perbankan Syariah, USG menggelar pengabdian masyarakat di Balai Desa Wadeng, Kec. Sidayu, Kabupaten Gresik, Selasa, 2/7/2026.
https://t.co/hI1u6IFimx",dorong umkm naik kelas prodi perbankan usg gelar sosialisasi dan pendampingan sertifikasi halal di desa program studi prodi perbankan syariah usg menggelar pengabdian masyarakat di balai desa wadeng kec sidayu kabupaten gresik selasa 272026,netral,0.996,ekonomi,0.0,0,0,2026-07-04,Kabupaten Gresik,dorong umkm naik kelas prodi perban usg gelar sosialisasi damping sertifikasi halal desa program studi prodi perban syariah usg gelar abdi masyarakat balai desa wadeng kec sidayu kabupaten gresik selasa 272026
2072598886200569907,e100ss,"15.30:
1. Ada truk bermasalah di sebelum Exit Tol Gresik Kota. Toni pendengar SS melaporkan, posisi truk di lajur kanan. Waspadai, Kawan;
2. Ada truk tronton muat baja bermasalah di Raya Trosobo arah Krian. Yohanis pendengar SS melaporkan, posisi tronton di lajur kiri. (ss-ji) https://t.co/t9jPsJiOTO",1530 1 ada truk bermasalah di sebelum exit tol gresik kota toni pendengar ss melaporkan posisi truk di lajur kanan waspadai kawan 2 ada truk tronton muat baja bermasalah di raya trosobo arah krian yohanis pendengar ss melaporkan posisi tronton di lajur kiri ssji,netral,0.968,infrastruktur,7.0,0,0,2026-07-02,Gresik Kota,1530 1 truk masalah exit tol gresik kota ton dengar ss lapor posisi truk lajur kanan waspada kawan 2 truk tronton muat baja masalah raya trosobo arah krian yohanis dengar ss lapor posisi tronton lajur kiri ssji
2072518613899305175,kabarbaikdotco,"Sejumlah personel Polres Gresik menerima penghargaan dari Bupati Gresik Fandi Ahmad Yani dalam rangkaian peringatan Hari Bhayangkara ke-80 di Kantor Pemerintah Kabupaten Gresik, Rabu (1/7).
https://t.co/iZKAFNZrbq",sejumlah personel polres gresik menerima penghargaan dari bupati gresik fandi ahmad yani dalam rangkaian peringatan hari bhayangkara ke80 di kantor pemerintah kabupaten gresik rabu 17,netral,0.998,pemerintahan,0.0,0,0,2026-07-02,Bupati Gresik,jumlah personel polres gresik terima harga bupati gresik fandi ahmad yani rangkai ingat hari bhayangkara ke80 kantor perintah kabupaten gresik rabu 17
2073651599013285902,INFOBNNKKR,"BNN RI bersama Direktorat Jenderal Bea dan Cukai, dengan dukungan Polres Gresik, berhasil mengungkap jaringan internasional penyelundupan ganja asal Thailand yang masuk ke Indonesia melalui jalur impor resmi.
.
.
.
.
Selengkapnya 👇👇👇
https://t.co/T4EwvpKc2Y https://t.co/4320Tb8ihQ",bnn ri bersama direktorat jenderal bea dan cukai dengan dukungan polres gresik berhasil mengungkap jaringan internasional penyelundupan ganja asal thailand yang masuk ke indonesia melalui jalur impor resmi selengkapnya,netral,0.997,umum,1.0,0,0,2026-07-05,Polres Gresik,bnn ri sama direktorat jenderal bea cukai dukung polres gresik hasil ungkap jaring internasional selundup ganja asal thailand masuk indonesia lalu jalur impor resmi lengkap
2073422436989804856,e100ss,"22.02: Update kecelakaan di KM 7 ruas Tol Gresik arah Surabaya. AKP Mulyani Kanit PJR Jatim 2 mengabarkan, mobil yang terbakar adalah Innova Zenix Nopol S 1474 CF. 

Awalnya, mobil melintas dari Bojonegoro dengan tujuan Surabaya. Saat di KM 7 ruas Tol Gresik arah Surabaya, mobil mengalami konsleting listrik dan mengeluarkan asap. Kemudian disusul percikan api pada bagian bawah kabin mesin. Sehingga, sopir menepikan kendaraan di bahu jalan untuk melakukan upaya pemadaman. 

Tidak ada korban jiwa dalam kejadian ini. Saat ini mobil yang terbakar dibawa ke Polres Gresik. (ss-af)",2202 update kecelakaan di km 7 ruas tol gresik arah surabaya akp mulyani kanit pjr jatim 2 mengabarkan mobil yang terbakar adalah innova zenix nopol s 1474 cf awalnya mobil melintas dari bojonegoro dengan tujuan surabaya saat di km 7 ruas tol gresik arah surabaya mobil mengalami konsleting listrik dan mengeluarkan asap kemudian disusul percikan api pada bagian bawah kabin mesin sehingga sopir menepikan kendaraan di bahu jalan untuk melakukan upaya pemadaman tidak ada korban jiwa dalam kejadian ini saat ini mobil yang terbakar dibawa ke polres gresik ssaf,netral,0.966,infrastruktur,1.0,0,0,2026-07-04,Polres Gresik,2202 update celaka km 7 ruas tol gresik arah surabaya akp mulyani kanit pjr jatim 2 abar mobil bakar innova zenix nopol s 1474 cf awal mobil lintas bojonegoro tuju surabaya km 7 ruas tol gresik arah surabaya mobil alami konsleting listrik keluar asap kemudian susul percik api bagi bawah kabin mesin sopir tepi kendara bahu jalan laku upaya madam korban jiwa jadi mobil bakar bawa polres gresik ssaf
2073375679908032893,HumasGresik,"Anggota Satlantas Polres Gresik melaksanakan kegiatan Jumat Berkah Berbagi sebagai wujud kepedulian dan semangat berbagi kepada masyarakat.

#SatlantasPolresGresik #PolriUntukMasyarakat #JumatBerkah #JumatBerkahBerbagi https://t.co/a94vaWH3sn",anggota satlantas polres gresik melaksanakan kegiatan jumat berkah berbagi sebagai wujud kepedulian dan semangat berbagi kepada masyarakat satlantaspolresgresik polriuntukmasyarakat jumatberkah jumatberkahberbagi,netral,0.945,umum,1.0,0,1,2026-07-04,Polres Gresik,anggota satlantas polres gresik laksana giat jumat berkah bagi wujud peduli semangat bagi masyarakat satlantaspolresgresik polriuntukmasyarakat jumatberkah jumatberkahberbagi
2073374247146393661,HumasGresik,"Anggota Satlantas Polres Gresik melaksanakan kegiatan Jumat Berkah Berbagi sebagai wujud kepedulian dan semangat berbagi kepada masyarakat.

#SatlantasPolresGresik #PolriUntukMasyarakat #JumatBerkah #JumatBerkahBerbagi https://t.co/q4cMdbc9Zr",anggota satlantas polres gresik melaksanakan kegiatan jumat berkah berbagi sebagai wujud kepedulian dan semangat berbagi kepada masyarakat satlantaspolresgresik polriuntukmasyarakat jumatberkah jumatberkahberbagi,netral,0.945,umum,0.0,0,0,2026-07-04,Polres Gresik,anggota satlantas polres gresik laksana giat jumat berkah bagi wujud peduli semangat bagi masyarakat satlantaspolresgresik polriuntukmasyarakat jumatberkah jumatberkahberbagi
2073323964915724563,lantasresgresik,"Dalam kegiatan Hiling kali ini, Anggota Satlantas Polres Gresik melaksanakan patroli di kawasan Exit Tol Manyar dan memberikan imbauan kepada para pengemudi truk yang masih memarkirkan kendaraannya di bahu jalan. https://t.co/1flBUPYJJR",dalam kegiatan hiling kali ini anggota satlantas polres gresik melaksanakan patroli di kawasan exit tol manyar dan memberikan imbauan kepada para pengemudi truk yang masih memarkirkan kendaraannya di bahu jalan,netral,0.997,infrastruktur,0.0,0,0,2026-07-04,Polres Gresik,giat hiling kali anggota satlantas polres gresik laksana patroli kawasan exit tol manyar beri imbau kemudi truk parkir kendara bahu jalan
2073000980875214863,lantasresgresik,"Anggota Satlantas Polres Gresik melaksanakan kegiatan Jumat Berkah Berbagi sebagai wujud kepedulian dan semangat berbagi kepada masyarakat.

Melalui kegiatan sederhana ini, kami berharap dapat menghadirkan manfaat, mempererat tali silaturahmi, serta menumbuhkan semangat saling https://t.co/UCi1nvLkxr",anggota satlantas polres gresik melaksanakan kegiatan jumat berkah berbagi sebagai wujud kepedulian dan semangat berbagi kepada masyarakat melalui kegiatan sederhana ini kami berharap dapat menghadirkan manfaat mempererat tali silaturahmi serta menumbuhkan semangat saling,netral,0.61,umum,1.0,0,1,2026-07-03,Polres Gresik,anggota satlantas polres gresik laksana giat jumat berkah bagi wujud peduli semangat bagi masyarakat lalu giat sederhana harap hadir manfaat erat tali silaturahmi tumbuh semangat saling
2072942528022933580,e100ss,"Mohon bantuannya, Kawan.
Beberapa pendengar Radio Suara Surabaya melaporkan kehilangan sepeda motor hari ini (3/7/2026) pk. 00.00-14.00 WIB:

1. Beat Deluxe, hitam, L 6370 FG. Hilang di daerah Waru sekitar pukul 03.39 WIB. 
2. PCX, 2020, coklat grey, W 5836 GB. Terkena gendam di daerah Bunder Gresik sekitar pukul 10.00 WIB. Sudah lapor Polres Gresik. (ss-tm)",mohon bantuannya kawan beberapa pendengar radio suara surabaya melaporkan kehilangan sepeda motor hari ini 372026 pk 00001400 wib 1 beat deluxe hitam l 6370 fg hilang di daerah waru sekitar pukul 0339 wib 2 pcx 2020 coklat grey w 5836 gb terkena gendam di daerah bunder gresik sekitar pukul 1000 wib sudah lapor polres gresik sstm,netral,0.994,umum,1.0,0,1,2026-07-03,Polres Gresik,mohon bantu kawan beberapa dengar radio suara surabaya lapor hilang sepeda motor hari 372026 pk 00001400 wib 1 beat deluxe hitam l 6370 fg hilang daerah waru pukul 0339 wib 2 pcx 2020 coklat grey w 5836 gb kena gendam daerah bunder gresik pukul 1000 wib lapor polres gresik sstm
2072492134771679579,kabarbaikdotco,"PT Petrokimia Gresik kembali memberangkatkan 50 peserta Program Wirakarya Taruna Makmur Batch IX untuk menjalani magang lapangan selama enam bulan di berbagai daerah.
https://t.co/pvkKQ3cVp2",pt petrokimia gresik kembali memberangkatkan 50 peserta program wirakarya taruna makmur batch ix untuk menjalani magang lapangan selama enam bulan di berbagai daerah,netral,0.996,infrastruktur,0.0,0,0,2026-07-02,Petrokimia Gresik,pt petrokimia gresik berangkat 50 serta program wirakarya taruna makmur batch ix jalan magang lapang lama enam bulan bagai daerah
2072668294377766963,waskitaadijarto,"Satu lagi halaman komisaris BUMN yang hilang : PT Semen Indonesia Logistik
Ir. Abdul Muis M.T. ; lulusan S2 ITB
Yumarni Latif; lulusan D3 Akuntansi Unpad. ex caleg Partai Buruh 
Zaid Elhabib; lulusan S2 manajemen  UGM. ex legislatif DPRD partai Gerindra
tautan: https://t.co/VX690SdRo4",satu lagi halaman komisaris bumn yang hilang pt semen indonesia logistik ir abdul muis mt lulusan s2 itb yumarni latif lulusan d3 akuntansi unpad ex caleg partai buruh zaid elhabib lulusan s2 manajemen ugm ex legislatif dprd partai gerindra tautan,netral,0.983,pemerintahan,115.0,8,40,2026-07-02,Semen Indonesia,satu halaman komisaris bumn hilang pt semen indonesia logistik ir abdul mu mt lulus s2 itb yumarni latif lulus d3 akuntansi unpad ex caleg partai buruh zaid elhabib lulus s2 manajemen ugm ex legislatif dprd partai gerindra taut
2072651452917711062,Imade_kun,"Banyak pula yang rangkap jabatan di era Pak Prabowo...

Daftar komisaris yang sedang viral dan jadi topik perbincangan panas di X (Twitter) baru-baru ini (akhir Juni 2026)

Mufli Budi Ananda — Asisten Pribadi Raffi Ahmad → Komisaris PT Krakatau Posco (perusahaan patungan PT Krakatau Steel dan POSCO Korea Selatan, industri baja)

Ginka Febriyanti Ginting — Koordinator Nasional BISON (organisasi relawan pendukung Prabowo-Gibran) → Komisaris PT Pertamina Retail (anak usaha Pertamina yang mengelola SPBU ritel)

Ahmad Najmi Shahab — tim kreatif & sosial media di Rumah Besar Relawan Prabowo → Komisaris PT Krakatau Semen Indonesia

Sudaryono — Wakil Menteri Pertanian → Komisaris Utama PT Pupuk Indonesia

Giring Ganesha — Wakil Menteri Kebudayaan → Komisaris PT GMF AeroAsia

Angga Raka Prabowo — Wakil Menteri Komunikasi dan Digital → Komisaris Utama PT Telkom Indonesia

Ossy Dermawan — Wakil Menteri ATR/BPN → Komisaris PT Telkom Indonesia

Fahri Hamzah — Wakil Menteri Perumahan dan Kawasan Permukiman → Komisaris PT Bank Tabungan Negara (BTN)

Suahasil Nazara — Wakil Menteri Keuangan → Wakil Komisaris Utama PT PLN

Helvy Yuni Moraza — Wakil Menteri UMKM → Komisaris PT Bank Rakyat Indonesia (BRI)

Diana Kusumastuti — Wakil Menteri Pekerjaan Umum → Komisaris PT Brantas Abipraya

Yuliot Tanjung — Wakil Menteri ESDM → Komisaris PT Bank Mandiri

Didit Herdiawan — Wakil Menteri Kelautan dan Perikanan → Komisaris Utama PT Perikanan Indonesia

Suntana — Wakil Menteri Perhubungan → Wakil Komisaris Utama PT Pelindo

Dante Saksono Harbuwono — Wakil Menteri Kesehatan → Komisaris PT Pertamina Bina Medika

Donny Ermawan Taufanto — Wakil Menteri Pertahanan → Komisaris Utama PT Dahana

Christina Aryani — Wakil Menteri Pelindungan Pekerja Migran Indonesia → Komisaris PT Semen Indonesia

Diaz Hendropriyono — Wakil Menteri Lingkungan Hidup → Komisaris Utama PT Telkomsel

Ahmad Riza Patria — Wakil Menteri Desa dan Pembangunan Daerah Tertinggal → Komisaris PT Telkomsel

Dyah Roro Esti Widya Putri — Wakil Menteri Perdagangan → Komisaris Utama PT Sarinah

Todotua Pasaribu — Wakil Menteri Investasi/BKPM → Wakil Komisaris Utama PT Pertamina

Ratu Isyana Bagoes Oka — Wakil Menteri Kependudukan dan Pembangunan Keluarga → Komisaris PT Mitratel

Juri Ardiantoro — Wakil Menteri Sekretaris Negara → Komisaris Utama PT Jasa Marga

Veronica Tan — Wakil Menteri Pemberdayaan Perempuan dan Perlindungan Anak → Komisaris PT Citilink Indonesia

Taufik Hidayat — Wakil Menteri Pemuda dan Olahraga → Komisaris PT PLN Energi Primer Indonesia

Arif Havas Oegroseno — Wakil Menteri Luar Negeri → Komisaris PT Pertamina International Shipping

Stella Christie — Wakil Menteri Pendidikan Tinggi, Sains, dan Teknologi → Komisaris PT Pertamina Hulu Energi",banyak pula yang rangkap jabatan di era pak prabowo daftar komisaris yang sedang viral dan jadi topik perbincangan panas di x twitter barubaru ini akhir juni 2026 mufli budi ananda asisten pribadi raffi ahmad komisaris pt krakatau posco perusahaan patungan pt krakatau steel dan posco korea selatan industri baja ginka febriyanti ginting koordinator nasional bison organisasi relawan pendukung prabowogibran komisaris pt pertamina retail anak usaha pertamina yang mengelola spbu ritel ahmad najmi shahab tim kreatif sosial media di rumah besar relawan prabowo komisaris pt krakatau semen indonesia sudaryono wakil menteri pertanian komisaris utama pt pupuk indonesia giring ganesha wakil menteri kebudayaan komisaris pt gmf aeroasia angga raka prabowo wakil menteri komunikasi dan digital komisaris utama pt telkom indonesia ossy dermawan wakil menteri atrbpn komisaris pt telkom indonesia fahri hamzah wakil menteri perumahan dan kawasan permukiman komisaris pt bank tabungan negara btn suahasil nazara wakil menteri keuangan wakil komisaris utama pt pln helvy yuni moraza wakil menteri umkm komisaris pt bank rakyat indonesia bri diana kusumastuti wakil menteri pekerjaan umum komisaris pt brantas abipraya yuliot tanjung wakil menteri esdm komisaris pt bank mandiri didit herdiawan wakil menteri kelautan dan perikanan komisaris utama pt perikanan indonesia suntana wakil menteri perhubungan wakil komisaris utama pt pelindo dante saksono harbuwono wakil menteri kesehatan komisaris pt pertamina bina medika donny ermawan taufanto wakil menteri pertahanan komisaris utama pt dahana christina aryani wakil menteri pelindungan pekerja migran indonesia komisaris pt semen indonesia diaz hendropriyono wakil menteri lingkungan hidup komisaris utama pt telkomsel ahmad riza patria wakil menteri desa dan pembangunan daerah tertinggal komisaris pt telkomsel dyah roro esti widya putri wakil menteri perdagangan komisaris utama pt sarinah todotua pasaribu wakil menteri investasibkpm wakil komisaris utama pt pertamina ratu isyana bagoes oka wakil menteri kependudukan dan pembangunan keluarga komisaris pt mitratel juri ardiantoro wakil menteri sekretaris negara komisaris utama pt jasa marga veronica tan wakil menteri pemberdayaan perempuan dan perlindungan anak komisaris pt citilink indonesia taufik hidayat wakil menteri pemuda dan olahraga komisaris pt pln energi primer indonesia arif havas oegroseno wakil menteri luar negeri komisaris pt pertamina international shipping stella christie wakil menteri pendidikan tinggi sains dan teknologi komisaris pt pertamina hulu energi,netral,0.973,pemerintahan,2.0,0,1,2026-07-02,Semen Indonesia,banyak rangkap jabat era pak prabowo daftar komisaris sedang viral jadi topik bincang panas x twitter barubaru akhir juni 2026 mufli budi ananda asisten pribadi raffi ahmad komisaris pt krakatau posco usaha patungan pt krakatau steel posco korea selatan industri baja ginka febriyanti ginting koordinator nasional bison organisasi rawan dukung prabowogibran komisaris pt pertamina retail anak usaha pertamina kelola spbu ritel ahmad najmi shahab tim kreatif sosial media rumah besar rawan prabowo komisaris pt krakatau semen indonesia sudaryono wakil menteri tani komisaris utama pt pupuk indonesia giring ganesha wakil menteri budaya komisaris pt gmf aeroasia angga raka prabowo wakil menteri komunikasi digital komisaris utama pt telkom indonesia ossy dermawan wakil menteri atrbpn komisaris pt telkom indonesia fahri hamzah wakil menteri rumah kawasan mukim komisaris pt bank tabung negara btn suahasil nazara wakil menteri uang wakil komisaris utama pt pln helvy yuni moraza wakil menteri umkm komisaris pt bank rakyat indonesia bri ana kusumastuti wakil menteri kerja umum komisaris pt brantas abipraya yuliot tanjung wakil menteri esdm komisaris pt bank mandiri didit herdiawan wakil menteri laut ikan komisaris utama pt ikan indonesia suntana wakil menteri hubung wakil komisaris utama pt pelindo dante saksono harbuwono wakil menteri sehat komisaris pt pertamina bina medika donny ermawan taufanto wakil menteri tahan komisaris utama pt dahana christina aryani wakil menteri lindung kerja migran indonesia komisaris pt semen indonesia diaz hendropriyono wakil menteri lingkung hidup komisaris utama pt telkomsel ahmad riza patria wakil menteri desa bangun daerah tinggal komisaris pt telkomsel dyah roro esti widya putri wakil menteri dagang komisaris utama pt sarinah todotua pasaribu wakil menteri investasibkpm wakil komisaris utama pt pertamina ratu isyana bagoes oka wakil menteri duduk bangun keluarga komisaris pt mitratel juri ardiantoro wakil menteri sekretaris negara komisaris utama pt jasa marga veronica tan wakil menteri daya perempuan lindung anak komisaris pt citilink indonesia taufik hidayat wakil menteri pemuda olahraga komisaris pt pln energi primer indonesia arif havas oegroseno wakil menteri luar negeri komisaris pt pertamina international shipping stella christie wakil menteri didik tinggi sains teknologi komisaris pt pertamina hulu energi
2072650715378622690,suaradotcom,"Aturan ditabrak, kritik diabaikan! ICW kecam keras langkah Prabowo yang dianggap sengaja menormalkan rangkap jabatan lewat penunjukan Nanik S. Deyang cs.

Baca selengkapnya: https://t.co/wnc3Mped7E

#prabowo #rangkapjabatan #ICW #naniksdeyang #aturan BM https://t.co/DhBil7AnuV",aturan ditabrak kritik diabaikan icw kecam keras langkah prabowo yang dianggap sengaja menormalkan rangkap jabatan lewat penunjukan nanik s deyang cs baca selengkapnya prabowo rangkapjabatan icw naniksdeyang aturan bm,netral,0.934,umum,4.0,0,2,2026-07-02,Semen Indonesia,atur tabrak kritik abai icw kecam keras langkah prabowo anggap sengaja normal rangkap jabat lewat tunjuk nanik s deyang cs baca lengkap prabowo rangkapjabatan icw naniksdeyang atur bm
2072564515691258229,hmjmunej,"Halo, Warga S1 Manajemen! 👋

PT Semen Indonesia membuka Program MAGENTA SIG 2026 bagi mahasiswa aktif untuk memperoleh pengalaman magang di lingkungan BUMN.

Yuk jangan sampai lewatkan kesempatan ini ✨

🖇️ Link Pendaftaran:
https://t.co/aVC951dGoT https://t.co/pj6gmCzNtF",halo warga s1 manajemen pt semen indonesia membuka program magenta sig 2026 bagi mahasiswa aktif untuk memperoleh pengalaman magang di lingkungan bumn yuk jangan sampai lewatkan kesempatan ini link pendaftaran,netral,0.995,industri,0.0,1,0,2026-07-02,Semen Indonesia,halo warga s1 manajemen pt semen indonesia buka program magenta sig 2026 mahasiswa aktif oleh alam magang lingkung bumn yuk jangan lewat sempat link daftar
2072534803547857269,faizcazika,"Ini bang?? 
Daftar Wamen Kabinet Merah Putih Rangkap Jabatan Komisaris BUMN (Per Juli 2026)

 1. Sudaryono - Wamentan - Komut Pupuk Indonesia - 2024
 2. Giring Ganesha - Wamenbud - Kom. GMF AeroAsia - 2024
 3. Angga Raka Prabowo - Wamenkomdigi - Komut Telkom - 2024
 4. Ossy Dermawan - Wamen ATR/BPN - Kom. Telkom - 2024
 5. Fahri Hamzah - Wamen PKP - Kom. BTN - 2024
 6. Suahasil Nazara - Wamenkeu - Wakomut PLN - 2024
 7. Helvy Yuni Moraza - Wamen UMKM - Kom. BRI - 2024
 8. Diana Kusumastuti - Wamen PU - Komut Brantas Abipraya - 2024
 9. Yuliot Tanjung - Wamen ESDM - Kom. Bank Mandiri - 2024
 10. Didit Herdiawan Ashaf - Wamen KP - Komut Perikanan Indonesia - 2024
 11. Suntana - Wamenhub - Wakomut Pelindo - 2024
 12. Dante S. Harbuwono - Wamenkes - Kom. Pertamina Bina Medika - 2024
 13. Donny Ermawan T. - Wamenhan - Komut Dahana - 2024
 14. Christina Aryani - Wamen P2MI - Kom. Semen Indonesia - 2024
 15. Diaz Hendropriyono - Wamen LH - Komut Telkomsel - 2024
 16. Ahmad Riza Patria - Wamendes PDT - Kom. Telkomsel - 2024
 17. Dyah Roro Esti - Wamendag - Komut Sarinah - 2024
 18. Todotua Pasaribu - Wamen Investasi/BKPM - Wakomut Pertamina - 2024
 19. Ratu Isyana B. Oka - Wamen Dukbangga - Kom. Mitratel - 2024
 20. Juri Ardiantoro - Wamensesneg - Komut Jasa Marga - 2024
 21. Nezar Patria - Wamenkomdigi - Komut Indosat - 2024
 22. Veronica Tan - Wamen PPPA - Kom. Citilink - 2024
 23. Taufik Hidayat - Wamenpora - Kom. PLN EPI - 2024
 24. Arif Havas Oegroseno - Wamenlu - Kom. Pertamina Int'l Shipping - 2024
 25. Stella Christie - Wamen Dikti Saintek - Kom. Pertamina Hulu Energi - 2024
 26. Bambang Eko Suhariyanto - Wamensesneg - Kom. PLN - 2024
 27. Faisol Riza - Wamenperin - Komut Pertamina Gas - 2024
 28. Irene Umar - Wamen Ekraf - Kom. Pertamina Gas - 2024
 29. Arrmanatha Christiawan Nasir - Wamenlu - Kom. PLN Indonesia Power - 2024
 30. Edward Omar Sharif Hiariej (Eddy Hiariej) - Wamenkum - Kom. PGN - 2024

Sumber: Publikasi https://t.co/sNbQQRHisp & Laporan Transparency International Indonesia (TII), 1 Juli 2026",ini bang daftar wamen kabinet merah putih rangkap jabatan komisaris bumn per juli 2026 1 sudaryono wamentan komut pupuk indonesia 2024 2 giring ganesha wamenbud kom gmf aeroasia 2024 3 angga raka prabowo wamenkomdigi komut telkom 2024 4 ossy dermawan wamen atrbpn kom telkom 2024 5 fahri hamzah wamen pkp kom btn 2024 6 suahasil nazara wamenkeu wakomut pln 2024 7 helvy yuni moraza wamen umkm kom bri 2024 8 diana kusumastuti wamen pu komut brantas abipraya 2024 9 yuliot tanjung wamen esdm kom bank mandiri 2024 10 didit herdiawan ashaf wamen kp komut perikanan indonesia 2024 11 suntana wamenhub wakomut pelindo 2024 12 dante s harbuwono wamenkes kom pertamina bina medika 2024 13 donny ermawan t wamenhan komut dahana 2024 14 christina aryani wamen p2mi kom semen indonesia 2024 15 diaz hendropriyono wamen lh komut telkomsel 2024 16 ahmad riza patria wamendes pdt kom telkomsel 2024 17 dyah roro esti wamendag komut sarinah 2024 18 todotua pasaribu wamen investasibkpm wakomut pertamina 2024 19 ratu isyana b oka wamen dukbangga kom mitratel 2024 20 juri ardiantoro wamensesneg komut jasa marga 2024 21 nezar patria wamenkomdigi komut indosat 2024 22 veronica tan wamen pppa kom citilink 2024 23 taufik hidayat wamenpora kom pln epi 2024 24 arif havas oegroseno wamenlu kom pertamina intl shipping 2024 25 stella christie wamen dikti saintek kom pertamina hulu energi 2024 26 bambang eko suhariyanto wamensesneg kom pln 2024 27 faisol riza wamenperin komut pertamina gas 2024 28 irene umar wamen ekraf kom pertamina gas 2024 29 arrmanatha christiawan nasir wamenlu kom pln indonesia power 2024 30 edward omar sharif hiariej eddy hiariej wamenkum kom pgn 2024 sumber publikasi laporan transparency international indonesia tii 1 juli 2026,netral,0.967,ekonomi,21.0,3,1,2026-07-02,Semen Indonesia,bang daftar wamen kabinet merah putih rangkap jabat komisaris bumn per juli 2026 1 sudaryono wamentan komut pupuk indonesia 2024 2 giring ganesha wamenbud kom gmf aeroasia 2024 3 angga raka prabowo wamenkomdigi komut telkom 2024 4 ossy dermawan wamen atrbpn kom telkom 2024 5 fahri hamzah wamen pkp kom btn 2024 6 suahasil nazara wamenkeu wakomut pln 2024 7 helvy yuni moraza wamen umkm kom bri 2024 8 ana kusumastuti wamen pu komut brantas abipraya 2024 9 yuliot tanjung wamen esdm kom bank mandiri 2024 10 didit herdiawan ashaf wamen kp komut ikan indonesia 2024 11 suntana wamenhub wakomut pelindo 2024 12 dante s harbuwono wamenkes kom pertamina bina medika 2024 13 donny ermawan t wamenhan komut dahana 2024 14 christina aryani wamen p2mi kom semen indonesia 2024 15 diaz hendropriyono wamen lh komut telkomsel 2024 16 ahmad riza patria wamendes pdt kom telkomsel 2024 17 dyah roro esti wamendag komut sarinah 2024 18 todotua pasaribu wamen investasibkpm wakomut pertamina 2024 19 ratu isyana b oka wamen dukbangga kom mitratel 2024 20 juri ardiantoro wamensesneg komut jasa marga 2024 21 nezar patria wamenkomdigi komut indosat 2024 22 veronica tan wamen pppa kom citilink 2024 23 taufik hidayat wamenpora kom pln epi 2024 24 arif havas oegroseno wamenlu kom pertamina intl shipping 2024 25 stella christie wamen dikti saintek kom pertamina hulu energi 2024 26 bambang eko suhariyanto wamensesneg kom pln 2024 27 faisol riza wamenperin komut pertamina gas 2024 28 irene umar wamen ekraf kom pertamina gas 2024 29 arrmanatha christiawan nasir wamenlu kom pln indonesia power 2024 30 edward omar sharif hiariej eddy hiariej wamenkum kom pgn 2024 sumber publikasi lapor transparency international indonesia tii 1 juli 2026
2072750735796945064,SEAEnergyNews,"🇮🇩 PT AKR Corporindo (AKRA), the operator of the JIIPE Gresik Special Economic Zone, has established a joint venture (JV) called PT Andalanesa Energi Primer with BW Group to develop a Floating Storage Regasification Unit (FSRU) project for LNG. https://t.co/APlGivg1v4",pt akr corporindo akra the operator of the jiipe gresik special economic zone has established a joint venture jv called pt andalanesa energi primer with bw group to develop a floating storage regasification unit fsru project for lng,netral,0.991,industri,0.0,0,0,2026-07-02,JIIPE,pt akr corporindo akra the operator of the jiipe gresik special economic zone has established a joint venture jv called pt andalanesa energi primer with bw group to develop a floating storage regasification unit fsru project for lng
2072737136323985642,serakiwi,Ternyata perjalanan kebomas-jiipe bolak balik utk kerja 10 jam onsite sama capeknya kayak kerja pp banda-mbo di outlet resto dlm satu hari. Mantap.,ternyata perjalanan kebomasjiipe bolak balik utk kerja 10 jam onsite sama capeknya kayak kerja pp bandambo di outlet resto dlm satu hari mantap,positif,0.993,infrastruktur,0.0,0,0,2026-07-02,JIIPE,nyata jalan kebomasjiipe bolak balik kerja 10 jam onsite sama capek kayak kerja pp bandambo outlet resto dlm satu hari mantap
2072690188716036530,SEAEnergyNews,"🇮🇩 PT AKR Corporindo (AKRA), the operator of the JIIPE Gresik Special Economic Zone, has established a joint venture (JV) called PT Andalanesa Energi Primer with 🇸🇬 BW Group to develop a Floating Storage Regasification Unit (FSRU) project for LNG. https://t.co/APlGivg1v4",pt akr corporindo akra the operator of the jiipe gresik special economic zone has established a joint venture jv called pt andalanesa energi primer with bw group to develop a floating storage regasification unit fsru project for lng,netral,0.991,industri,0.0,0,0,2026-07-02,JIIPE,pt akr corporindo akra the operator of the jiipe gresik special economic zone has established a joint venture jv called pt andalanesa energi primer with bw group to develop a floating storage regasification unit fsru project for lng
2072619966491435048,blissthethicsss,"Ini juga masih area Gresik ya, guys! 📢

Buat yang lagi cari peluang kerja di sekitar Gresik, ada info loker dari PT Asuka Engineering (subcon PT Freeport Indonesia Smelter Gresik) dengan penempatan di PTFI KEK JIIPE Gresik

PT Asuka Engineering Indonesia is inviting you to join us as professional in following positions :
1. Project Engineer / Placement : Gresik (Project)
2. Electrical Maintenance Skilled Worker / Placement : PTFI, Gresik
3. Instrument Inspection Skilled Worker / Placement : PTFI, Gresik
4. Teknisi Repair Valve / Placement : Gresik

Check attached files for details.
Send your best resume to https://t.co/YntVfYh3w3",ini juga masih area gresik ya guys buat yang lagi cari peluang kerja di sekitar gresik ada info loker dari pt asuka engineering subcon pt freeport indonesia smelter gresik dengan penempatan di ptfi kek jiipe gresik pt asuka engineering indonesia is inviting you to join us as professional in following positions 1 project engineer placement gresik project 2 electrical maintenance skilled worker placement ptfi gresik 3 instrument inspection skilled worker placement ptfi gresik 4 teknisi repair valve placement gresik check attached files for details send your best resume to,netral,0.936,industri,17.0,1,3,2026-07-02,JIIPE,area gresik guys buat cari peluang kerja gresik info loker pt asuka engineering subcon pt freeport indonesia smelter gresik tempat ptfi kek jiipe gresik pt asuka engineering indonesia is inviting you to join us as professional in following positions 1 project engineer placement gresik project 2 electrical maintenance skilled worker placement ptfi gresik 3 instrument inspection skilled worker placement ptfi gresik 4 teknisi repair valve placement gresik check attached files for details send your best resume to
2072565806542766157,blissthethicsss,"Guys, buat mutualku yang kemarin lagi cari-cari loker area Gresik, aku mau share info loker nihh! 

Wilmar lagi buka open recruitment dan ada beberapa posisi yang sedang dibuka.

Wilmar Unit Gresik looking for some positions :
- Analyst (min D3/ S1 Chemistry, fresh graduate or 1 year experience)
- Foreman Oleochemical (Min D3 - S1 Chemical Engineering, min 1 year experience)
- Safety Officer (Min D3 - S1 K3, Elec / Mech Eng, Certified Ahli K3 Umum, min 1 year experience in related industry)
- Heavy Equipment Foreman (min 1 year of experience in the same position)
- Utility Foreman (min 1 year of experience in the same field)
- Utility OSBL Foreman (min 1 year of experience in the same field)
- Maintenance Foreman (Min D3/S1 Mech & electrical Engineering, experience min 1 year in Industrial Maintenance)
- HR - Organizational Development (Min D3/ S1 Industrial Engineering, Has experience implementing a PMS system)
- HR-People Development Officer (min S1 Psychology, experienced min 1 year in people development industry)
- HR-Training Officer (min S1, min 2 years experience in Training Admin & System)

Please check on https://t.co/A2SEleGwGR for Gresik Placement

Do not go through any link beside the link above or https://t.co/9CpicleEIZ for All Units Placement

During the selection process there is no need to pay for transportation and other accommodation costs.
Fraud beware! Good Luck everyone!",guys buat mutualku yang kemarin lagi caricari loker area gresik aku mau share info loker nihh wilmar lagi buka open recruitment dan ada beberapa posisi yang sedang dibuka wilmar unit gresik looking for some positions analyst min d3 s1 chemistry fresh graduate or 1 year experience foreman oleochemical min d3 s1 chemical engineering min 1 year experience safety officer min d3 s1 k3 elec mech eng certified ahli k3 umum min 1 year experience in related industry heavy equipment foreman min 1 year of experience in the same position utility foreman min 1 year of experience in the same field utility osbl foreman min 1 year of experience in the same field maintenance foreman min d3s1 mech electrical engineering experience min 1 year in industrial maintenance hr organizational development min d3 s1 industrial engineering has experience implementing a pms system hrpeople development officer min s1 psychology experienced min 1 year in people development industry hrtraining officer min s1 min 2 years experience in training admin system please check on for gresik placement do not go through any link beside the link above or for all units placement during the selection process there is no need to pay for transportation and other accommodation costs fraud beware good luck everyone,netral,0.91,industri,42.0,8,14,2026-07-02,JIIPE,guys buat mutualku kemarin caricari loker area gresik aku mau share info loker nihh wilmar buka open recruitment beberapa posisi sedang buka wilmar unit gresik looking for some positions analyst min d3 s1 chemistry fresh graduate or 1 year experience foreman oleochemical min d3 s1 chemical engineering min 1 year experience safety officer min d3 s1 k3 elec mech eng certified ahli k3 umum min 1 year experience in related industry heavy equipment foreman min 1 year of experience in the same position utility foreman min 1 year of experience in the same field utility osbl foreman min 1 year of experience in the same field maintenance foreman min d3s1 mech electrical engineering experience min 1 year in industrial maintenance hr organizational development min d3 s1 industrial engineering has experience implementing a pms system hrpeople development officer min s1 psychology experienced min 1 year in people development industry hrtraining officer min s1 min 2 years experience in training admin system please check on for gresik placement do not go through any link beside the link above or for all units placement during the selection process there is no need to pay for transportation and other accommodation costs fraud beware good luck everyone
2072591981436629316,blissthethicsss,"@zekakabul @NESCAFE itu gresik perbatasan kak gelora samudro
kawasan jiipe itu di setelah tol manyar masih lurus kira2 2-3km😭",itu gresik perbatasan kak gelora samudro kawasan jiipe itu di setelah tol manyar masih lurus kira2 23km,netral,0.997,infrastruktur,0.0,1,0,2026-07-02,JIIPE,gresik batas kak gelora samudro kawasan jiipe tol manyar lurus kira2 23km
2072561062399074649,IDNFinancials,"JAKARTA – PT AKR Corporindo Tbk (AKRA), pengelola KEK JIIPE Gresik, membentuk usaha patungan (JV) yang dinamakan PT Andalanesa Energi Primer bersama BW Group untuk menggarap proyek Floating Storage Regasification Unit (FSRU) untuk LNG.

Baca selengkapnya: https://t.co/Xi9sExZyCk https://t.co/SiMyKB30NX",jakarta pt akr corporindo tbk akra pengelola kek jiipe gresik membentuk usaha patungan jv yang dinamakan pt andalanesa energi primer bersama bw group untuk menggarap proyek floating storage regasification unit fsru untuk lng baca selengkapnya,netral,0.997,industri,0.0,0,0,2026-07-02,JIIPE,jakarta pt akr corporindo tbk akra kelola kek jiipe gresik bentuk usaha patungan jv nama pt andalanesa energi primer sama bw group garap proyek floating storage regasification unit fsru lng baca lengkap
2072544439323734461,blissthethicsss,@zekakabul @NESCAFE tikum kawasan jiipe kak kwkw,tikum kawasan jiipe kak kwkw,negatif,0.562,industri,0.0,1,0,2026-07-02,JIIPE,tikum kawasan jiipe kak kwkw
2072642673421537474,lantasresgresik,Anggota Unit Kamsel Satlantas Polres Gresik melaksanakan sosialisasi dan memberikan imbauan keselamatan berlalu lintas kepada para pengemudi truk di kawasan industri Gresik. https://t.co/roUZ9eeLn4,anggota unit kamsel satlantas polres gresik melaksanakan sosialisasi dan memberikan imbauan keselamatan berlalu lintas kepada para pengemudi truk di kawasan industri gresik,netral,0.997,industri,0.0,0,0,2026-07-02,industri Gresik,anggota unit kamsel satlantas polres gresik laksana sosialisasi beri imbau selamat lalu lintas kemudi truk kawasan industri gresik
2072830620192186678,caphextwin,portugal mainnya kaya persegres gresik,portugal mainnya kaya persegres gresik,negatif,0.741,olahraga,0.0,1,0,2026-07-02,Persegres,portugal main kaya gres gresik
2072637286823714996,bnnkabmimika,"BNN menggagalkan penyelundupan masif 3,37 ton ganja asal Thailand di Manyar, Gresik, Jawa Timur.  
#GenerasiEmasPapua
#IndonesiaBersinar
#IndonesiaBersihNarkoba
#PapuaBersinar
#BNNKMimika https://t.co/cWAL6V2XoO",bnn menggagalkan penyelundupan masif 337 ton ganja asal thailand di manyar gresik jawa timur generasiemaspapua indonesiabersinar indonesiabersihnarkoba papuabersinar bnnkmimika,netral,0.996,umum,1.0,0,0,2026-07-02,Manyar Gresik,bnn gagal selundup masif 337 ton ganja asal thailand manyar gresik jawa timur generasiemaspapua indonesiabersinar indonesiabersihnarkoba papuabersinar bnnkmimika
2072622432087847278,PapuaBnn,"Badan Narkotika Nasional (BNN) menggagalkan penyelundupan masif 3,37 ton ganja asal Thailand di Manyar, Gresik, Jawa Timur. Modus pelaku menyembunyikan barang haram bermutu tinggi (bunga ganja dengan THC tinggi) ini di dalam koper yang dikirim lewat ekspedisi. https://t.co/FXGaNxd3YX",badan narkotika nasional bnn menggagalkan penyelundupan masif 337 ton ganja asal thailand di manyar gresik jawa timur modus pelaku menyembunyikan barang haram bermutu tinggi bunga ganja dengan thc tinggi ini di dalam koper yang dikirim lewat ekspedisi,netral,0.911,umum,2.0,0,0,2026-07-02,Manyar Gresik,badan narkotika nasional bnn gagal selundup masif 337 ton ganja asal thailand manyar gresik jawa timur modus laku sembunyi barang haram mutu tinggi bunga ganja thc tinggi koper kirim lewat ekspedisi
2072580089863381089,e100ss,"Mohon bantuannya, Kawan.
Beberapa pendengar Radio Suara Surabaya melaporkan kehilangan sepeda motor hari ini (2/7/2026) pk. 00.00-14.00 WIB:

1. Vario 1250, 2017, hitam putih, W 4650 NBA. Hilang di daerah Porong Sidoarjo pada kemarin (1/7/2026) pukul 18.30 WIB. Sudah lapor Polsek Porong Sidoarjo.
2. Supra 125, W 3040 UU. Hilang di daerah Jabon Sidoarjo pada kemarin (1/7/2026) pukul 10.00 WIB. Sudah dilaporkan ke polisi.
3. Karisma, 2002, W 4406 NDO. Dilarikan oleh orang tidak dikenal dengan modus menawarkan kerja di daerah Driyorejo Gresik. Sudah lapor Polsek Driyorejo Gresik.
4. Beat, 2019, biru putih, L 5639 NM. Hilang di daerah Simokerto sekitar pukul 05.30 WIB. Sudah lapor Polsek Simokerto. (ss-tm)",mohon bantuannya kawan beberapa pendengar radio suara surabaya melaporkan kehilangan sepeda motor hari ini 272026 pk 00001400 wib 1 vario 1250 2017 hitam putih w 4650 nba hilang di daerah porong sidoarjo pada kemarin 172026 pukul 1830 wib sudah lapor polsek porong sidoarjo 2 supra 125 w 3040 uu hilang di daerah jabon sidoarjo pada kemarin 172026 pukul 1000 wib sudah dilaporkan ke polisi 3 karisma 2002 w 4406 ndo dilarikan oleh orang tidak dikenal dengan modus menawarkan kerja di daerah driyorejo gresik sudah lapor polsek driyorejo gresik 4 beat 2019 biru putih l 5639 nm hilang di daerah simokerto sekitar pukul 0530 wib sudah lapor polsek simokerto sstm,netral,0.716,pendidikan,1.0,0,2,2026-07-02,Driyorejo Gresik,mohon bantu kawan beberapa dengar radio suara surabaya lapor hilang sepeda motor hari 272026 pk 00001400 wib 1 vario 1250 2017 hitam putih w 4650 nba hilang daerah porong sidoarjo kemarin 172026 pukul 1830 wib lapor polsek porong sidoarjo 2 supra 125 w 3040 uu hilang daerah jabon sidoarjo kemarin 172026 pukul 1000 wib lapor polisi 3 karisma 2002 w 4406 ndo lari orang kenal modus tawar kerja daerah driyorejo gresik lapor polsek driyorejo gresik 4 beat 2019 biru putih l 5639 nm hilang daerah simokerto pukul 0530 wib lapor polsek simokerto sstm
2072512936778801156,Putrianjelin2,"BIOTOKKO Menjual toilet portable dengan asesoris lengkap bahan dasar fiberglass.
#info pemesanan &amp; ketersediaan stock barang hubungi:
#BIOTOKKO
*Perum gading intan blok d1 no 15 driyorejo-gresik.
*Telp:(031-99059250)
*WhatsApp:(08113252285 // 085732168569) https://t.co/2bUHcNjw8Z",biotokko menjual toilet portable dengan asesoris lengkap bahan dasar fiberglass info pemesanan amp ketersediaan stock barang hubungi biotokko perum gading intan blok d1 no 15 driyorejogresik telp03199059250 whatsapp08113252285 085732168569,netral,0.994,umum,0.0,0,0,2026-07-02,Driyorejo Gresik,biotokko jual toilet portable asesoris lengkap bahan dasar fiberglass info mesan amp sedia stock barang hubung biotokko perum gading intan blok d1 no 15 driyorejogresik telp03199059250 whatsapp08113252285 085732168569
2072675116857930091,e100ss,"Badan Narkotika Nasional (BNN) RI mengungkap sebanyak 3,37 ton bunga canabinoid marjiuana asal Thailand yang diselundupkan ke Indonesian bakal didistribusikan ke sejumlah kota besar.

Penyelundupan tersebut terbongkar setelah BNN RI menggelar operasi gabungan dan menggerebek sebuah gudang di Pergudangan Prambanan Bizland Cerme, Gresik, Jawa Timur (Jatim).

Irjen Pol Aswin Sipayung Deputi Bidang Pemberantasan BNN RI mengatakan, barang bukti yang diungkap dalam kasus ini rencananya akan diedarkan ke berbagai daerah dengan pasar utama. Wilayah yang menjadi sasaran distribusi tersebut adalah Bali, Jawa Timur, Jawa Tengah, Sumatera Selatan hingga ke Kalimantan.

“Distribusi barang bukti yang sekarang ini kita rilis akan didistribusikan di seluruh Indonesia. Terutama kota-kota besar, ya. Bali, Jawa Timur di sini, Jakarta, Semarang, dan Sumatera Selatan, dan kota-kota besar lainnya seperti Balikpapan,” ujarnya saat doorstop usai konferensi pers di Gresik, Kamis (2/7/2026).

Berdasarkan hasil pendalaman penyidik BNN RI, bahan narkoba tersebut paling banyak diedarkan di wilayah Bali.

“Jadi, menurut kasus yang pernah kita selesaikan, banyak pelaku itu penggunanya ada di wilayah Bali. Ya, mungkin distribusi terbesar ada di wilayah Bali,” ujar Aswin.

Untuk diketahui, pengungkapan kasus ini bermula dari operasi control delivery yang dilakukan BNN sesudah menerima informasi intelijen mengenai pengiriman barang dari Pelabuhan Tanjung Priok.

Petugas kemudian mengikuti pergerakan barang hingga akhirnya mengamankan tersangka di sebuah gudang di Cerme, Gresik. Total 12 pelaku telah diamankan, terdiri dari 1 pelaku WNA dan 11 WNI.

“Jadi, dari Tanjung Priuk kemudian kegiatan intelijen ya, kemudian sampailah kami menangkap, mengamankan tersangka yang berada di gudang tersebut, ya,” kata Aswin.

BNN juga mengungkap sebagian produk mengandung narkotika yang sudah diolah dalam bentuk cairan vape telah lebih dahulu beredar di masyarakat. “Jadi kandungan vape sudah beredar ya, sudah pernah diungkap juga oleh kita,” ujarnya.

Menurut Aswin, jaringan yang dibongkar di Gresik merupakan jaringan baru dengan modus berbeda dari kasus sebelumnya. Jika sebelumnya BNN mengungkap peredaran zat etomidate, kali ini pelaku menggunakan bahan lain yang berpotensi menjadi bahan baku narkotika untuk kemudian diekstraksi dan dimasukkan ke dalam cartridge rokok elektrik.

“Ini jaringan yang baru ya. Kalau yang sebelumnya jenis nama kimianya etomidate, tapi yang ini adalah jaringan yang baru, yang berpotensi juga menjadi bahan baku pembuatan narkotika ya, bahan baku dari kanabis ya dan nanti akan di-extract menjadi isinya catridge rokok elektrik,” pungkasnya.

#newSS",badan narkotika nasional bnn ri mengungkap sebanyak 337 ton bunga canabinoid marjiuana asal thailand yang diselundupkan ke indonesian bakal didistribusikan ke sejumlah kota besar penyelundupan tersebut terbongkar setelah bnn ri menggelar operasi gabungan dan menggerebek sebuah gudang di pergudangan prambanan bizland cerme gresik jawa timur jatim irjen pol aswin sipayung deputi bidang pemberantasan bnn ri mengatakan barang bukti yang diungkap dalam kasus ini rencananya akan diedarkan ke berbagai daerah dengan pasar utama wilayah yang menjadi sasaran distribusi tersebut adalah bali jawa timur jawa tengah sumatera selatan hingga ke kalimantan distribusi barang bukti yang sekarang ini kita rilis akan didistribusikan di seluruh indonesia terutama kotakota besar ya bali jawa timur di sini jakarta semarang dan sumatera selatan dan kotakota besar lainnya seperti balikpapan ujarnya saat doorstop usai konferensi pers di gresik kamis 272026 berdasarkan hasil pendalaman penyidik bnn ri bahan narkoba tersebut paling banyak diedarkan di wilayah bali jadi menurut kasus yang pernah kita selesaikan banyak pelaku itu penggunanya ada di wilayah bali ya mungkin distribusi terbesar ada di wilayah bali ujar aswin untuk diketahui pengungkapan kasus ini bermula dari operasi control delivery yang dilakukan bnn sesudah menerima informasi intelijen mengenai pengiriman barang dari pelabuhan tanjung priok petugas kemudian mengikuti pergerakan barang hingga akhirnya mengamankan tersangka di sebuah gudang di cerme gresik total 12 pelaku telah diamankan terdiri dari 1 pelaku wna dan 11 wni jadi dari tanjung priuk kemudian kegiatan intelijen ya kemudian sampailah kami menangkap mengamankan tersangka yang berada di gudang tersebut ya kata aswin bnn juga mengungkap sebagian produk mengandung narkotika yang sudah diolah dalam bentuk cairan vape telah lebih dahulu beredar di masyarakat jadi kandungan vape sudah beredar ya sudah pernah diungkap juga oleh kita ujarnya menurut aswin jaringan yang dibongkar di gresik merupakan jaringan baru dengan modus berbeda dari kasus sebelumnya jika sebelumnya bnn mengungkap peredaran zat etomidate kali ini pelaku menggunakan bahan lain yang berpotensi menjadi bahan baku narkotika untuk kemudian diekstraksi dan dimasukkan ke dalam cartridge rokok elektrik ini jaringan yang baru ya kalau yang sebelumnya jenis nama kimianya etomidate tapi yang ini adalah jaringan yang baru yang berpotensi juga menjadi bahan baku pembuatan narkotika ya bahan baku dari kanabis ya dan nanti akan diextract menjadi isinya catridge rokok elektrik pungkasnya newss,netral,0.983,infrastruktur,6.0,0,1,2026-07-02,Cerme Gresik,badan narkotika nasional bnn ri ungkap banyak 337 ton bunga canabinoid marjiuana asal thailand selundup indonesian bakal distribusi jumlah kota besar selundup sebut bongkar bnn ri gelar operasi gabung gerebek buah gudang gudang prambanan bizland cerme gresik jawa timur jatim irjen pol aswin sipayung deputi bidang berantas bnn ri kata barang bukti ungkap kasus rencana edar bagai daerah pasar utama wilayah jadi sasar distribusi sebut bal jawa timur jawa tengah sumatera selatan hingga kalimantan distribusi barang bukti sekarang rilis distribusi seluruh indonesia utama kotakota besar bal jawa timur sini jakarta semarang sumatera selatan kotakota besar lain balikpapan ujar doorstop usai konferensi pers gresik kamis 272026 dasar hasil dalam sidik bnn ri bahan narkoba sebut paling banyak edar wilayah bal jadi kasus pernah selesai banyak laku guna wilayah bal mungkin distribusi besar wilayah bal ujar aswin tahu ungkap kasus mula operasi control delivery laku bnn terima informasi intelijen kena kirim barang labuh tanjung priok tugas kemudian ikut gera barang hingga akhir aman sangka buah gudang cerme gresik total 12 laku aman diri 1 laku wna 11 wni jadi tanjung priuk kemudian giat intelijen kemudian sampai tangkap aman sangka ada gudang sebut kata aswin bnn ungkap bagi produk kandung narkotika olah bentuk cair vape lebih edar masyarakat jadi kandung vape edar pernah ungkap ujar aswin jaring bongkar gresik rupa jaring baru modus beda kasus belum belum bnn ungkap edar zat etomidate kali laku guna bahan potensi jadi bahan baku narkotika kemudian ekstraksi masuk cartridge rokok elektrik jaring baru kalau belum jenis nama kimia etomidate jaring baru potensi jadi bahan baku buat narkotika bahan baku kanabis diextract jadi isi catridge rokok elektrik pungkas newss
2072570124050280603,jawapos,"BNN Bongkar Jaringan Narkoba Internasional di Cerme Gresik, Sita Berton-ton Narkoba asal Thailand
https://t.co/utZ1PBkd7Q",bnn bongkar jaringan narkoba internasional di cerme gresik sita bertonton narkoba asal thailand,netral,0.997,umum,0.0,0,0,2026-07-02,Cerme Gresik,bnn bongkar jaring narkoba internasional cerme gresik sita tonton narkoba asal thailand
2072550007891546348,e100ss,"Badan Narkotika Nasional RI, Kamis (2/7/2026) membongkar kasus sebuah gudang diduga menjadi produksi narkotika di kawasan pergudangan Prambanan Bizland, Cerme, Gresik.

Informasi sementara di lokasi, terdapat sebuah kontainer yang diamankan diduga sebagai barang bukti narkotika dan jumlahnya mencapai satuan ton.

Pantauan reporter Suara Surabaya di depan kawasan pergudangan sudah dijaga oleh petugas BNN dan aparat kepolisian, serta TNI.

Petugas di lokasi juga ada dari sejumlah lembaga lain seperti Bea Cukai, Kementerian Keuangan, dan petugas gabungan.

Informasi lengkapnya nanti akan disampaikan oleh Kepala BNN RI dalam konferensi pers.

#newSS",badan narkotika nasional ri kamis 272026 membongkar kasus sebuah gudang diduga menjadi produksi narkotika di kawasan pergudangan prambanan bizland cerme gresik informasi sementara di lokasi terdapat sebuah kontainer yang diamankan diduga sebagai barang bukti narkotika dan jumlahnya mencapai satuan ton pantauan reporter suara surabaya di depan kawasan pergudangan sudah dijaga oleh petugas bnn dan aparat kepolisian serta tni petugas di lokasi juga ada dari sejumlah lembaga lain seperti bea cukai kementerian keuangan dan petugas gabungan informasi lengkapnya nanti akan disampaikan oleh kepala bnn ri dalam konferensi pers newss,netral,0.992,industri,24.0,2,3,2026-07-02,Cerme Gresik,badan narkotika nasional ri kamis 272026 bongkar kasus buah gudang duga jadi produksi narkotika kawasan gudang prambanan bizland cerme gresik informasi lokasi dapat buah kontainer aman duga barang bukti narkotika jumlah capai satu ton pantau reporter suara surabaya depan kawasan gudang jaga tugas bnn aparat polisi tni tugas lokasi jumlah lembaga bea cukai menteri uang tugas gabung informasi lengkap sampai kepala bnn ri konferensi pers newss
2075424565229182996,webmurahsby,"Jual Baju Anak Gresik Dari Distributor Layya Store

https://t.co/xJsPy9jNf0",jual baju anak gresik dari distributor layya store,netral,0.992,umum,0.0,0,0,2026-07-10,Gresik,jual baju anak gresik distributor layya store
2075423987283394641,credOLIN,"@littleredguppy Wahh asyikk, lagi di Gresik kah? Kak Nana Gresiknya di mana?",wahh asyikk lagi di gresik kah kak nana gresiknya di mana,positif,0.988,umum,0.0,0,0,2026-07-10,Gresik,wahh asyikk gresik kak nana gresiknya mana
2075421246213492829,PTJASAMARGA,"10.25 WIB #Tol_Mojokerto_Surabaya HATI-HATI di Gresik KM 725+800 - KM 726+600 arah Waru Gunung, ada pekerjaan perbaikan jalan di lajur 2/kanan.",1025 wib tol_mojokerto_surabaya hatihati di gresik km 725800 km 726600 arah waru gunung ada pekerjaan perbaikan jalan di lajur 2kanan,netral,0.997,infrastruktur,0.0,0,0,2026-07-10,Gresik,1025 wib tol mojokerto surabaya hatihati gresik km 725800 km 726600 arah waru gunung kerja baik jalan lajur 2kanan
2075420939844768107,taeradjana,@credOLIN Gresik sebelah mana kak😂 keknya itu jaman2 blm masif pendatang,gresik sebelah mana kak keknya itu jaman2 blm masif pendatang,negatif,0.969,umum,1.0,1,0,2026-07-10,Gresik,gresik belah mana kak kek jaman2 masif datang
2075419935522668964,teeradechfisip,"dapak o sembako ya, bahan bangunan ae mundak kabeh... gresik saiki 62 merdeka 52. padahal terakhir sak ilingku merdeka sek 48-49. 😞",dapak o sembako ya bahan bangunan ae mundak kabeh gresik saiki 62 merdeka 52 padahal terakhir sak ilingku merdeka sek 4849,negatif,0.974,umum,0.0,0,0,2026-07-10,Gresik,dapak o sembako bahan bangun ae mundak kabeh gresik saiki 62 merdeka 52 padahal akhir sak iling merdeka sek 4849
2075029623654781424,keluhkesahkonoh,"Aku tadi beli telur di agen.

👩: ""Pak, telur sekilo masih 25 ribu?""

👨: ""Sekarang 23 ribu, Mbak.""

👩: ""Alhamdulillah, mending stok dulu sebelum MBG jalan lagi.""

👨: ""Kalau bisa sih jangan jalan lagi sekalian. Program itu malah bikin susah. Kita yang dagang jadi kena imbas, harga-harga pada naik. 

Padahal sebelum ada MBG juga anak-anak masih bisa makan sehat. Menurut saya yang lebih penting itu harga bahan pokok dijaga tetap stabil dan murah, jadi semua orang tetap sanggup beli telur sama ayam.""",aku tadi beli telur di agen pak telur sekilo masih 25 ribu sekarang 23 ribu mbak alhamdulillah mending stok dulu sebelum mbg jalan lagi kalau bisa sih jangan jalan lagi sekalian program itu malah bikin susah kita yang dagang jadi kena imbas hargaharga pada naik padahal sebelum ada mbg juga anakanak masih bisa makan sehat menurut saya yang lebih penting itu harga bahan pokok dijaga tetap stabil dan murah jadi semua orang tetap sanggup beli telur sama ayam,positif,0.926,infrastruktur,13450.0,88,3419,2026-07-09,Gresik,aku tadi beli telur agen pak telur kilo 25 ribu sekarang 23 ribu mbak alhamdulillah mending stok dulu mbg jalan kalau sih jangan jalan sekali program malah bikin susah dagang jadi kena imbas hargaharga naik padahal mbg anakanak makan sehat lebih penting harga bahan pokok jaga tetap stabil murah jadi semua orang tetap sanggup beli telur sama ayam
2075417965282136532,yamyudh,@blissthethicsss Oh iya sih. Temanku saat itu posisi Ass Man makanya gajinya diatas UMK Gresik.,oh iya sih temanku saat itu posisi ass man makanya gajinya diatas umk gresik,netral,0.991,umum,0.0,0,0,2026-07-10,Gresik,iya sih teman posisi ass man makanya gaji atas umk gresik
2075417002567737598,Titiekfernandez,@sbyfess Gresik adem ee,gresik adem ee,positif,0.963,umum,0.0,0,0,2026-07-10,Gresik,gresik adem ee
2075410019345137753,luckofsweetluck,"Open PO @luckofsweetluck
CORTIS - CORTIS OUTSIDE THE LINE 'SINGBOWL VER'

💸Price AVAIL 2 PCS
555K dp 460K

🌐Order by DM

🎁POB if any
✅est. Bersih INA 
❌Packing
📍Gresik, Jatim

📝Note:
- Membeli = SABAR

⚖️ est. 320gr

t. coer https://t.co/bacr96xHgz",open po cortis cortis outside the line singbowl ver price avail 2 pcs 555k dp 460k order by dm pob if any est bersih ina packing gresik jatim note membeli sabar est 320gr t coer,netral,0.994,umum,1.0,0,0,2026-07-10,Gresik,open po cortis cortis outside the line singbowl ver price avail 2 pcs 555k dp 460k order by dm pob if any est bersih ina packing gresik jatim note beli sabar est 320gr t coer
2075409481572483371,AiptuSupar49750,"Anggota Polsek Bungah melaksanakan pengecekan tanaman Kacang Hijau di Ds Melirang Kec Bungah Kab. Gresik 

#astacita 
#swasembadapangan 
#ketahananpangan #ketahananpanganpoldajatim 
#ssdmpolri 
#divhumaspolri 
#birosdmpoldajatim 
#bidhumaspoldajatim 
#polresgresik 
#gresik https://t.co/zFLg2y3xZS",anggota polsek bungah melaksanakan pengecekan tanaman kacang hijau di ds melirang kec bungah kab gresik astacita swasembadapangan ketahananpangan ketahananpanganpoldajatim ssdmpolri divhumaspolri birosdmpoldajatim bidhumaspoldajatim polresgresik gresik,netral,0.996,umum,1.0,0,0,2026-07-10,Gresik,anggota polsek bungah laksana kece tanam kacang hijau ds melirang kec bungah kab gresik astacita swasembadapangan ketahananpangan ketahananpanganpoldajatim ssdmpolri divhumaspolri birosdmpoldajatim bidhumaspoldajatim polresgresik gresik
2075409402514080229,AiptuSupar49750,"Anggota Polsek Bungah melaksanakan pengecekan tanaman Kacang Hijau di Ds Melirang Kec Bungah Kab. Gresik 

#astacita 
#swasembadapangan 
#ketahananpangan #ketahananpanganpoldajatim 
#ssdmpolri 
#divhumaspolri 
#birosdmpoldajatim 
#bidhumaspoldajatim 
#polresgresik 
#gresik https://t.co/scvzFurlDU",anggota polsek bungah melaksanakan pengecekan tanaman kacang hijau di ds melirang kec bungah kab gresik astacita swasembadapangan ketahananpangan ketahananpanganpoldajatim ssdmpolri divhumaspolri birosdmpoldajatim bidhumaspoldajatim polresgresik gresik,netral,0.996,umum,1.0,0,0,2026-07-10,Gresik,anggota polsek bungah laksana kece tanam kacang hijau ds melirang kec bungah kab gresik astacita swasembadapangan ketahananpangan ketahananpanganpoldajatim ssdmpolri divhumaspolri birosdmpoldajatim bidhumaspoldajatim polresgresik gresik
2075409318489497784,AiptuSupar49750,"Anggota Polsek Bungah melaksanakan pengecekan tanaman Kacang Hijau di Ds Melirang Kec Bungah Kab. Gresik 

#astacita 
#swasembadapangan 
#ketahananpangan #ketahananpanganpoldajatim 
#ssdmpolri 
#divhumaspolri 
#birosdmpoldajatim 
#bidhumaspoldajatim 
#polresgresik 
#gresik https://t.co/pyGVpiVMrB",anggota polsek bungah melaksanakan pengecekan tanaman kacang hijau di ds melirang kec bungah kab gresik astacita swasembadapangan ketahananpangan ketahananpanganpoldajatim ssdmpolri divhumaspolri birosdmpoldajatim bidhumaspoldajatim polresgresik gresik,netral,0.996,umum,1.0,0,0,2026-07-10,Gresik,anggota polsek bungah laksana kece tanam kacang hijau ds melirang kec bungah kab gresik astacita swasembadapangan ketahananpangan ketahananpanganpoldajatim ssdmpolri divhumaspolri birosdmpoldajatim bidhumaspoldajatim polresgresik gresik
2075406877534613560,Ilyasfurqon3,"Pengecekan tanaman Kacang Hijau di Ds Melirang Kec Bungah Kab. Gresik untuk mendukung program ketahanan pangan

#astacita 
#swasembadapangan 
#ketahananpangan #ketahananpanganpoldajatim 
#ssdmpolri 
#divhumaspolri 
#birosdmpoldajatim 
#bidhumaspoldajatim 
#polresgresik 
#gresik https://t.co/gVfjyIEBfx",pengecekan tanaman kacang hijau di ds melirang kec bungah kab gresik untuk mendukung program ketahanan pangan astacita swasembadapangan ketahananpangan ketahananpanganpoldajatim ssdmpolri divhumaspolri birosdmpoldajatim bidhumaspoldajatim polresgresik gresik,netral,0.995,umum,0.0,0,0,2026-07-10,Gresik,kece tanam kacang hijau ds melirang kec bungah kab gresik dukung program tahan pangan astacita swasembadapangan ketahananpangan ketahananpanganpoldajatim ssdmpolri divhumaspolri birosdmpoldajatim bidhumaspoldajatim polresgresik gresik
2075405759672984000,Jun04leonim,"@mnhpngra Ada nih kk 
Dom Jatim Gresik 
Exc.pack plus admin https://t.co/TIZEZXISes",ada nih kk dom jatim gresik excpack plus admin,netral,0.995,umum,0.0,0,0,2026-07-10,Gresik,nih kk dom jatim gresik excpack plus admin
2075402518990045288,Lintasperkoro,"Uang Penjualan PT Bintang Sayap Utama Gresik Digelapkan Rp 552 Juta

https://t.co/cjNLkn375O",uang penjualan pt bintang sayap utama gresik digelapkan rp 552 juta,netral,0.996,umum,0.0,0,0,2026-07-10,Gresik,uang jual pt bintang sayap utama gresik gelap rp 552 juta
2075401160043974712,HumasGresik,"Sinergitas TNI-Polri dan Forkopimda Gresik sambut kunjungan kerja Pangdam V/Brawijaya.
#TNIPolriSinergi #KunjunganKerja #PangdamVBrawijaya https://t.co/opLZnLgnds",sinergitas tnipolri dan forkopimda gresik sambut kunjungan kerja pangdam vbrawijaya tnipolrisinergi kunjungankerja pangdamvbrawijaya,netral,0.994,umum,0.0,0,0,2026-07-10,Gresik,sinergitas tnipolri forkopimda gresik sambut kunjung kerja pangdam vbrawijaya tnipolrisinergi kunjungankerja pangdamvbrawijaya
2075391804527231424,fmsuaragresik,Jumat yang berkah kali ini kita suguhi dengan pembahasan yang baik dan bermanfaat. jangan sampai lewatkan talkshow kedai pukul 15.00 WIB hanya di Suara Gresik 😉 #SuaraGresik #Kedai #DMIKabgresik https://t.co/yBhRGTTByf,jumat yang berkah kali ini kita suguhi dengan pembahasan yang baik dan bermanfaat jangan sampai lewatkan talkshow kedai pukul 1500 wib hanya di suara gresik suaragresik kedai dmikabgresik,netral,0.993,umum,0.0,0,0,2026-07-10,Gresik,jumat berkah kali suguh bahas baik manfaat jangan lewat talkshow kedai pukul 1500 wib suara gresik suaragresik kedai dmikabgresik
2074338891407163508,Lintasperkoro,"Tanah Urug di Desa Tambak Beras, Kecamatan Cerme, Kabupaten Gresik, Berasal dari Galian C Ilegal

https://t.co/RFFVlAzVWf",tanah urug di desa tambak beras kecamatan cerme kabupaten gresik berasal dari galian c ilegal,netral,0.984,ekonomi,0.0,0,0,2026-07-07,Kabupaten Gresik,tanah urug desa tambak beras camat cerme kabupaten gresik asal gali c ilegal
2074338758326194345,KabarDesaid,"Tanah Urug di Desa Tambak Beras, Kecamatan Cerme, Kabupaten Gresik, Berasal dari Galian C Ilegal

https://t.co/nq6PE7ysUs",tanah urug di desa tambak beras kecamatan cerme kabupaten gresik berasal dari galian c ilegal,netral,0.984,ekonomi,0.0,0,0,2026-07-07,Kabupaten Gresik,tanah urug desa tambak beras camat cerme kabupaten gresik asal gali c ilegal
2074330938360889498,bkpsdmgresikkab,"📊 Hasil Survei Kepuasan Masyarakat (SKM) Semester I Tahun 2026 📊

BKPSDM Kabupaten Gresik mendapat Indeks Survei Kepuasan Masyarakat (SKM) Semester I Tahun 2026 sebesar 93,06% dengan kategori Sangat Baik. https://t.co/TOXuBY9ID5",hasil survei kepuasan masyarakat skm semester i tahun 2026 bkpsdm kabupaten gresik mendapat indeks survei kepuasan masyarakat skm semester i tahun 2026 sebesar 9306 dengan kategori sangat baik,positif,0.757,umum,0.0,1,0,2026-07-07,Kabupaten Gresik,hasil survei puas masyarakat skm semester i tahun 2026 bkpsdm kabupaten gresik dapat indeks survei puas masyarakat skm semester i tahun 2026 besar 9306 kategori sangat baik
2074036763795038706,kabarbaikdotco,"Polsek Panceng mengamankan puluhan botol minuman keras (miras) dari dua warung kopi (warkop) di Kecamatan Panceng, Kabupaten Gresik, Minggu (5/7) malam. Dua penjualnya langsung ditindak Tipiring.
https://t.co/Jk7JxC9Xg4",polsek panceng mengamankan puluhan botol minuman keras miras dari dua warung kopi warkop di kecamatan panceng kabupaten gresik minggu 57 malam dua penjualnya langsung ditindak tipiring,netral,0.994,infrastruktur,0.0,0,0,2026-07-06,Kabupaten Gresik,polsek panceng aman puluh botol minum keras miras warung kopi warkop camat panceng kabupaten gresik minggu 57 malam jual langsung tindak tipiring
2072888345290801383,peacyroses,"wts ip 13 pro inter 💸6 jt
• bh 83%
• baterai, lcd ori
• no minus, ada box nya
• fisik mulus
• face id, true tone on
detail foto bisa wa 
cod bisa sby pusat / gresik kota
wa https://t.co/uB6ZC288ax
#zonauang️ https://t.co/c2UHfbh682",wts ip 13 pro inter 6 jt bh 83 baterai lcd ori no minus ada box nya fisik mulus face id true tone on detail foto bisa wa cod bisa sby pusat gresik kota wa zonauang,netral,0.99,umum,1.0,3,0,2026-07-03,Gresik Kota,wts ip 13 pro inter 6 jt bh 83 baterai lcd ori no minus box nya fisik mulus face id true tone on detail foto wa cod sby pusat gresik kota wa zonauang
2072954159620616423,PapuaBnn,"BNN mengungkap 3,37 ton kuncup bunga cannabinoid asal Thailand di gudang di kawasan Pergudangan Prambanan Bizland, Kabupaten Gresik, Jawa Timur, rencananya akan diolah menjadi ekstrak THC untuk dijadikan cairan isi ulang rokok elektrik atau vape oleh para pelaku. https://t.co/forc6iuUsU",bnn mengungkap 337 ton kuncup bunga cannabinoid asal thailand di gudang di kawasan pergudangan prambanan bizland kabupaten gresik jawa timur rencananya akan diolah menjadi ekstrak thc untuk dijadikan cairan isi ulang rokok elektrik atau vape oleh para pelaku,netral,0.997,umum,2.0,0,0,2026-07-03,Gresik Jawa Timur,bnn ungkap 337 ton kuncup bunga cannabinoid asal thailand gudang kawasan gudang prambanan bizland kabupaten gresik jawa timur rencana olah jadi ekstrak thc jadi cair isi ulang rokok elektrik vape laku
2072939145605902357,akuratco,"Terungkap! X-ray Bea Cukai Gagalkan Penyelundupan 3,37 Ton Narkotika

Jakarta  — Bea Cukai bersama Badan Narkotika Nasional (BNN) berhasil menggagalkan upaya penyelundupan 3,37 ton narkotika jenis kuncup bunga kanabinoid. 

Barang haram tersebut masuk melalui jalur impor resmi dan terdeteksi berkat pemindaian X-ray di Pelabuhan Tanjung Priok.

Jaringan ini melibatkan beberapa negara, termasuk Malaysia, China, dan Thailand. Alih-alih langsung menangkap di pelabuhan, Bea Cukai menerapkan strategi *controlled delivery* untuk melacak jaringan lebih luas hingga ke gudang di Gresik, Jawa Timur. 

Langkah ini dilakukan agar pelaku utama di balik jaringan dapat terungkap.

“Kami tidak langsung melakukan penangkapan di pelabuhan. Jika langkah itu dilakukan, tentu kami tidak akan memperoleh informasi mengenai jaringan di belakangnya,” ujar Direktur Jenderal Bea dan Cukai Djaka Budhi Utama. 

Ia mengimbau masyarakat untuk terus waspada dan berkomitmen mencegah peredaran narkotika di Indonesia.",terungkap xray bea cukai gagalkan penyelundupan 337 ton narkotika jakarta bea cukai bersama badan narkotika nasional bnn berhasil menggagalkan upaya penyelundupan 337 ton narkotika jenis kuncup bunga kanabinoid barang haram tersebut masuk melalui jalur impor resmi dan terdeteksi berkat pemindaian xray di pelabuhan tanjung priok jaringan ini melibatkan beberapa negara termasuk malaysia china dan thailand alihalih langsung menangkap di pelabuhan bea cukai menerapkan strategi controlled delivery untuk melacak jaringan lebih luas hingga ke gudang di gresik jawa timur langkah ini dilakukan agar pelaku utama di balik jaringan dapat terungkap kami tidak langsung melakukan penangkapan di pelabuhan jika langkah itu dilakukan tentu kami tidak akan memperoleh informasi mengenai jaringan di belakangnya ujar direktur jenderal bea dan cukai djaka budhi utama ia mengimbau masyarakat untuk terus waspada dan berkomitmen mencegah peredaran narkotika di indonesia,netral,0.948,infrastruktur,4.0,1,2,2026-07-03,Gresik Jawa Timur,ungkap xray bea cukai gagal selundup 337 ton narkotika jakarta bea cukai sama badan narkotika nasional bnn hasil gagal upaya selundup 337 ton narkotika jenis kuncup bunga kanabinoid barang haram sebut masuk lalu jalur impor resmi deteksi berkat pindai xray labuh tanjung priok jaring libat beberapa negara masuk malaysia china thailand alihalih langsung tangkap labuh bea cukai terap strategi controlled delivery lacak jaring lebih luas hingga gudang gresik jawa timur langkah laku laku utama balik jaring ungkap langsung laku tangkap labuh langkah laku oleh informasi kena jaring belakang ujar direktur jenderal bea cukai djaka budhi utama imbau masyarakat terus waspada komitmen cegah edar narkotika indonesia
2072906523593031729,vivayogamauladi,"Potensi rajungan berhasil dikelola dengan baik sehingga dapat diekspor ke Amerika Serikat. Saya hadir memberi sambutan dalam acara ‘Ekspor Rajungan Produk  Unggulan di Kawasan Transmigrasi’ di Kawasan Industri Gresik (KIG), Gresik, Jawa Timur, 29/6/2026.

 https://t.co/CVDG4sFDAf",potensi rajungan berhasil dikelola dengan baik sehingga dapat diekspor ke amerika serikat saya hadir memberi sambutan dalam acara ekspor rajungan produk unggulan di kawasan transmigrasi di kawasan industri gresik kig gresik jawa timur 2962026,netral,0.983,industri,0.0,0,0,2026-07-03,Gresik Jawa Timur,potensi rajungan hasil kelola baik ekspor amerika serikat hadir beri sambut acara ekspor rajungan produk unggul kawasan transmigrasi kawasan industri gresik kig gresik jawa timur 2962026
2072898744950165782,infobnn_kng,"#Repost @infobnn_prov_jabar
BNN RI kembali mengungkap kasus penyelundupan narkotika jaringan internasional.

Sebanyak 3,37 ton kuncup cannabinoid asal Thailand berhasil diamankan di Kabupaten Gresik, Jawa Timur.

#warondrugsforhumanity https://t.co/FURdk02Zmb",repost bnn ri kembali mengungkap kasus penyelundupan narkotika jaringan internasional sebanyak 337 ton kuncup cannabinoid asal thailand berhasil diamankan di kabupaten gresik jawa timur warondrugsforhumanity,netral,0.997,umum,0.0,0,0,2026-07-03,Gresik Jawa Timur,repost bnn ri ungkap kasus selundup narkotika jaring internasional banyak 337 ton kuncup cannabinoid asal thailand hasil aman kabupaten gresik jawa timur warondrugsforhumanity
2072891831248199684,blissthethicsss,"PT. Pangansari Utama Food Resources is looking for several position at Site Freeport Smelter Gresik - Jawa Timur.

If you are interested or have any references, please send your update CV to: recruitment@pangansari.co.id with subject: Position_Placement.

Best of luck! Please kindly like and share this post with anyone who might be a good fit, thank you.",pt pangansari utama food resources is looking for several position at site freeport smelter gresik jawa timur if you are interested or have any references please send your update cv to recruitmentcoid with subject position_placement best of luck please kindly like and share this post with anyone who might be a good fit thank you,netral,0.946,industri,1.0,1,0,2026-07-03,Gresik Jawa Timur,pt pangansari utama food resources is looking for several position at site freeport smelter gresik jawa timur if you are interested or have any references please send your update cv to recruitmentcoid with subject position placement best of luck please kindly like and share this post with anyone who might be a good fit thank you
2072883683913318544,detikcom,"Penyelundupan narkoba seberat 3,37 ton di kawasan pergudangan Kabupaten Gresik, Jawa Timur, ternyata terungkap dari pemeriksaan Bea Cukai. Begini ceritanya.

https://t.co/ScXeK7IBeZ",penyelundupan narkoba seberat 337 ton di kawasan pergudangan kabupaten gresik jawa timur ternyata terungkap dari pemeriksaan bea cukai begini ceritanya,netral,0.994,umum,24.0,4,5,2026-07-03,Gresik Jawa Timur,selundup narkoba berat 337 ton kawasan gudang kabupaten gresik jawa timur nyata ungkap periksa bea cukai begini cerita
2072880977106579602,Metro_TV,"Direktorat Jenderal Bea dan Cukai (DJBC) bersama Badan Narkotika Nasional (BNN) menggagalkan penyelundupan narkotika jaringan internasional. Dalam operasi gabungan tersebut, petugas berhasil mengamankan barang bukti berupa kuncup bunga kanabinoid lintas negara dengan berat total mencapai 3,37 ton.

Sindikat ini disinyalir beroperasi secara rapi dengan melibatkan jaringan di empat negara, yakni Malaysia, Tiongkok, Indonesia, dan Thailand. Guna memuluskan aksinya dan mengelabui petugas di lapangan, para pelaku sengaja memanfaatkan jalur impor resmi menggunakan dokumen kepabeanan yang tampak sah untuk memasukkan barang haram tersebut ke wilayah Indonesia.

Direktur Jenderal Bea dan Cukai, Djaka Budhi Utama, menjelaskan bahwa penyelundupan ini terendus pertama kali saat petugas menaruh curiga pada hasil pemindaian citra X-ray terhadap komoditas barang impor di Pelabuhan Tanjung Priok, Jakarta. Petugas kemudian melakukan uji laboratorium lanjutan dan memastikan bahwa isi kontainer tersebut merupakan narkotika.

Demi menggulung jaringan penerima hingga ke akar-akarnya, aparat tidak langsung melakukan penyitaan di Pelabuhan Tanjung Priok. Bea Cukai berkoordinasi ketat dengan BNN untuk menerapkan strategi controlled delivery.

""Kami tidak langsung melakukan penangkapan di pelabuhan. Jika langkah itu dilakukan, tentu kami tidak akan memperoleh informasi mengenai jaringan di belakangnya. Karena itu kami berkoordinasi secara ketat dengan BNN untuk melakukan controlled delivery hingga pengiriman tiba di Gresik,"" ungkap Djaka Budhi Utama dalam konferensi pers di Gresik, Jawa Timur, Kamis (2/7/2026).

Personel gabungan memantau secara berkala pergerakan empat kontainer tersebut sejak keluar dari gerbang Pelabuhan Tanjung Priok hingga sampai ke lokasi tujuan akhir di sebuah kawasan pergudangan di Gresik, Jawa Timur. Di lokasi akhir inilah petugas menyergap dan membongkar seluruh isi muatan.

#PenyelundupanNarkoba #BeaCukai #BadanNarkotikaNasional #ControlledDelivery #JaringanInternasional",direktorat jenderal bea dan cukai djbc bersama badan narkotika nasional bnn menggagalkan penyelundupan narkotika jaringan internasional dalam operasi gabungan tersebut petugas berhasil mengamankan barang bukti berupa kuncup bunga kanabinoid lintas negara dengan berat total mencapai 337 ton sindikat ini disinyalir beroperasi secara rapi dengan melibatkan jaringan di empat negara yakni malaysia tiongkok indonesia dan thailand guna memuluskan aksinya dan mengelabui petugas di lapangan para pelaku sengaja memanfaatkan jalur impor resmi menggunakan dokumen kepabeanan yang tampak sah untuk memasukkan barang haram tersebut ke wilayah indonesia direktur jenderal bea dan cukai djaka budhi utama menjelaskan bahwa penyelundupan ini terendus pertama kali saat petugas menaruh curiga pada hasil pemindaian citra xray terhadap komoditas barang impor di pelabuhan tanjung priok jakarta petugas kemudian melakukan uji laboratorium lanjutan dan memastikan bahwa isi kontainer tersebut merupakan narkotika demi menggulung jaringan penerima hingga ke akarakarnya aparat tidak langsung melakukan penyitaan di pelabuhan tanjung priok bea cukai berkoordinasi ketat dengan bnn untuk menerapkan strategi controlled delivery kami tidak langsung melakukan penangkapan di pelabuhan jika langkah itu dilakukan tentu kami tidak akan memperoleh informasi mengenai jaringan di belakangnya karena itu kami berkoordinasi secara ketat dengan bnn untuk melakukan controlled delivery hingga pengiriman tiba di gresik ungkap djaka budhi utama dalam konferensi pers di gresik jawa timur kamis 272026 personel gabungan memantau secara berkala pergerakan empat kontainer tersebut sejak keluar dari gerbang pelabuhan tanjung priok hingga sampai ke lokasi tujuan akhir di sebuah kawasan pergudangan di gresik jawa timur di lokasi akhir inilah petugas menyergap dan membongkar seluruh isi muatan penyelundupannarkoba beacukai badannarkotikanasional controlleddelivery jaringaninternasional,netral,0.958,pemerintahan,2.0,0,1,2026-07-03,Gresik Jawa Timur,direktorat jenderal bea cukai djbc sama badan narkotika nasional bnn gagal selundup narkotika jaring internasional operasi gabung sebut tugas hasil aman barang bukti upa kuncup bunga kanabinoid lintas negara berat total capai 337 ton sindikat sinyalir operasi rapi libat jaring empat negara malaysia tiongkok indonesia thailand mulus aksi kelabu tugas lapang laku sengaja manfaat jalur impor resmi guna dokumen pabean tampak sah masuk barang haram sebut wilayah indonesia direktur jenderal bea cukai djaka budhi utama jelas selundup endus pertama kali tugas taruh curiga hasil pindai citra xray komoditas barang impor labuh tanjung priok jakarta tugas kemudian laku uji laboratorium lanjut pasti isi kontainer sebut rupa narkotika gulung jaring terima hingga akarakarnya aparat langsung laku sita labuh tanjung priok bea cukai koordinasi ketat bnn terap strategi controlled delivery langsung laku tangkap labuh langkah laku oleh informasi kena jaring belakang koordinasi ketat bnn laku controlled delivery hingga kirim tiba gresik ungkap djaka budhi utama konferensi pers gresik jawa timur kamis 272026 personel gabung pantau kala gera empat kontainer sebut sejak keluar gerbang labuh tanjung priok hingga lokasi tuju akhir buah kawasan gudang gresik jawa timur lokasi akhir ini tugas sergap bongkar seluruh isi muat penyelundupannarkoba beacukai badannarkotikanasional controlleddelivery jaringaninternasional
2072870805776797940,bakpauchikyenn,"1st pingsan setelah menerjang banjir gresik sampe kedingingan pucettt trs nangis, tapi pingsannya dipelukan mantan",1st pingsan setelah menerjang banjir gresik sampe kedingingan pucettt trs nangis tapi pingsannya dipelukan mantan,negatif,0.994,bencana,0.0,0,0,2026-07-03,banjir Gresik,1st pingsan terjang banjir gresik sampe kedingingan pucettt trs nang pingsan peluk mantan
2072636407836021226,skipbreakfast_,manusia mana yg seumur hidupny belum pernah ngerasain di infus? pingsan? mimisan? fix lu robot njirr,manusia mana yg seumur hidupny belum pernah ngerasain di infus pingsan mimisan fix lu robot njirr,negatif,0.995,bencana,27114.0,3750,2332,2026-07-02,banjir Gresik,manusia mana umur hidupny pernah ngerasain infus pingsan mimisan fix lu robot njirr
2073245528201330871,credOLIN,"@yelvyah Iyaa ini di kawasan stadion Petrokimia Gresik, Kak.",iyaa ini di kawasan stadion petrokimia gresik kak,netral,0.584,industri,0.0,0,0,2026-07-04,Petrokimia Gresik,iyaa kawasan stadion petrokimia gresik kak
2073211754566550012,credOLIN,"@Dessy_aaa Di kawasan GOR Petrokimia Gresik, Kak.",di kawasan gor petrokimia gresik kak,netral,0.996,industri,0.0,1,0,2026-07-04,Petrokimia Gresik,kawasan gor petrokimia gresik kak
2072906105160863799,petrogresik,"Rayakan HUT ke-54 Petrokimia Gresik dengan semangat Growing The Future! ✨🌱

Dalam rangka memperingati HUT ke-54 Petrokimia Gresik, kami mengajak seluruh mitra, stakeholder, dan Sahabat Petro untuk merayakan momen istimewa ini dengan cara yang lebih bermakna.

Petrokimia Gresik sangat menghargai apabila apresiasi dan ucapan selamat dapat diwujudkan dalam bentuk bibit pohon atau tanaman hidup ya, Sahabat. Setiap bibit menjadi simbol harapan, kolaborasi, serta komitmen untuk menjaga lingkungan dan menumbuhkan masa depan yang lebih hijau.

Mari tumbuh bersama untuk pertanian Indonesia dan generasi mendatang. 🌾💚

#PetrokimiaGresik #HUT54PetrokimiaGresik #GrowingTheFuture #SolusiAgroindustri #Sustainability",rayakan hut ke54 petrokimia gresik dengan semangat growing the future dalam rangka memperingati hut ke54 petrokimia gresik kami mengajak seluruh mitra stakeholder dan sahabat petro untuk merayakan momen istimewa ini dengan cara yang lebih bermakna petrokimia gresik sangat menghargai apabila apresiasi dan ucapan selamat dapat diwujudkan dalam bentuk bibit pohon atau tanaman hidup ya sahabat setiap bibit menjadi simbol harapan kolaborasi serta komitmen untuk menjaga lingkungan dan menumbuhkan masa depan yang lebih hijau mari tumbuh bersama untuk pertanian indonesia dan generasi mendatang petrokimiagresik hut54petrokimiagresik growingthefuture solusiagroindustri sustainability,positif,0.75,ekonomi,2.0,0,0,2026-07-03,Petrokimia Gresik,raya hut ke54 petrokimia gresik semangat growing the future rangka ingat hut ke54 petrokimia gresik ajak seluruh mitra stakeholder sahabat petro raya momen istimewa cara lebih makna petrokimia gresik sangat harga apabila apresiasi ucap selamat wujud bentuk bibit pohon tanam hidup sahabat bibit jadi simbol harap kolaborasi komitmen jaga lingkung tumbuh masa depan lebih hijau tumbuh sama tani indonesia generasi datang petrokimiagresik hut54petrokimiagresik growingthefuture solusiagroindustri sustainability
2073068496603521484,711ECW,"Berikut daftar sejumlah BUMN dan capaian labanya: 👇👇👇

1. Pertamina mencatat laba Rp24,9 triliun, naik Rp11 triliun.

5. BRI membukukan laba Rp21,2 triliun, naik Rp2,8 triliun.

6. Bank Mandiri mencatat laba Rp21,3 triliun, meningkat Rp2,5 triliun.

7. BNI meraih laba Rp7,2 triliun, naik Rp381 miliar.

8. ADHI Karya membukukan laba Rp69 miliar, melonjak 667% atau naik Rp60 miliar.

9. Krakatau Steel berhasil berbalik untung dengan membukukan laba Rp635 miliar, dari sebelumnya rugi Rp981 miliar, didorong restrukturisasi dan dukungan modal melalui Danantara Asset Management (DAM).

10. Kimia Farma mencatat laba Rp108 miliar, berbalik dari rugi Rp160 miliar setelah restrukturisasi dan dukungan modal DAM.

11. Semen Indonesia juga berhasil mencetak laba Rp106 miliar, setelah sebelumnya rugi Rp66 miliar berkat transformasi bisnis yang dilakukan DAM.",berikut daftar sejumlah bumn dan capaian labanya 1 pertamina mencatat laba rp249 triliun naik rp11 triliun 5 bri membukukan laba rp212 triliun naik rp28 triliun 6 bank mandiri mencatat laba rp213 triliun meningkat rp25 triliun 7 bni meraih laba rp72 triliun naik rp381 miliar 8 adhi karya membukukan laba rp69 miliar melonjak 667 atau naik rp60 miliar 9 krakatau steel berhasil berbalik untung dengan membukukan laba rp635 miliar dari sebelumnya rugi rp981 miliar didorong restrukturisasi dan dukungan modal melalui danantara asset management dam 10 kimia farma mencatat laba rp108 miliar berbalik dari rugi rp160 miliar setelah restrukturisasi dan dukungan modal dam 11 semen indonesia juga berhasil mencetak laba rp106 miliar setelah sebelumnya rugi rp66 miliar berkat transformasi bisnis yang dilakukan dam,netral,0.98,industri,27.0,6,4,2026-07-03,Semen Indonesia,ikut daftar jumlah bumn capai laba 1 pertamina catat laba rp249 triliun naik rp11 triliun 5 bri buku laba rp212 triliun naik rp28 triliun 6 bank mandiri catat laba rp213 triliun tingkat rp25 triliun 7 bni raih laba rp72 triliun naik rp381 miliar 8 adhi karya buku laba rp69 miliar lonjak 667 naik rp60 miliar 9 krakatau steel hasil balik untung buku laba rp635 miliar belum rugi rp981 miliar dorong restrukturisasi dukung modal lalu danantara asset management dam 10 kimia farma catat laba rp108 miliar balik rugi rp160 miliar restrukturisasi dukung modal dam 11 semen indonesia hasil cetak laba rp106 miliar belum rugi rp66 miliar berkat transformasi bisnis laku dam
2072942992172921069,BusinesupdateID,Semen Indonesia Pasok Material Ramah Lingkungan untuk Bangun Sekolah Rakyat https://t.co/fNbuGhn8lo lewat @Businessupdate.id,semen indonesia pasok material ramah lingkungan untuk bangun sekolah rakyat lewat id,netral,0.995,pendidikan,0.0,0,1,2026-07-03,Semen Indonesia,semen indonesia pasok material ramah lingkung bangun sekolah rakyat lewat id
2072896279018131734,blissthethicsss,"Calling All HR Professionals!
We are currently looking for an experienced HR Manager :
🏢 Company: China PMA Company
📍 Location: JIIPE, Gresik, East Java
If you have a strong background in Human Resources and are looking for your next career opportunity in a dynamic multinational environment, we'd love to hear from you.
Feel free to apply or share this opportunity with your network. Thank you!",calling all hr professionals we are currently looking for an experienced hr manager company china pma company location jiipe gresik east java if you have a strong background in human resources and are looking for your next career opportunity in a dynamic multinational environment wed love to hear from you feel free to apply or share this opportunity with your network thank you,netral,0.848,industri,0.0,0,1,2026-07-03,JIIPE,calling all hr professionals we are currently looking for an experienced hr manager company china pma company location jiipe gresik east java if you have a strong background in human resources and are looking for your next career opportunity in a dynamic multinational environment wed love to hear from you feel free to apply or share this opportunity with your network thank you
2072895375128801570,blissthethicsss,"We are hiring an HR Manager for a chemical plant based in Gresik, Surabaya.Salary range: 10–25 Juta IDR per month.
Requirements:
1、Fluent English for daily work communication
2、Solid expertise in manpower planning for chemical factories
3、Well-versed in shift scheduling and performance management for chemical plant staff
4、Minimum 5 years of relevant HR experience in chemical manufacturing industry
5、Able to onboard in July

Please send your resume to lucas@dzvhid.com.Email subject format: Gresik-HR-[Your Full Name]",we are hiring an hr manager for a chemical plant based in gresik surabayasalary range 1025 juta idr per month requirements 1fluent english for daily work communication 2solid expertise in manpower planning for chemical factories 3wellversed in shift scheduling and performance management for chemical plant staff 4minimum 5 years of relevant hr experience in chemical manufacturing industry 5able to onboard in july please send your resume to lucascomemail subject format gresikhryour full name,netral,0.948,umum,0.0,0,0,2026-07-03,JIIPE,we are hiring an hr manager for a chemical plant based in gresik surabayasalary range 1025 juta idr per month requirements 1fluent english for daily work communication 2solid expertise in manpower planning for chemical factories 3wellversed in shift scheduling and performance management for chemical plant staff 4minimum 5 years of relevant hr experience in chemical manufacturing industry 5able to onboard in july please send your resume to lucascomemail subject format gresikhryour full name
2072864367784419744,HumasGresik,"Anggota Unit Kamsel Satlantas Polres Gresik melaksanakan sosialisasi dan memberikan imbauan keselamatan berlalu lintas kepada para pengemudi truk di kawasan industri Gresik.

#SatlantasPolresGresik #PolriUntukMasyarakat #Kamseltibcarlantas https://t.co/G4uEl5jzpG",anggota unit kamsel satlantas polres gresik melaksanakan sosialisasi dan memberikan imbauan keselamatan berlalu lintas kepada para pengemudi truk di kawasan industri gresik satlantaspolresgresik polriuntukmasyarakat kamseltibcarlantas,netral,0.997,industri,0.0,1,0,2026-07-03,industri Gresik,anggota unit kamsel satlantas polres gresik laksana sosialisasi beri imbau selamat lalu lintas kemudi truk kawasan industri gresik satlantaspolresgresik polriuntukmasyarakat kamseltibcarlantas
2072968825772142622,hazanafa,"KHUTBAH 03.07.26
FENOMENA ABAI ILMU AGAMA, KRISIS MORAL DAN KEBODOHAN

MASJID NURUL IMAN TENGGULUNAN KEBOMAS GRESIK

FACEBOOK ZAINI ALAWI
https://t.co/vrovcLc6zT https://t.co/GpKKLSIU6Q",khutbah 030726 fenomena abai ilmu agama krisis moral dan kebodohan masjid nurul iman tenggulunan kebomas gresik facebook zaini alawi,netral,0.717,umum,1.0,0,0,2026-07-03,Kebomas Gresik,khutbah 030726 fenomena abai ilmu agama krisis moral bodoh masjid nurul iman tenggulunan kebomas gresik facebook zaini alawi
2072884120242606284,hazanafa,"JUMAT 05.06.26
NGAJI KITAB AD DURARUL BAHIYYAH FASAL 20 SIFAT WAJIB DAN MUSTAHIL BAGI ALLAH (WUJUD-'ADAM, QIDAM-HUDUTS)

YOUTUBE SARINYALA CHANNEL https://t.co/nBj02UiYxD

FACEBOOK ZAINI ALAWI
https://t.co/jtisaRSpkq

MASJID RAUDHATUL JANNAH LEKERGUNUNG SINGOSARI KEBOMAS GRESIK https://t.co/V9JQGbtbhy",jumat 050626 ngaji kitab ad durarul bahiyyah fasal 20 sifat wajib dan mustahil bagi allah wujudadam qidamhuduts youtube sarinyala channel facebook zaini alawi masjid raudhatul jannah lekergunung singosari kebomas gresik,netral,0.991,umum,1.0,0,0,2026-07-03,Kebomas Gresik,jumat 050626 ngaji kitab ad durarul bahiyyah fasal 20 sifat wajib mustahil allah wujudadam qidamhuduts youtube sarinyala channel facebook zaini alawi masjid raudhatul jannah lekergunung singosari kebomas gresik
2075772685855113543,AiptuSupar49750,"Anggota Polsek Benjeng melaksanakan pengecekan  kolam ikan lele di  Ds. Bulurejo Kec.Benjeng  Kab. Gresik 

#astacita 
#swasembadapangan 
#ketahananpangan #ketahananpanganpoldajatim 
#ssdmpolri 
#divhumaspolri 
#birosdmpoldajatim 
#bidhumaspoldajatim 
#polresgresik 
#gresik https://t.co/fSrTDjUL2i",anggota polsek benjeng melaksanakan pengecekan kolam ikan lele di ds bulurejo kecbenjeng kab gresik astacita swasembadapangan ketahananpangan ketahananpanganpoldajatim ssdmpolri divhumaspolri birosdmpoldajatim bidhumaspoldajatim polresgresik gresik,netral,0.996,umum,1.0,0,0,2026-07-11,Gresik,anggota polsek benjeng laksana kece kolam ikan lele ds bulurejo kecbenjeng kab gresik astacita swasembadapangan ketahananpangan ketahananpanganpoldajatim ssdmpolri divhumaspolri birosdmpoldajatim bidhumaspoldajatim polresgresik gresik
2075772619543191569,AiptuSupar49750,"Anggota Polsek Benjeng melaksanakan pengecekan  kolam ikan lele di  Ds. Bulurejo Kec.Benjeng  Kab. Gresik 

#astacita 
#swasembadapangan 
#ketahananpangan #ketahananpanganpoldajatim 
#ssdmpolri 
#divhumaspolri 
#birosdmpoldajatim 
#bidhumaspoldajatim 
#polresgresik 
#gresik https://t.co/pzkuslgoRu",anggota polsek benjeng melaksanakan pengecekan kolam ikan lele di ds bulurejo kecbenjeng kab gresik astacita swasembadapangan ketahananpangan ketahananpanganpoldajatim ssdmpolri divhumaspolri birosdmpoldajatim bidhumaspoldajatim polresgresik gresik,netral,0.996,umum,1.0,0,0,2026-07-11,Gresik,anggota polsek benjeng laksana kece kolam ikan lele ds bulurejo kecbenjeng kab gresik astacita swasembadapangan ketahananpangan ketahananpanganpoldajatim ssdmpolri divhumaspolri birosdmpoldajatim bidhumaspoldajatim polresgresik gresik
2075772536189804592,AiptuSupar49750,"Anggota Polsek Benjeng melaksanakan pengecekan  kolam ikan lele di  Ds. Bulurejo Kec.Benjeng  Kab. Gresik 

#astacita 
#swasembadapangan 
#ketahananpangan #ketahananpanganpoldajatim 
#ssdmpolri 
#divhumaspolri 
#birosdmpoldajatim 
#bidhumaspoldajatim 
#polresgresik 
#gresik https://t.co/Xdwl52m1KR",anggota polsek benjeng melaksanakan pengecekan kolam ikan lele di ds bulurejo kecbenjeng kab gresik astacita swasembadapangan ketahananpangan ketahananpanganpoldajatim ssdmpolri divhumaspolri birosdmpoldajatim bidhumaspoldajatim polresgresik gresik,netral,0.996,umum,1.0,0,0,2026-07-11,Gresik,anggota polsek benjeng laksana kece kolam ikan lele ds bulurejo kecbenjeng kab gresik astacita swasembadapangan ketahananpangan ketahananpanganpoldajatim ssdmpolri divhumaspolri birosdmpoldajatim bidhumaspoldajatim polresgresik gresik
2075764548238483834,ranggerbirumuda,"Aku otw Gresik ya sayang,
Misalnya...... 
#gaysurabaya 
#gaygresik https://t.co/BJSQaPsI7N",aku otw gresik ya sayang misalnya gaysurabaya gaygresik,netral,0.996,umum,0.0,0,0,2026-07-11,Gresik,aku otw gresik sayang misal gaysurabaya gaygresik
2075755659317092668,Yanjekook97,"Wts BTS ina bantu teman
Help rt yah best, terima kasih💜
Wts murce

✅️bersih ina
❌️adm oren + pack 5k
❌️Sensitif buyer
✅️condi di dm 
✅️AD Go
🏡gresik

t. Wts wtb wtt aab BTS ina jungkook namjoon taehyung jhope V jk Rm Hobi #wtsbts #BTSARMY https://t.co/A6jsWs5kFW",wts bts ina bantu teman help rt yah best terima kasih wts murce bersih ina adm oren pack 5k sensitif buyer condi di dm ad go gresik t wts wtb wtt aab bts ina jungkook namjoon taehyung jhope v jk rm hobi wtsbts btsarmy,netral,0.985,umum,0.0,0,0,2026-07-11,Gresik,wts bts ina bantu teman help rt yah best terima kasih wts murce bersih ina adm oren pack 5k sensitif buyer condi dm ad go gresik t wts wtb wtt aab bts ina jungkook namjoon taehyung jhope v jk rm hobi wtsbts btsarmy
2075755553926812014,Yanjekook97,"Wts BTS ina bantu teman
Help rt yah best, terima kasih💜
Wts murce

✅️bersih ina
❌️adm oren + pack 5k
❌️Sensitif buyer
✅️condi di dm 
✅️AD Go
🏡gresik

t. Wts wtb wtt aab BTS ina jungkook namjoon taehyung jhope V jk Rm Hobi #wtsbts #BTSARMY https://t.co/tu5JokgW6m",wts bts ina bantu teman help rt yah best terima kasih wts murce bersih ina adm oren pack 5k sensitif buyer condi di dm ad go gresik t wts wtb wtt aab bts ina jungkook namjoon taehyung jhope v jk rm hobi wtsbts btsarmy,netral,0.985,umum,0.0,0,0,2026-07-11,Gresik,wts bts ina bantu teman help rt yah best terima kasih wts murce bersih ina adm oren pack 5k sensitif buyer condi dm ad go gresik t wts wtb wtt aab bts ina jungkook namjoon taehyung jhope v jk rm hobi wtsbts btsarmy
2075755466219753777,Yanjekook97,"Wts BTS ina bantu teman
Help rt yah best, terima kasih💜
Wts murce

✅️bersih ina
❌️adm oren + pack 5k
❌️Sensitif buyer
✅️condi di dm 
✅️AD Go
🏡gresik

t. Wts wtb wtt aab BTS ina jungkook namjoon taehyung jhope V jk Rm Hobi #wtsbts #BTSARMY https://t.co/KkjBWvEPbe",wts bts ina bantu teman help rt yah best terima kasih wts murce bersih ina adm oren pack 5k sensitif buyer condi di dm ad go gresik t wts wtb wtt aab bts ina jungkook namjoon taehyung jhope v jk rm hobi wtsbts btsarmy,netral,0.985,umum,0.0,0,0,2026-07-11,Gresik,wts bts ina bantu teman help rt yah best terima kasih wts murce bersih ina adm oren pack 5k sensitif buyer condi dm ad go gresik t wts wtb wtt aab bts ina jungkook namjoon taehyung jhope v jk rm hobi wtsbts btsarmy
2075755344844980509,Yanjekook97,"Wts BTS ina bantu teman
Help rt yah best, terima kasih💜
Wts murce

✅️bersih ina
❌️adm oren + pack 5k
❌️Sensitif buyer
✅️condi di dm 
✅️AD Go
🏡gresik

t. Wts wtb wtt aab BTS ina jungkook namjoon taehyung jhope V jk Rm Hobi #wtsbts #BTSARMY https://t.co/oucEinmYGb",wts bts ina bantu teman help rt yah best terima kasih wts murce bersih ina adm oren pack 5k sensitif buyer condi di dm ad go gresik t wts wtb wtt aab bts ina jungkook namjoon taehyung jhope v jk rm hobi wtsbts btsarmy,netral,0.985,umum,0.0,0,0,2026-07-11,Gresik,wts bts ina bantu teman help rt yah best terima kasih wts murce bersih ina adm oren pack 5k sensitif buyer condi dm ad go gresik t wts wtb wtt aab bts ina jungkook namjoon taehyung jhope v jk rm hobi wtsbts btsarmy
2075755222702678120,Yanjekook97,"Wts BTS ina bantu teman
Help rt yah best, terima kasih💜
Wts murce

✅️bersih ina
❌️adm oren + pack 5k
❌️Sensitif buyer
✅️condi di dm 
✅️AD Go
🏡gresik

t. Wts wtb wtt aab BTS ina jungkook namjoon taehyung jhope V jk Rm Hobi #wtsbts #BTSARMY https://t.co/GqFV1L75j1",wts bts ina bantu teman help rt yah best terima kasih wts murce bersih ina adm oren pack 5k sensitif buyer condi di dm ad go gresik t wts wtb wtt aab bts ina jungkook namjoon taehyung jhope v jk rm hobi wtsbts btsarmy,netral,0.985,umum,0.0,0,0,2026-07-11,Gresik,wts bts ina bantu teman help rt yah best terima kasih wts murce bersih ina adm oren pack 5k sensitif buyer condi dm ad go gresik t wts wtb wtt aab bts ina jungkook namjoon taehyung jhope v jk rm hobi wtsbts btsarmy
2075755065135247683,Yanjekook97,"Wts BTS ina bantu teman
Help rt yah best, terima kasih💜
Wts murce

✅️bersih ina
❌️adm oren + pack 5k
❌️Sensitif buyer
✅️condi di dm 
✅️AD Go
🏡gresik

t. Wts wtb wtt aab BTS ina jungkook namjoon taehyung jhope V jk Rm Hobi #wtsbts #BTSARMY https://t.co/DTR56JYY1c",wts bts ina bantu teman help rt yah best terima kasih wts murce bersih ina adm oren pack 5k sensitif buyer condi di dm ad go gresik t wts wtb wtt aab bts ina jungkook namjoon taehyung jhope v jk rm hobi wtsbts btsarmy,netral,0.985,umum,0.0,0,0,2026-07-11,Gresik,wts bts ina bantu teman help rt yah best terima kasih wts murce bersih ina adm oren pack 5k sensitif buyer condi dm ad go gresik t wts wtb wtt aab bts ina jungkook namjoon taehyung jhope v jk rm hobi wtsbts btsarmy
2075754936936317257,Yanjekook97,"Wts BTS ina bantu teman
Help rt yah best, terima kasih💜
Wts murce

✅️bersih ina
❌️adm oren + pack 5k
❌️Sensitif buyer
✅️condi di dm 
✅️AD Go
🏡gresik

t. Wts wtb wtt aab BTS ina jungkook namjoon taehyung jhope V jk Rm Hobi #wtsbts #BTSARMY https://t.co/tO7RBSpoet",wts bts ina bantu teman help rt yah best terima kasih wts murce bersih ina adm oren pack 5k sensitif buyer condi di dm ad go gresik t wts wtb wtt aab bts ina jungkook namjoon taehyung jhope v jk rm hobi wtsbts btsarmy,netral,0.985,umum,0.0,0,0,2026-07-11,Gresik,wts bts ina bantu teman help rt yah best terima kasih wts murce bersih ina adm oren pack 5k sensitif buyer condi dm ad go gresik t wts wtb wtt aab bts ina jungkook namjoon taehyung jhope v jk rm hobi wtsbts btsarmy
2075754787182879060,Yanjekook97,"Wts BTS ina bantu teman
Help rt yah best, terima kasih💜
Wts murce

✅️bersih ina
❌️adm oren + pack 5k
❌️Sensitif buyer
✅️condi di dm 
✅️AD Go
🏡gresik

t. Wts wtb wtt aab BTS ina jungkook namjoon taehyung jhope V jk Rm Hobi #wtsbts #BTSARMY https://t.co/GPQDWozvAA",wts bts ina bantu teman help rt yah best terima kasih wts murce bersih ina adm oren pack 5k sensitif buyer condi di dm ad go gresik t wts wtb wtt aab bts ina jungkook namjoon taehyung jhope v jk rm hobi wtsbts btsarmy,netral,0.985,umum,0.0,0,0,2026-07-11,Gresik,wts bts ina bantu teman help rt yah best terima kasih wts murce bersih ina adm oren pack 5k sensitif buyer condi dm ad go gresik t wts wtb wtt aab bts ina jungkook namjoon taehyung jhope v jk rm hobi wtsbts btsarmy
2075754630932529629,Yanjekook97,"Wts BTS ina bantu teman
Help rt yah best, terima kasih💜
Wts murce

✅️bersih ina
❌️adm oren + pack 5k
❌️Sensitif buyer
✅️condi di dm 
✅️AD Go
🏡gresik

t. Wts wtb wtt aab BTS ina jungkook namjoon taehyung jhope V jk Rm Hobi #wtsbts #BTSARMY https://t.co/gJSb8dzuQN",wts bts ina bantu teman help rt yah best terima kasih wts murce bersih ina adm oren pack 5k sensitif buyer condi di dm ad go gresik t wts wtb wtt aab bts ina jungkook namjoon taehyung jhope v jk rm hobi wtsbts btsarmy,netral,0.985,umum,0.0,0,0,2026-07-11,Gresik,wts bts ina bantu teman help rt yah best terima kasih wts murce bersih ina adm oren pack 5k sensitif buyer condi dm ad go gresik t wts wtb wtt aab bts ina jungkook namjoon taehyung jhope v jk rm hobi wtsbts btsarmy
2075754472417145049,GNFI,"Melalui pengoperasian kereta rel listrik (KRL), SRRL diharapkan mampu meningkatkan konektivitas, mengurangi kemacetan, serta mendukung mobilitas masyarakat di wilayah metropolitan Surabaya. Dalam pengembangannya, jaringan ini juga direncanakan diperluas hingga Gresik dan terintegrasi dengan berbagai moda transportasi, termasuk koneksi menuju Bandara Juanda, sehingga menciptakan sistem transportasi yang lebih efisien, modern, dan berkelanjutan.",melalui pengoperasian kereta rel listrik krl srrl diharapkan mampu meningkatkan konektivitas mengurangi kemacetan serta mendukung mobilitas masyarakat di wilayah metropolitan surabaya dalam pengembangannya jaringan ini juga direncanakan diperluas hingga gresik dan terintegrasi dengan berbagai moda transportasi termasuk koneksi menuju bandara juanda sehingga menciptakan sistem transportasi yang lebih efisien modern dan berkelanjutan,netral,0.644,infrastruktur,1.0,0,0,2026-07-11,Gresik,lalu operasi kereta rel listrik krl srrl harap mampu tingkat konektivitas kurang macet dukung mobilitas masyarakat wilayah metropolitan surabaya kembang jaring rencana luas hingga gresik integrasi bagai moda transportasi masuk koneksi tuju bandara juanda cipta sistem transportasi lebih efisien modern lanjut
2075754433875779679,Yanjekook97,"Wts BTS ina bantu teman
Help rt yah best, terima kasih💜
Wts murce

✅️bersih ina
❌️adm oren + pack 5k
❌️Sensitif buyer
✅️condi di dm 
✅️AD Go
🏡gresik

t. Wts wtb wtt aab BTS ina jungkook namjoon taehyung jhope V jk Rm Hobi #wtsbts #BTSARMY https://t.co/r1sRg2DWr0",wts bts ina bantu teman help rt yah best terima kasih wts murce bersih ina adm oren pack 5k sensitif buyer condi di dm ad go gresik t wts wtb wtt aab bts ina jungkook namjoon taehyung jhope v jk rm hobi wtsbts btsarmy,netral,0.985,umum,0.0,0,0,2026-07-11,Gresik,wts bts ina bantu teman help rt yah best terima kasih wts murce bersih ina adm oren pack 5k sensitif buyer condi dm ad go gresik t wts wtb wtt aab bts ina jungkook namjoon taehyung jhope v jk rm hobi wtsbts btsarmy
2075754314472243498,Yanjekook97,"Wts BTS ina bantu teman
Help rt yah best, terima kasih💜
Wts murce

✅️bersih ina
❌️adm oren + pack 5k
❌️Sensitif buyer
✅️condi di dm 
✅️AD Go
🏡gresik

t. Wts wtb wtt aab BTS ina jungkook namjoon taehyung jhope V jk Rm Hobi #wtsbts #BTSARMY https://t.co/sfEjXZztnE",wts bts ina bantu teman help rt yah best terima kasih wts murce bersih ina adm oren pack 5k sensitif buyer condi di dm ad go gresik t wts wtb wtt aab bts ina jungkook namjoon taehyung jhope v jk rm hobi wtsbts btsarmy,netral,0.985,umum,1.0,0,1,2026-07-11,Gresik,wts bts ina bantu teman help rt yah best terima kasih wts murce bersih ina adm oren pack 5k sensitif buyer condi dm ad go gresik t wts wtb wtt aab bts ina jungkook namjoon taehyung jhope v jk rm hobi wtsbts btsarmy
2075754199326007512,Yanjekook97,"Wts BTS ina bantu teman
Help rt yah best, terima kasih💜
Wts murce

✅️bersih ina
❌️adm oren + pack 5k
❌️Sensitif buyer
✅️condi di dm 
✅️AD Go
🏡gresik

t. Wts wtb wtt aab BTS ina jungkook namjoon taehyung jhope V jk Rm Hobi #wtsbts #BTSARMY https://t.co/DdHsv9Angm",wts bts ina bantu teman help rt yah best terima kasih wts murce bersih ina adm oren pack 5k sensitif buyer condi di dm ad go gresik t wts wtb wtt aab bts ina jungkook namjoon taehyung jhope v jk rm hobi wtsbts btsarmy,netral,0.985,umum,2.0,0,2,2026-07-11,Gresik,wts bts ina bantu teman help rt yah best terima kasih wts murce bersih ina adm oren pack 5k sensitif buyer condi dm ad go gresik t wts wtb wtt aab bts ina jungkook namjoon taehyung jhope v jk rm hobi wtsbts btsarmy
2073392047655154026,DeddeYK,Wong aak gresik kota nrng petronite fest kabeh,wong aak gresik kota nrng petronite fest kabeh,negatif,0.906,umum,0.0,0,0,2026-07-04,Gresik Kota,wong aak gresik kota nrng petronite fest kabeh
2073359162600480866,Pak_Irf,"Gresik, kota santri, kota wali, kota industri, jarang di sorot karena yang tidak baik. Mentok2 paling viral salah patung gajah.
Eee, sekarang jadi gudang narkoba 3 ton lebih. Gudangnya ternyata tetangga kelurahan. Mantap 👍
Jangan2 listrik padam kemaren?. . . . https://t.co/rPyg3vwpkr",gresik kota santri kota wali kota industri jarang di sorot karena yang tidak baik mentok2 paling viral salah patung gajah eee sekarang jadi gudang narkoba 3 ton lebih gudangnya ternyata tetangga kelurahan mantap jangan2 listrik padam kemaren,negatif,0.994,industri,0.0,0,0,2026-07-04,Gresik Kota,gresik kota santri kota wali kota industri jarang sorot baik mentok2 paling viral salah patung gajah eee sekarang jadi gudang narkoba 3 ton lebih gudang nyata tetangga lurah mantap jangan2 listrik padam kemaren
2073336184588443688,PapuaBnn,"Badan Narkotika Nasional (BNN) membongkar jaringan internasional peredaran narkotika asal Thailand di Gresik, Jawa Timur. Sebanyak 3,37 ton narkotika jenis kuncup bunga (cannabis buds) diamankan di sebuah gudang kawasan pergudangan di Kabupaten Gresik. https://t.co/YrBdpfgNQq",badan narkotika nasional bnn membongkar jaringan internasional peredaran narkotika asal thailand di gresik jawa timur sebanyak 337 ton narkotika jenis kuncup bunga cannabis buds diamankan di sebuah gudang kawasan pergudangan di kabupaten gresik,netral,0.996,umum,0.0,0,0,2026-07-04,Gresik Jawa Timur,badan narkotika nasional bnn bongkar jaring internasional edar narkotika asal thailand gresik jawa timur banyak 337 ton narkotika jenis kuncup bunga cannabis buds aman buah gudang kawasan gudang kabupaten gresik
2073315938942992785,PutriKayan16645,"PENANGKAPAN NARKOBA SUPER BESAR , 4 CONTAINER TOTAL NILAI Rp 4 Trilliun , Dipesan Boss WNA China(bukan WNA Yaman) : Pabrik Cerme Gresik Jawa Timur Utk ROKOK ELECTRlC ""VAPE""
PARA PELAKU , BANDAR LINTAS NEGARA : THAILAND MALAYSIA &amp; INDONESIA. https://t.co/w2rPPgEiUB",penangkapan narkoba super besar 4 container total nilai rp 4 trilliun dipesan boss wna chinabukan wna yaman pabrik cerme gresik jawa timur utk rokok electrlc vape para pelaku bandar lintas negara thailand malaysia amp indonesia,netral,0.995,industri,91.0,5,59,2026-07-04,Gresik Jawa Timur,tangkap narkoba super besar 4 container total nilai rp 4 trilliun pes boss wna chinabukan wna yaman pabrik cerme gresik jawa timur rokok electrlc vape laku bandar lintas negara thailand malaysia amp indonesia
2073315880419631250,RRIPrograma3,"Baca Selengkapnya: https://t.co/mjYudb5e8q

Pengungkapan penyelundupan ganja dalam jumlah besar berhasil dilakukan Badan Narkotika Nasional (BNN) di Kabupaten Gresik, Jawa Timur. Sebanyak 3,37 ton narkotika jenis kuncup bunga ganja (cannabis buds) disita dari sebuah gudang di kawasan pergudangan di Kabupaten Gresik, Jawa Timur.

#bnn #ganja #narkotika",baca selengkapnya pengungkapan penyelundupan ganja dalam jumlah besar berhasil dilakukan badan narkotika nasional bnn di kabupaten gresik jawa timur sebanyak 337 ton narkotika jenis kuncup bunga ganja cannabis buds disita dari sebuah gudang di kawasan pergudangan di kabupaten gresik jawa timur bnn ganja narkotika,netral,0.997,umum,1.0,0,0,2026-07-04,Gresik Jawa Timur,baca lengkap ungkap selundup ganja jumlah besar hasil laku badan narkotika nasional bnn kabupaten gresik jawa timur banyak 337 ton narkotika jenis kuncup bunga ganja cannabis buds sita buah gudang kawasan gudang kabupaten gresik jawa timur bnn ganja narkotika
2073267142510690644,GempurJokowi,Narkoba masuk Gresik Jawa Timur https://t.co/i5rydTbHoY,narkoba masuk gresik jawa timur,netral,0.964,umum,5.0,0,2,2026-07-04,Gresik Jawa Timur,narkoba masuk gresik jawa timur
2074090705392402758,lantasresgresik,Anggota Satlantas Polres Gresik melaksanakan penertiban sekaligus memberikan imbauan kepada para pengemudi truk yang masih melintas di jalur dalam kota tidak sesuai dengan ketentuan yang berlaku. https://t.co/2N1DrgvY8Q,anggota satlantas polres gresik melaksanakan penertiban sekaligus memberikan imbauan kepada para pengemudi truk yang masih melintas di jalur dalam kota tidak sesuai dengan ketentuan yang berlaku,netral,0.987,umum,0.0,0,0,2026-07-06,Polres Gresik,anggota satlantas polres gresik laksana tertib sekaligus beri imbau kemudi truk lintas jalur kota sesuai tentu laku
2074090535846137859,lantasresgresik,"Dalam rangka memperingati Hari Bhayangkara ke-80, Polres Gresik menggelar Bhayangkara Fest pada Minggu, 5 Juli 2026, di Halaman Polres Gresik. Ribuan masyarakat turut memeriahkan kegiatan yang dipenuhi dengan berbagai aktivitas menarik, mulai dari jalan sehat, bazar kuliner, dsb. https://t.co/oV0K2sCHpf",dalam rangka memperingati hari bhayangkara ke80 polres gresik menggelar bhayangkara fest pada minggu 5 juli 2026 di halaman polres gresik ribuan masyarakat turut memeriahkan kegiatan yang dipenuhi dengan berbagai aktivitas menarik mulai dari jalan sehat bazar kuliner dsb,netral,0.965,infrastruktur,0.0,0,0,2026-07-06,Polres Gresik,rangka ingat hari bhayangkara ke80 polres gresik gelar bhayangkara fest minggu 5 juli 2026 halaman polres gresik ribu masyarakat turut riah giat penuh bagai aktivitas tarik mulai jalan sehat bazar kuliner
2073965717515608150,HumasGresik,"Keseruan Bhayangkara Fest 2026 Polres Gresik! 🎉 Menghadirkan perpaduan hiburan seru, stand UMKM lokal, hingga pameran alutsista yang mengedukasi warga. Sukses mempererat kedekatan antara Polri dan masyarakat Gresik.
​#BhayangkaraFest2026 #PolresGresik #JogoGresik #UMKMGresik https://t.co/gYXLalyhmj",keseruan bhayangkara fest 2026 polres gresik menghadirkan perpaduan hiburan seru stand umkm lokal hingga pameran alutsista yang mengedukasi warga sukses mempererat kedekatan antara polri dan masyarakat gresik bhayangkarafest2026 polresgresik jogogresik umkmgresik,netral,0.93,ekonomi,0.0,0,0,2026-07-06,Polres Gresik,seru bhayangkara fest 2026 polres gresik hadir padu hibur seru stand umkm lokal hingga pamer alutsista edukasi warga sukses erat dekat polri masyarakat gresik bhayangkarafest2026 polresgresik jogogresik umkmgresik
2073781524147917302,mcinewsid,Polres Gresik Gelar Bhayangkara Fest 2026 Bersama Masyarakat https://t.co/RcM5I7bIyC https://t.co/sqoWfZaYPi,polres gresik gelar bhayangkara fest 2026 bersama masyarakat,netral,0.995,umum,0.0,0,0,2026-07-05,Polres Gresik,polres gresik gelar bhayangkara fest 2026 sama masyarakat
2073656435171565679,HumasGresik,"Meriahkan Hari Bhayangkara ke-80, Polres Gresik sukses menggelar Kapolres Gresik Cup Fishing Championship di Kolam Pancing Putri Sari Indah! 🎣✨ Selain jadi ajang kompetisi seru, 

#HariBhayangkara80 #PolresGresik #KapolresGresikCup #FishingChampionship https://t.co/qrzgrD92Kl",meriahkan hari bhayangkara ke80 polres gresik sukses menggelar kapolres gresik cup fishing championship di kolam pancing putri sari indah selain jadi ajang kompetisi seru haribhayangkara80 polresgresik kapolresgresikcup fishingchampionship,netral,0.962,umum,0.0,1,0,2026-07-05,Polres Gresik,riah hari bhayangkara ke80 polres gresik sukses gelar kapolres gresik cup fishing championship kolam pancing putri sari indah jadi ajang kompetisi seru haribhayangkara80 polresgresik kapolresgresikcup fishingchampionship
2073415199449809178,Tutubrunch,@credOLIN Hayukkk. Kuliner telur ikan di pasar Gresik yaa. ☺️,hayukkk kuliner telur ikan di pasar gresik yaa,positif,0.971,ekonomi,2.0,1,0,2026-07-04,pasar Gresik,hayukkk kuliner telur ikan pasar gresik yaa
2073675685852586446,maasisho,@rdt_adt @yunesafess Udah nyoba di petrokimia Gresik ta?,udah nyoba di petrokimia gresik ta,netral,0.848,industri,0.0,0,0,2026-07-05,Petrokimia Gresik,udah nyoba petrokimia gresik ta
2073299299048267849,GalangTirta5,"@InfosuporterID @SemenpadangFCID @andre_rosiade Dia juga pegang semen padang karena diback up sama BUMN PT Semen Indonesia Tbk kok. Coba pegang PSP Padang, gak bakal bisa jor joran kayak sekarang wkwk",dia juga pegang semen padang karena diback up sama bumn pt semen indonesia tbk kok coba pegang psp padang gak bakal bisa jor joran kayak sekarang wkwk,negatif,0.989,industri,0.0,0,0,2026-07-04,Semen Indonesia,pegang semen padang diback up sama bumn pt semen indonesia tbk kok coba pegang psp padang gak bakal jor joran kayak sekarang wkwk
2073417029441454573,koganenohikari,"@RichHealthyFun gresik - JIIPE
mojosari, kab. mojokerto - Ngoro
kab. pasuruan - PIER

banyak lagi sebenernya, tapi aslinya potensi Surabaya gk ilang gitu aja kok. cuma Pemkot/Pemdanya kurang kreatif aja",gresik jiipe mojosari kab mojokerto ngoro kab pasuruan pier banyak lagi sebenernya tapi aslinya potensi surabaya gk ilang gitu aja kok cuma pemkotpemdanya kurang kreatif aja,negatif,0.996,industri,0.0,0,0,2026-07-04,JIIPE,gresik jiipe mojosari kab mojokerto ngoro kab pasuruan pier banyak sebenernya asli potensi surabaya ilang gitu kok cuma pemkotpemdanya kurang kreatif
2073343782620401780,mesatu_,@joko3yuda Makam Sunan Giri di Gresik juga tuh om. Next gue mau ke sana kayaknya.,makam sunan giri di gresik juga tuh om next gue mau ke sana kayaknya,netral,0.687,wisata,0.0,1,0,2026-07-04,Makam Sunan Giri,makam sunan giri gresik tuh om next gue mau sana kayak
2073380978379342025,grisseecmsts,"@Jerseyforum @JerseyLigina @KukuhMujiono 
#Jersey2Buy #WTB
WTB
Jersey Original
Gresik United / Persegres GU
Lebar 53cm
Kain aman
Budget 300rb (melar dikit masih bisa)
Bisa juga barter dengan jersey GU (bahan barteran dm aja)",jersey2buy wtb wtb jersey original gresik united persegres gu lebar 53cm kain aman budget 300rb melar dikit masih bisa bisa juga barter dengan jersey gu bahan barteran dm aja,netral,0.985,olahraga,0.0,0,1,2026-07-04,Persegres,jersey2buy wtb wtb jersey original gresik united gres gu lebar 53cm kain aman budget 300rb melar dikit barter jersey gu bahan barter dm
2073244933948109199,e100ss,10.17: Info awal #kecelakaan di dekat simpang tiga Betoyo Manyar Gresik. Subyanto pendengar SS melaporkan kecelakaan melibatkan motor. Ada korban tergeletak. Data lengkap belum diketahui (ss-ji),1017 info awal kecelakaan di dekat simpang tiga betoyo manyar gresik subyanto pendengar ss melaporkan kecelakaan melibatkan motor ada korban tergeletak data lengkap belum diketahui ssji,netral,0.993,umum,3.0,0,0,2026-07-04,Manyar Gresik,1017 info awal celaka dekat simpang tiga betoyo manyar gresik subyanto dengar ss lapor celaka libat motor korban geletak data lengkap tahu ssji
2073229364112892199,Budi_bersih,@areumdowoonie njenengan wong mbungah/sidayu/manyar/ gresik utara kah?,njenengan wong mbungahsidayumanyar gresik utara kah,negatif,0.858,umum,0.0,0,0,2026-07-04,Manyar Gresik,njenengan wong mbungahsidayumanyar gresik utara
2073371245484396619,chillbros_,"open adopsi ya teman-teman free!! 
his name is ciro, jantan and 2 months

📍dom Menganti Gresik yaa📷 #adopsi #adopsikucing #kucing #zonakucing #zonaadopsi #freeadopt #freeadopsi #adopt #kitten #cat #catadopt https://t.co/QK5HeMIkP5",open adopsi ya temanteman free his name is ciro jantan and 2 months dom menganti gresik yaa adopsi adopsikucing kucing zonakucing zonaadopsi freeadopt freeadopsi adopt kitten cat catadopt,netral,0.535,umum,0.0,1,0,2026-07-04,Menganti Gresik,open adopsi temanteman free his name is ciro jantan and 2 months dom anti gresik yaa adopsi adopsikucing kucing zonakucing zonaadopsi freeadopt freeadopsi adopt kitten cat catadopt
2073540988166152595,nugresik,TOT CBP-KPP Kedamean Gresik Cetak Trainer Muda dan Bangkitkan Semangat Berorganisasi https://t.co/rDnVr6jRE8,tot cbpkpp kedamean gresik cetak trainer muda dan bangkitkan semangat berorganisasi,netral,0.964,umum,0.0,0,0,2026-07-04,Kedamean Gresik,tot cbpkpp dame gresik cetak trainer muda bangkit semangat organ
2073400821572870359,e100ss,"Kronologi Pria Asal Kedamean Gresik Tertabrak Kereta Api di Krian Sidoarjo
https://t.co/X49z2lYD9W",kronologi pria asal kedamean gresik tertabrak kereta api di krian sidoarjo,netral,0.997,umum,4.0,0,0,2026-07-04,Kedamean Gresik,kronologi pria asal dame gresik tabrak kereta api krian sidoarjo
2076137830032740752,ArisRamadhan90,"Halo gaes, mungkin yg butuh dana jaminan bpkb proses kami bantu
Khusus domisili surabaya Gresik Sidoarjo https://t.co/QPyTE08Q6a",halo gaes mungkin yg butuh dana jaminan bpkb proses kami bantu khusus domisili surabaya gresik sidoarjo,netral,0.996,umum,0.0,0,0,2026-07-12,Gresik,halo gaes mungkin butuh dana jamin bpkb proses bantu khusus domisili surabaya gresik sidoarjo
2076126071851036917,KPU_JATIM,"#TemanPemilih, Ketua Komisi Pemilihan Umum (KPU) Mochammad Afifuddin menyampaikan tiga program prioritas KPU saat sosialisasi pendidikan pemilih berkelanjutan di Universitas Sunan Gresik, Sabtu, 11 Juli 2026. https://t.co/dkV5AZx2dN",temanpemilih ketua komisi pemilihan umum kpu mochammad afifuddin menyampaikan tiga program prioritas kpu saat sosialisasi pendidikan pemilih berkelanjutan di universitas sunan gresik sabtu 11 juli 2026,netral,0.997,pendidikan,1.0,1,0,2026-07-12,Gresik,temanpemilih ketua komisi pilih umum kpu mochammad afifuddin sampai tiga program prioritas kpu sosialisasi didik pilih lanjut universitas sunan gresik sabtu 11 juli 2026
2076123120910606511,grisseecmsts,"@fajarrusalem Dengan harga segitu bisa dapat 2 jersey ori Gresik United musim lalu, dapat 2 pcs pula",dengan harga segitu bisa dapat 2 jersey ori gresik united musim lalu dapat 2 pcs pula,netral,0.993,ekonomi,0.0,0,0,2026-07-12,Gresik,harga segitu 2 jersey ori gresik united musim lalu 2 pcs
2076117614938783946,credOLIN,"@rekaarrahmat Ini Perumahan Dinas Semen Gresik di daerah Segunting, Kak. Memang ada bbrp rumah yg kosong lama dan tidak ditempati, biasanya sebagian ada yg dikontrakan atau dihuni sementara tapi kok rumah ini udah bertahun² tidak ada yang menempati.",ini perumahan dinas semen gresik di daerah segunting kak memang ada bbrp rumah yg kosong lama dan tidak ditempati biasanya sebagian ada yg dikontrakan atau dihuni sementara tapi kok rumah ini udah bertahun² tidak ada yang menempati,negatif,0.902,pemerintahan,1.0,1,0,2026-07-12,Gresik,rumah dinas semen gresik daerah gunting kak memang bbrp rumah kosong lama tempat biasa bagi kontra huni kok rumah udah tahun tempat
2076108901750276249,Creazymoonn,"Mengawali hari minggu ini dengan ngerapihin rumput, btw info loker daerah Gresik kak🙂🙏 https://t.co/fq4owxPmFk",mengawali hari minggu ini dengan ngerapihin rumput btw info loker daerah gresik kak,netral,0.991,umum,1.0,0,0,2026-07-12,Gresik,awal hari minggu ngerapihin rumput btw info loker daerah gresik kak
2076107949127467029,AiptuSupar49750,"Anggota Polsek Cerme melaksanakan pengecekan tanaman jagung di Desa Betiting Kec. Cerme Kab.Gresik 

#astacita 
#swasembadapangan 
#ketahananpangan #ketahananpanganpoldajatim 
#ssdmpolri 
#divhumaspolri 
#birosdmpoldajatim 
#bidhumaspoldajatim 
#polresgresik 
#gresik https://t.co/U8B2m3CP6A",anggota polsek cerme melaksanakan pengecekan tanaman jagung di desa betiting kec cerme kabgresik astacita swasembadapangan ketahananpangan ketahananpanganpoldajatim ssdmpolri divhumaspolri birosdmpoldajatim bidhumaspoldajatim polresgresik gresik,netral,0.996,umum,1.0,0,0,2026-07-12,Gresik,anggota polsek cerme laksana kece tanam jagung desa betiting kec cerme kabgresik astacita swasembadapangan ketahananpangan ketahananpanganpoldajatim ssdmpolri divhumaspolri birosdmpoldajatim bidhumaspoldajatim polresgresik gresik
2076107863274258635,AiptuSupar49750,"Anggota Polsek Cerme melaksanakan pengecekan tanaman jagung di Desa Betiting Kec. Cerme Kab.Gresik 

#astacita 
#swasembadapangan 
#ketahananpangan #ketahananpanganpoldajatim 
#ssdmpolri 
#divhumaspolri 
#birosdmpoldajatim 
#bidhumaspoldajatim 
#polresgresik 
#gresik https://t.co/m8csG3Ol4M",anggota polsek cerme melaksanakan pengecekan tanaman jagung di desa betiting kec cerme kabgresik astacita swasembadapangan ketahananpangan ketahananpanganpoldajatim ssdmpolri divhumaspolri birosdmpoldajatim bidhumaspoldajatim polresgresik gresik,netral,0.996,umum,1.0,0,0,2026-07-12,Gresik,anggota polsek cerme laksana kece tanam jagung desa betiting kec cerme kabgresik astacita swasembadapangan ketahananpangan ketahananpanganpoldajatim ssdmpolri divhumaspolri birosdmpoldajatim bidhumaspoldajatim polresgresik gresik
2076107745380737047,AiptuSupar49750,"Anggota Polsek Cerme melaksanakan pengecekan tanaman jagung di Desa Betiting Kec. Cerme Kab.Gresik 

#astacita 
#swasembadapangan 
#ketahananpangan #ketahananpanganpoldajatim 
#ssdmpolri 
#divhumaspolri 
#birosdmpoldajatim 
#bidhumaspoldajatim 
#polresgresik 
#gresik https://t.co/69sWRYp3M2",anggota polsek cerme melaksanakan pengecekan tanaman jagung di desa betiting kec cerme kabgresik astacita swasembadapangan ketahananpangan ketahananpanganpoldajatim ssdmpolri divhumaspolri birosdmpoldajatim bidhumaspoldajatim polresgresik gresik,netral,0.996,umum,1.0,0,0,2026-07-12,Gresik,anggota polsek cerme laksana kece tanam jagung desa betiting kec cerme kabgresik astacita swasembadapangan ketahananpangan ketahananpanganpoldajatim ssdmpolri divhumaspolri birosdmpoldajatim bidhumaspoldajatim polresgresik gresik
2076090353292280114,Adriantook,"@d_OnlyMe__ Biyen nyasar nang gwalk, moro moro tutuk gresik njir😂",biyen nyasar nang gwalk moro moro tutuk gresik njir,negatif,0.989,umum,1.0,0,0,2026-07-11,Gresik,biyen nyasar nang gwalk moro moro tutuk gresik njir
2076087085010993536,e100ss,"06.30: Info awal #kecelakaan di dua lokasi berbeda, Kawan:
1. Kecelakaan truk di ruas Tol Surabaya-Gresik, menjelang Exit Tol Romokalisari. Arief pendengar SS melaporkan, posisi truk terguling di lajur kiri;
2. Di Sepat Lidah Kulon arah Lidah Wetan. Belum diketahui kendaraan apa yang terlibat. Bayu pendengar SS melaporkan, ada korban tergeletak ditutupi kardus. Sudah ada petugas medis di lokasi.

Data lengkap belum diketahui. (ss-ji)",0630 info awal kecelakaan di dua lokasi berbeda kawan 1 kecelakaan truk di ruas tol surabayagresik menjelang exit tol romokalisari arief pendengar ss melaporkan posisi truk terguling di lajur kiri 2 di sepat lidah kulon arah lidah wetan belum diketahui kendaraan apa yang terlibat bayu pendengar ss melaporkan ada korban tergeletak ditutupi kardus sudah ada petugas medis di lokasi data lengkap belum diketahui ssji,netral,0.909,infrastruktur,1.0,2,0,2026-07-11,Gresik,0630 info awal celaka lokasi beda kawan 1 celaka truk ruas tol surabayagresik jelang exit tol romokalisari arief dengar ss lapor posisi truk guling lajur kiri 2 sepat lidah kulon arah lidah wetan tahu kendara apa libat bayu dengar ss lapor korban geletak tutup kardus tugas medis lokasi data lengkap tahu ssji
2076086115627671594,pinkynduty,@patriciaputttt @fckindwyn clono coklat sekilas mirip labubu gresik 😭🙏,clono coklat sekilas mirip labubu gresik,netral,0.977,umum,0.0,0,0,2026-07-11,Gresik,clono coklat kilas mirip labubu gresik
2076062098736734221,ohmpawat365,@_chaeyyy Ini yg di gresik ya??,ini yg di gresik ya,netral,0.509,umum,0.0,0,0,2026-07-11,Gresik,gresik
2076017192844615911,blissthethicsss,"@anjemundips kost di gresik by kn proyek ada di gresik
di mlg ada tempat tinggal",kost di gresik by kn proyek ada di gresik di mlg ada tempat tinggal,netral,0.99,umum,0.0,1,0,2026-07-11,Gresik,kost gresik by kn proyek gresik mlg tempat tinggal
2076015198557888517,blissthethicsss,"@anjemundips kl lokasi kantor sbnrnya di sby cuman ini ada proyek di gresik by
kl weekend atau libur emg stay di malang",kl lokasi kantor sbnrnya di sby cuman ini ada proyek di gresik by kl weekend atau libur emg stay di malang,netral,0.893,umum,0.0,1,0,2026-07-11,Gresik,kl lokasi kantor sbnrnya sby cuman proyek gresik by kl weekend libur emg stay malang
2076009648411627762,blissthethicsss,"@anjemundips barangkali pen ngerti by wkwk
tergantung sih aku lagi dimana kdg kl lg di gresik gabisa direct jd harus ke sby dlu
kl lg dr malang langsung jg bisa
aku nomaden soalnya😭😭",barangkali pen ngerti by wkwk tergantung sih aku lagi dimana kdg kl lg di gresik gabisa direct jd harus ke sby dlu kl lg dr malang langsung jg bisa aku nomaden soalnya,negatif,0.885,umum,0.0,1,0,2026-07-11,Gresik,barangkali pen ngerti by wkwk gantung sih aku kdg kl lg gresik gabisa direct jd sby dlu kl lg malang langsung jg aku nomaden soal
2073603432272011768,araksagab_,info colbar gresik kota seumuran 19 #gaygresik #gaysurabaya,info colbar gresik kota seumuran 19 gaygresik gaysurabaya,netral,0.996,umum,13.0,7,0,2026-07-05,Gresik Kota,info colbar gresik kota umur 19 gaygresik gaysurabaya
2073743701961232597,BocahAngon_NKRI,"BNN Gerebek Gudang 3,37 Ton Narkoba dari Thailand di Gresik

​Gresik - Badan Narkotika Nasional (BNN) mengamankan sebanyak 3,37 ton narkotika jenis kuncup bunga (cannabis buds) di sebuah gudang kawasan pergudangan di Kabupaten Gresik, Jawa Timur. Barang haram asal Thailand itu dikirimkan oleh jaringan internasional. 
#bnnri @INFOBNN @DivHumas_Polri @HumasPoldaJatim @PIDhumasBanten 
Selengkapnya : 

https://t.co/3dscfXY2xc",bnn gerebek gudang 337 ton narkoba dari thailand di gresik gresik badan narkotika nasional bnn mengamankan sebanyak 337 ton narkotika jenis kuncup bunga cannabis buds di sebuah gudang kawasan pergudangan di kabupaten gresik jawa timur barang haram asal thailand itu dikirimkan oleh jaringan internasional bnnri selengkapnya,netral,0.993,umum,0.0,0,0,2026-07-05,Gresik Jawa Timur,bnn gerebek gudang 337 ton narkoba thailand gresik gresik badan narkotika nasional bnn aman banyak 337 ton narkotika jenis kuncup bunga cannabis buds buah gudang kawasan gudang kabupaten gresik jawa timur barang haram asal thailand kirim jaring internasional bnnri lengkap
2073690670255206783,infobnnk_buru,"BNN menggagalkan penyelundupan 3,37 ton ganja yang diduga berasal dari Thailand di pergudangan kawasan Manyar, Kabupaten Gresik, Jawa Timur, pada Rabu (1/7).
Barang bukti tersebut diamankan dalam operasi gabungan bersama Direktorat Jenderal Bea dan Cukai serta Polda Jawa Timur. https://t.co/olsygUO5Cq",bnn menggagalkan penyelundupan 337 ton ganja yang diduga berasal dari thailand di pergudangan kawasan manyar kabupaten gresik jawa timur pada rabu 17 barang bukti tersebut diamankan dalam operasi gabungan bersama direktorat jenderal bea dan cukai serta polda jawa timur,netral,0.997,ekonomi,0.0,0,0,2026-07-05,Gresik Jawa Timur,bnn gagal selundup 337 ton ganja duga asal thailand gudang kawasan manyar kabupaten gresik jawa timur rabu 17 barang bukti sebut aman operasi gabung sama direktorat jenderal bea cukai polda jawa timur
2073627432595435611,Didi_margo,@Erwinov_ @LembagaKERIS Hilirisasi smelter tembaga jadi Kuningan smelter di gresik Jawa Timur Punya Freeport Indonesia produksi kuningannya,hilirisasi smelter tembaga jadi kuningan smelter di gresik jawa timur punya freeport indonesia produksi kuningannya,netral,0.997,industri,1.0,1,0,2026-07-05,Gresik Jawa Timur,hilir smelter tembaga jadi kuningan smelter gresik jawa timur punya freeport indonesia produksi kuningan
2074774697863221601,lantasresgresik,Anggota Unit Kamsel Satlantas Polres Gresik melaksanakan Sosialisasi Safety Riding kepada staf PT Maspion Gresik guna meningkatkan pemahaman tentang pentingnya berkendara yang aman dan tertib. https://t.co/qCedr7VGHr,anggota unit kamsel satlantas polres gresik melaksanakan sosialisasi safety riding kepada staf pt maspion gresik guna meningkatkan pemahaman tentang pentingnya berkendara yang aman dan tertib,netral,0.994,umum,0.0,0,0,2026-07-08,Polres Gresik,anggota unit kamsel satlantas polres gresik laksana sosialisasi safety riding staf pt maspion gresik tingkat paham penting kendara aman tertib
2074604145278091413,HumasGresik,"Kanit Kamsel bersama Anggota Satlantas Polres Gresik melaksanakan Sosialisasi Safety Riding kepada Guru dan Staf SD Muhammadiyah 1 Gresik.

#SatlantasPolresGresik #PolriUntukMasyarakat #SafetyRiding https://t.co/pqOGDzAB3s",kanit kamsel bersama anggota satlantas polres gresik melaksanakan sosialisasi safety riding kepada guru dan staf sd muhammadiyah 1 gresik satlantaspolresgresik polriuntukmasyarakat safetyriding,netral,0.997,umum,0.0,1,0,2026-07-07,Polres Gresik,kanit kamsel sama anggota satlantas polres gresik laksana sosialisasi safety riding guru staf sd muhammadiyah 1 gresik satlantaspolresgresik polriuntukmasyarakat safetyriding
2074479083053084812,lantasresgresik,Kanit Kamsel bersama Anggota Satlantas Polres Gresik melaksanakan Sosialisasi Safety Riding kepada Guru dan Staf SD Muhammadiyah 1 Gresik. https://t.co/dah4VI0CzJ,kanit kamsel bersama anggota satlantas polres gresik melaksanakan sosialisasi safety riding kepada guru dan staf sd muhammadiyah 1 gresik,netral,0.997,umum,0.0,0,0,2026-07-07,Polres Gresik,kanit kamsel sama anggota satlantas polres gresik laksana sosialisasi safety riding guru staf sd muhammadiyah 1 gresik
2074326179042168864,HumasGresik,"Anggota Satlantas Polres Gresik melaksanakan penertiban sekaligus memberikan imbauan kepada para pengemudi truk yang masih melintas di jalur dalam kota tidak sesuai dengan ketentuan yang berlaku.
#SatlantasPolresGresik #PolriUntukMasyarakat https://t.co/Rqxyuk5yuA",anggota satlantas polres gresik melaksanakan penertiban sekaligus memberikan imbauan kepada para pengemudi truk yang masih melintas di jalur dalam kota tidak sesuai dengan ketentuan yang berlaku satlantaspolresgresik polriuntukmasyarakat,netral,0.994,umum,0.0,1,0,2026-07-07,Polres Gresik,anggota satlantas polres gresik laksana tertib sekaligus beri imbau kemudi truk lintas jalur kota sesuai tentu laku satlantaspolresgresik polriuntukmasyarakat
2073820564842782930,byeoridwaeeo,what if gw pagi berangkat ke pasar gresik dulu terus siangnya baru otw sby and then malemnya ngeluh pinggang gw encok,what if gw pagi berangkat ke pasar gresik dulu terus siangnya baru otw sby and then malemnya ngeluh pinggang gw encok,negatif,0.931,ekonomi,0.0,0,0,2026-07-05,pasar Gresik,what if gw pagi berangkat pasar gresik dulu terus siang baru otw sby and then malemnya ngeluh pinggang gw encok
2073804281384464552,byeoridwaeeo,bodo amat yg penting weekend ini ngeroom lagi,bodo amat yg penting weekend ini ngeroom lagi,negatif,0.994,umum,0.0,2,0,2026-07-05,pasar Gresik,bodo penting weekend ngeroom
2073773589409800452,byeoridwaeeo,"kok banyak bgt ya wishlist gw bulan ini, ya mantai, ya ke pasar gresik, ya nyobain tempat barunya si teteh...",kok banyak bgt ya wishlist gw bulan ini ya mantai ya ke pasar gresik ya nyobain tempat barunya si teteh,positif,0.786,ekonomi,0.0,0,0,2026-07-05,pasar Gresik,kok banyak banget wishlist gw bulan manta pasar gresik nyobain tempat baru si teteh
2074477501511029115,KoranBUMN,"PETRONITE FEST 2026 LIBATKAN 670 TENANT, PETROKIMIA GRESIK DORONG PENGUATAN EKONOMI LOKAL https://t.co/oaZeluZ1RT @petrogresik @pupuk_indonesia https://t.co/yHV57Q0H8s",petronite fest 2026 libatkan 670 tenant petrokimia gresik dorong penguatan ekonomi lokal,netral,0.989,industri,0.0,0,0,2026-07-07,Petrokimia Gresik,petronite fest 2026 libat 670 tenant petrokimia gresik dorong kuat ekonomi lokal
2073725510669217926,Hidupsebagai62,"NETIZEN KALIAN PERCAYA MANA?

LABA BUMN BERBEDA ANTARA LAPORAN KEUANGAN PERUSAHAAN DENGAN KLAIM DANANTARA  !!!
SELISIH 15 TRILIUN LEBIH !!

INI SIAPA YANG MAIN-MAIN SIH?
UANGNYA 15 TRILIUN RUPIAH LOH !!!

Perbandingan Klaim Laba BUMN: Danantara vs Data Resmi (LK 2025/Q1 2026)

Catatan: Danantara membandingkan periode April 2025-April 2026 (belum diaudit), beda basis dengan laporan resmi kuartalan/tahunan yang sudah diaudit. 
Ini sumber utama selisih angka.

1. BRI
Klaim Danantara: Rp 21,2 T (+15%)
Data resmi: Rp 15,9 T / Rp 15,5 T Q1 2026 (+13,7%)
Selisih: ~Rp 5,3 T

2. Bank Mandiri
Klaim Danantara: Rp 21,3 T (+13%)
Data resmi: Rp 15,4 T Q1 2026 (+16,6%)
Selisih: ~Rp 5,9 T

3. BNI
Klaim Danantara: Rp 7,2 T
Data resmi: Rp 5,68 T Q1 2026 (+5,04%)
Selisih: ~Rp 1,5 T

4. Pertamina
Klaim Danantara: Rp 24,9 T (+80%, basis April 2025 rendah)
Data resmi: Rp 55,2 T LK audit FY2025 (+6,8% YoY), pendapatan malah turun 5,9%
Catatan: Ekonom CORE sebut angka 80% menyesatkan karena basis pembanding sangat rendah

5. Pupuk Indonesia
Klaim Danantara: Rp 4,8 T (+202%, dari Rp 1,59 T)
Data resmi: belum ada perbandingan independen yang dipublikasikan

6. Pelindo
Klaim Danantara: Rp 1,5 T (+169%)
Data resmi: belum ada perbandingan independen

7. InJourney
Klaim Danantara: Rp 300 M (+33%)
Data resmi: belum ada perbandingan independen

8. Krakatau Steel
Klaim Danantara: rugi Rp 981 M jadi laba Rp 635 M
Catatan: sejalan restrukturisasi utang (US$1,7M ke US$1,1M), tapi belum ada laporan konsolidasi audit

9. Kimia Farma
Klaim Danantara: rugi Rp 160 M jadi laba Rp 108 M
Catatan: pengamat sebut ada Rp 163 M penghasilan dari restrukturisasi pinjaman, bukan dari operasional bisnis

10. Semen Indonesia
Klaim Danantara: rugi Rp 66 M jadi laba Rp 106 M
Data resmi: belum ada perbandingan independen

Inti kritik pengamat (Herry Gunawan - NEXT Indonesia Center, Yusuf Rendy Manilet - CORE):

- Data mana yang jadi acuan, laporan resmi BUMN atau paparan Danantara?
- Bandingkan data teraudit vs belum teraudit berpotensi bias
- Laporan konsolidasian Danantara FY2025 sendiri masih dalam proses audit
- Sebagian kenaikan laba berasal dari pos akuntansi restrukturisasi utang, bukan perbaikan operasional riil",netizen kalian percaya mana laba bumn berbeda antara laporan keuangan perusahaan dengan klaim danantara selisih 15 triliun lebih ini siapa yang mainmain sih uangnya 15 triliun rupiah loh perbandingan klaim laba bumn danantara vs data resmi lk 2025q1 2026 catatan danantara membandingkan periode april 2025april 2026 belum diaudit beda basis dengan laporan resmi kuartalantahunan yang sudah diaudit ini sumber utama selisih angka 1 bri klaim danantara rp 212 t 15 data resmi rp 159 t rp 155 t q1 2026 137 selisih rp 53 t 2 bank mandiri klaim danantara rp 213 t 13 data resmi rp 154 t q1 2026 166 selisih rp 59 t 3 bni klaim danantara rp 72 t data resmi rp 568 t q1 2026 504 selisih rp 15 t 4 pertamina klaim danantara rp 249 t 80 basis april 2025 rendah data resmi rp 552 t lk audit fy2025 68 yoy pendapatan malah turun 59 catatan ekonom core sebut angka 80 menyesatkan karena basis pembanding sangat rendah 5 pupuk indonesia klaim danantara rp 48 t 202 dari rp 159 t data resmi belum ada perbandingan independen yang dipublikasikan 6 pelindo klaim danantara rp 15 t 169 data resmi belum ada perbandingan independen 7 injourney klaim danantara rp 300 m 33 data resmi belum ada perbandingan independen 8 krakatau steel klaim danantara rugi rp 981 m jadi laba rp 635 m catatan sejalan restrukturisasi utang us17m ke us11m tapi belum ada laporan konsolidasi audit 9 kimia farma klaim danantara rugi rp 160 m jadi laba rp 108 m catatan pengamat sebut ada rp 163 m penghasilan dari restrukturisasi pinjaman bukan dari operasional bisnis 10 semen indonesia klaim danantara rugi rp 66 m jadi laba rp 106 m data resmi belum ada perbandingan independen inti kritik pengamat herry gunawan next indonesia center yusuf rendy manilet core data mana yang jadi acuan laporan resmi bumn atau paparan danantara bandingkan data teraudit vs belum teraudit berpotensi bias laporan konsolidasian danantara fy2025 sendiri masih dalam proses audit sebagian kenaikan laba berasal dari pos akuntansi restrukturisasi utang bukan perbaikan operasional riil,netral,0.814,infrastruktur,73.0,14,41,2026-07-05,Semen Indonesia,netizen kalian percaya mana laba bumn beda lapor uang usaha klaim danantara selisih 15 triliun lebih siapa mainmain sih uang 15 triliun rupiah loh banding klaim laba bumn danantara vs data resmi lk 2025q1 2026 catat danantara banding periode april 2025april 2026 audit beda basis lapor resmi kuartalantahunan audit sumber utama selisih angka 1 bri klaim danantara rp 212 t 15 data resmi rp 159 t rp 155 t q1 2026 137 selisih rp 53 t 2 bank mandiri klaim danantara rp 213 t 13 data resmi rp 154 t q1 2026 166 selisih rp 59 t 3 bni klaim danantara rp 72 t data resmi rp 568 t q1 2026 504 selisih rp 15 t 4 pertamina klaim danantara rp 249 t 80 basis april 2025 rendah data resmi rp 552 t lk audit fy2025 68 yoy dapat malah turun 59 catat ekonom core sebut angka 80 sesat basis banding sangat rendah 5 pupuk indonesia klaim danantara rp 48 t 202 rp 159 t data resmi banding independen publikasi 6 pelindo klaim danantara rp 15 t 169 data resmi banding independen 7 injourney klaim danantara rp 300 m 33 data resmi banding independen 8 krakatau steel klaim danantara rugi rp 981 m jadi laba rp 635 m catat jalan restrukturisasi utang us17m us11m lapor konsolidasi audit 9 kimia farma klaim danantara rugi rp 160 m jadi laba rp 108 m catat amat sebut rp 163 m hasil restrukturisasi pinjam bukan operasional bisnis 10 semen indonesia klaim danantara rugi rp 66 m jadi laba rp 106 m data resmi banding independen inti kritik amat herry gunawan next indonesia center yusuf rendy manilet core data mana jadi acu lapor resmi bumn papar danantara banding data audit vs audit potensi bias lapor konsolidasi danantara fy2025 sendiri proses audit bagi naik laba asal pos akuntansi restrukturisasi utang bukan baik operasional riil
2073803146149961985,tamagotempura,"@sugondese6666 budaya jam kerjanya juga gila sih, temenku kerja di salah satu perusahaan di JIIPE Gresik aja 12 jam. kemarin sempet lembur sampe 16 jam😭😭",budaya jam kerjanya juga gila sih temenku kerja di salah satu perusahaan di jiipe gresik aja 12 jam kemarin sempet lembur sampe 16 jam,negatif,0.581,industri,0.0,0,0,2026-07-05,JIIPE,budaya jam kerja gila sih temenku kerja salah satu usaha jiipe gresik 12 jam kemarin sempet lembur sampe 16 jam
2073634682491883934,nugresik,"Pelantikan Serentak PR Fatayat NU se-Kebomas Gresik, Pengurus Diingatkan Jalankan Amanah dengan Ikhlas dan Tanggung Jawab https://t.co/A7sma20iYK",pelantikan serentak pr fatayat nu sekebomas gresik pengurus diingatkan jalankan amanah dengan ikhlas dan tanggung jawab,netral,0.991,infrastruktur,0.0,0,0,2026-07-05,Kebomas Gresik,lantik serentak pr fatayat nu sekebomas gresik urus ingat jalan amanah ikhlas tanggung jawab
2073662372976419314,jawapos,"Pertikaian Berdarah di Driyorejo Gresik, Korban Luka Tusuk, Polisi Buru Pelaku
https://t.co/aIRxNdBhZp",pertikaian berdarah di driyorejo gresik korban luka tusuk polisi buru pelaku,netral,0.985,umum,0.0,0,1,2026-07-05,Driyorejo Gresik,tikai darah driyorejo gresik korban luka tusuk polisi buru laku
2073641021897048497,kabarbaikdotco,"Seorang pemuda ditemukan bersimbah d4rah di Jalan Raya Driyorejo, Kabupaten Gresik, Sabtu (4/7) malam. Polisi menduga pemuda bertato itu menjadi korban pengeroy0kan. Korban, Rachmad Ragil Maryantono, warga Desa Mojosarirejo, Kecamatan Driyorejo, Gresik. https://t.co/ECDy50jZZk",seorang pemuda ditemukan bersimbah d4rah di jalan raya driyorejo kabupaten gresik sabtu 47 malam polisi menduga pemuda bertato itu menjadi korban pengeroy0kan korban rachmad ragil maryantono warga desa mojosarirejo kecamatan driyorejo gresik,netral,0.992,infrastruktur,0.0,0,0,2026-07-05,Driyorejo Gresik,orang pemuda temu simbah d4rah jalan raya driyorejo kabupaten gresik sabtu 47 malam polisi duga pemuda tato jadi korban pengeroy0kan korban rachmad ragil maryantono warga desa mojosarirejo camat driyorejo gresik
2073641471216079166,kabarbaikdotco,"Pemotor perempuan t3was setelah terlibat kecelakaan dengan sebuah truk di Jalan Raya Desa Betoyo, Kecamatan Manyar, Kabupaten Gresik, Sabtu (4/7) sekitar pukul 09.50 WIB. Korban bernama Virna Kurniawan, 24, warga Desa Racikulon, Kecamatan Sidayu, Gresik.
https://t.co/L8YppNAesc",pemotor perempuan t3was setelah terlibat kecelakaan dengan sebuah truk di jalan raya desa betoyo kecamatan manyar kabupaten gresik sabtu 47 sekitar pukul 0950 wib korban bernama virna kurniawan 24 warga desa racikulon kecamatan sidayu gresik,netral,0.99,infrastruktur,0.0,0,0,2026-07-05,Sidayu Gresik,motor perempuan t3was libat celaka buah truk jalan raya desa betoyo camat manyar kabupaten gresik sabtu 47 pukul 0950 wib korban nama virna kurniawan 24 warga desa racikulon camat sidayu gresik
2073897110018351533,nugresik,"PKD ke-IV PAC GP Ansor Ujungpangkah Gresik, Cetak Kader Pemimpin Muda Nahdliyin https://t.co/cwExr4UdIv",pkd keiv pac gp ansor ujungpangkah gresik cetak kader pemimpin muda nahdliyin,netral,0.997,umum,0.0,0,0,2026-07-05,Ujungpangkah Gresik,pkd keiv pac gp ansor ujungpangkah gresik cetak kader pimpin muda nahdliyin
2073897035187810612,nugresik,"Gerakan Serentak Muharram Ceria Bersama Yatim 1448 H, NU Care Lazisnu MWCNU Kedamean Gresik Salurkan Santunan https://t.co/ELbCKUvgPy",gerakan serentak muharram ceria bersama yatim 1448 h nu care lazisnu mwcnu kedamean gresik salurkan santunan,netral,0.847,umum,0.0,0,0,2026-07-05,Kedamean Gresik,gera serentak muharram ceria sama yatim 1448 h nu care lazisnu mwcnu dame gresik salur santun
2073692164194697258,sbyfess,"-rek Help RT🙏🏼
DIJUAL CEPAT TANAH  5.638 m² (16x355 m) di Lampah, Kedamean Gresik. 
🌾 Tanah pertanian, cocok jadi kavling (dekat Frans Jaya). 

📑 SHM lengkap 

⚠️Jual cepat (BU). Harga sudah di sesuaikan untuk cpt laku 
info lbh lanjut 0895397091410 atau @d0orfogg https://t.co/JusPRiGVq3",rek help rt dijual cepat tanah 5638 m² 16x355 m di lampah kedamean gresik tanah pertanian cocok jadi kavling dekat frans jaya shm lengkap jual cepat bu harga sudah di sesuaikan untuk cpt laku info lbh lanjut 0895397091410 atau,netral,0.969,ekonomi,4.0,0,1,2026-07-05,Kedamean Gresik,rek help rt jual cepat tanah 5638 m 16x355 m lampah dame gresik tanah tani cocok jadi kavling dekat frans jaya shm lengkap jual cepat bu harga sesuai cpt laku info lbh lanjut 0895397091410
2076506851810976179,mario_an19,"@kabarufo ini seperti nya layangan 

di gresik semalam jg ada. ijo2 gt d langit deket sawah2",ini seperti nya layangan di gresik semalam jg ada ijo2 gt d langit deket sawah2,positif,0.497,umum,0.0,0,0,2026-07-13,Gresik,nya layang gresik malam jg ijo2 gt d langit deket sawah2
2076506176637026331,Scouma_go2,"OPEN PO LIGHTSTICK ENHYPEN

💸745k dp 635k (Inc shipping local) 

✅ Limited slot 
✅ Inc emstax, est bersih ina 
✅ GO line &amp; WA
❌ Packing &amp; admin🍊

🚚 Gresik &amp; SBY jatim 

📩 Form order
https://t.co/YH2G2QYTnm https://t.co/dxWa75jNDp",open po lightstick enhypen 745k dp 635k inc shipping local limited slot inc emstax est bersih ina go line amp wa packing amp admin gresik amp sby jatim form order,netral,0.994,umum,0.0,0,0,2026-07-13,Gresik,open po lightstick enhypen 745k dp 635k inc shipping local limited slot inc emstax est bersih ina go line amp wa packing amp admin gresik amp sby jatim form order
2076498036071731372,pikakukeko,"hari Jumat kemarin belik Almond Milk JuniJuli #TinggalTeguk nya kak @credOLIN~ dikirim fresh dari Gresik ke Surabaya.  

kalo kamu penasaran kayak apa, coba klik hasthtag atau profile kak Olin yang aku tag di atas.   
dari aku sih iyes, kamu kudu nyicip juga!!",hari jumat kemarin belik almond milk junijuli tinggalteguk nya kak dikirim fresh dari gresik ke surabaya kalo kamu penasaran kayak apa coba klik hasthtag atau profile kak olin yang aku tag di atas dari aku sih iyes kamu kudu nyicip juga,netral,0.819,umum,1.0,1,1,2026-07-13,Gresik,hari jumat kemarin belik almond milk junijuli tinggalteguk nya kak kirim fresh gresik surabaya kalo kamu penasaran kayak apa coba klik hasthtag profile kak olin aku tag atas aku sih iyes kamu kudu nyicip
2076497659574272041,xolofexstephy,@sbyfess Temen2ku PP bahakn yg kerja di perak atau surabaya barat. Tetanggaku kerja di gresik ya PP. Jadi kemungkinan aku juga PP. Btw rumahku lebih deket ke taman dayu daripada ke KBS 😄,temen2ku pp bahakn yg kerja di perak atau surabaya barat tetanggaku kerja di gresik ya pp jadi kemungkinan aku juga pp btw rumahku lebih deket ke taman dayu daripada ke kbs,positif,0.575,umum,0.0,0,0,2026-07-13,Gresik,temen2ku pp bahakn kerja perak surabaya barat tetangga kerja gresik pp jadi mungkin aku pp btw rumah lebih deket taman dayu kbs
2076494981486051364,TheKerupuk,@panvialy cocoknya buat lu itu gresik united kak,cocoknya buat lu itu gresik united kak,positif,0.993,umum,0.0,1,0,2026-07-13,Gresik,cocok buat lu gresik united kak
2076494329791824190,kabarbaikdotco,"Jadwal Sim keliling bulan Juli untuk wilayah Gresik, Surabaya, Sidoarjo https://t.co/a6p49Vuqf4",jadwal sim keliling bulan juli untuk wilayah gresik surabaya sidoarjo,netral,0.998,umum,0.0,0,0,2026-07-13,Gresik,jadwal sim keliling bulan juli wilayah gresik surabaya sidoarjo
2076492254810951953,whosjourdaddy,"yang butuh susu kartonan buat MBG bisa PC ya, area Surabaya Sidoarjo Gresik",yang butuh susu kartonan buat mbg bisa pc ya area surabaya sidoarjo gresik,netral,0.997,umum,0.0,0,0,2026-07-13,Gresik,butuh susu karton buat mbg pc area surabaya sidoarjo gresik
2076484678518001890,KingqueenPison,@sbyfess Kene gresik ng pakuwon timur ae pp,kene gresik ng pakuwon timur ae pp,netral,0.498,umum,0.0,0,0,2026-07-13,Gresik,kene gresik ng pakuwon timur ae pp
2076481263159173388,HumasGresik,"Hallo Rekk!!
Jadwal Sim Keliling untuk pekan ini (13 Julii 2026 - 18 Juli 2026) sudah keluar.
Catat tanggal dan lokasinya, ya!
Jangan sampai kelewatan, ya☺️

#simkelilinggresik #gresik #satlantaspolresgresik #polresgresik https://t.co/Nb7Yuv0ZN6",hallo rekk jadwal sim keliling untuk pekan ini 13 julii 2026 18 juli 2026 sudah keluar catat tanggal dan lokasinya ya jangan sampai kelewatan ya simkelilinggresik gresik satlantaspolresgresik polresgresik,netral,0.998,umum,0.0,0,0,2026-07-13,Gresik,hallo rekk jadwal sim keliling pekan 13 juli 2026 18 juli 2026 keluar catat tanggal lokasi jangan lewat simkelilinggresik gresik satlantaspolresgresik polresgresik
2076480816562221166,AiptuSupar49750,"Anggota Polsek Manyar melaksanakan pengecekan tanaman / sawi di Ds manyarrejo Kec Manyar Kab. Gresik

#astacita 
#swasembadapangan 
#ketahananpangan #ketahananpanganpoldajatim 
#ssdmpolri 
#divhumaspolri 
#birosdmpoldajatim 
#bidhumaspoldajatim 
#polresgresik 
#gresik https://t.co/NQwuSe0VWF",anggota polsek manyar melaksanakan pengecekan tanaman sawi di ds manyarrejo kec manyar kab gresik astacita swasembadapangan ketahananpangan ketahananpanganpoldajatim ssdmpolri divhumaspolri birosdmpoldajatim bidhumaspoldajatim polresgresik gresik,netral,0.996,umum,1.0,0,0,2026-07-13,Gresik,anggota polsek manyar laksana kece tanam sawi ds manyarrejo kec manyar kab gresik astacita swasembadapangan ketahananpangan ketahananpanganpoldajatim ssdmpolri divhumaspolri birosdmpoldajatim bidhumaspoldajatim polresgresik gresik
2076480724941861352,AiptuSupar49750,"Anggota Polsek Manyar melaksanakan pengecekan tanaman / sawi di Ds manyarrejo Kec Manyar Kab. Gresik

#astacita 
#swasembadapangan 
#ketahananpangan #ketahananpanganpoldajatim 
#ssdmpolri 
#divhumaspolri 
#birosdmpoldajatim 
#bidhumaspoldajatim 
#polresgresik 
#gresik https://t.co/ViLeTfeeiT",anggota polsek manyar melaksanakan pengecekan tanaman sawi di ds manyarrejo kec manyar kab gresik astacita swasembadapangan ketahananpangan ketahananpanganpoldajatim ssdmpolri divhumaspolri birosdmpoldajatim bidhumaspoldajatim polresgresik gresik,netral,0.996,umum,1.0,0,0,2026-07-13,Gresik,anggota polsek manyar laksana kece tanam sawi ds manyarrejo kec manyar kab gresik astacita swasembadapangan ketahananpangan ketahananpanganpoldajatim ssdmpolri divhumaspolri birosdmpoldajatim bidhumaspoldajatim polresgresik gresik
2076480637905801665,AiptuSupar49750,"Anggota Polsek Manyar melaksanakan pengecekan tanaman / sawi di Ds manyarrejo Kec Manyar Kab. Gresik

#astacita 
#swasembadapangan 
#ketahananpangan #ketahananpanganpoldajatim 
#ssdmpolri 
#divhumaspolri 
#birosdmpoldajatim 
#bidhumaspoldajatim 
#polresgresik 
#gresik https://t.co/iTmZcHbYLr",anggota polsek manyar melaksanakan pengecekan tanaman sawi di ds manyarrejo kec manyar kab gresik astacita swasembadapangan ketahananpangan ketahananpanganpoldajatim ssdmpolri divhumaspolri birosdmpoldajatim bidhumaspoldajatim polresgresik gresik,netral,0.996,umum,1.0,0,0,2026-07-13,Gresik,anggota polsek manyar laksana kece tanam sawi ds manyarrejo kec manyar kab gresik astacita swasembadapangan ketahananpangan ketahananpanganpoldajatim ssdmpolri divhumaspolri birosdmpoldajatim bidhumaspoldajatim polresgresik gresik
2076472210878042490,rvprettyperfect,nek aku ilang nde gresik golek ono aku nde sunrise mall gresik ae,nek aku ilang nde gresik golek ono aku nde sunrise mall gresik ae,negatif,0.889,umum,0.0,0,0,2026-07-13,Gresik,nek aku ilang nde gresik golek ono aku nde sunrise mall gresik ae
2076467241504358450,rvprettyperfect,"aku ki ra paham gresik, di kon nde gresik, wes ngerti aku iki raiso moco maps 🤣",aku ki ra paham gresik di kon nde gresik wes ngerti aku iki raiso moco maps,negatif,0.97,umum,0.0,0,0,2026-07-13,Gresik,aku ki ra paham gresik kon nde gresik wes ngerti aku iki raiso moco maps
2076466800683073848,arashcyrille,@tanyakanrl Gresik perbatasan lamongan 22°,gresik perbatasan lamongan 22,netral,0.996,umum,0.0,0,0,2026-07-13,Gresik,gresik batas lamongan 22
2076466203548418421,sepak_bola0726,"【Na Willaで学ぶインドネシア語⑲】

pindah
＝引っ越す、移る

Mak bilang ia pindah ke Gresik.
（マックの話では、グレシックに引っ越したんだって）

pindah は場所や所属を「移る」。

pindah rumah（引っ越す）、pindah sekolah（転校する）のように使います。",na willaで学ぶインドネシア語⑲ pindah 引っ越す移る mak bilang ia pindah ke gresik マックの話ではグレシックに引っ越したんだって pindah は場所や所属を移る pindah rumah引っ越すpindah sekolah転校するのように使います,negatif,0.961,pendidikan,0.0,0,0,2026-07-13,Gresik,na willa pindah  mak bilang pindah gresik  pindah  pindah rumah pindah sekolah
2076460736310825335,shakiraamanda78,Pengecekan tanaman / sawi di Ds manyarrejo Kec Manyar Kab. Gresik https://t.co/ivTFrsNrqi,pengecekan tanaman sawi di ds manyarrejo kec manyar kab gresik,netral,0.994,umum,0.0,0,0,2026-07-13,Gresik,kece tanam sawi ds manyarrejo kec manyar kab gresik
2075030900228968828,kabarbaikdotco,"Laporan kehilangan aki truk yang diajukan seorang sopir ke Polsek Duduksampeyan, Kabupaten Gresik, justru mengungkap dugaan kasus perjudian online. 
https://t.co/BYkZmuX8pi",laporan kehilangan aki truk yang diajukan seorang sopir ke polsek duduksampeyan kabupaten gresik justru mengungkap dugaan kasus perjudian online,netral,0.991,umum,0.0,0,0,2026-07-09,Kabupaten Gresik,lapor hilang aki truk aju orang sopir polsek duduksampeyan kabupaten gresik justru ungkap duga kasus judi online
2074998148741894382,odirido,"Pagi pak, permisi, apakah Rabu malam ada beberapa jet militer terbang melewati kabupaten Gresik? Satu kabupaten gaduh ingin tahu suara apa itu. Dikira ada alien mampir 🤣
@kamto_adi",pagi pak permisi apakah rabu malam ada beberapa jet militer terbang melewati kabupaten gresik satu kabupaten gaduh ingin tahu suara apa itu dikira ada alien mampir,netral,0.838,umum,0.0,0,0,2026-07-08,Kabupaten Gresik,pagi pak permisi rabu malam beberapa jet militer terbang lewat kabupaten gresik satu kabupaten gaduh tahu suara apa kira alien mampir
2074879247609667937,Korem084Bj,"Wujudkan Batalyon yang Hadir untuk Rakyat,
Danrem  Tinjau YTP 541/KJS

Gresik, Komandan Korem 084/Bhaskara Jaya Brigjen TNI Kohir melaksanakan peninjauan ke YTP 541/Ksatria Joko Samudro yang berada di Desa Wotan, Kecamatan Panceng, Kabupaten Gresik, Rabu (8/7/2026). https://t.co/XQ5CqfxjA0",wujudkan batalyon yang hadir untuk rakyat danrem tinjau ytp 541kjs gresik komandan korem 084bhaskara jaya brigjen tni kohir melaksanakan peninjauan ke ytp 541ksatria joko samudro yang berada di desa wotan kecamatan panceng kabupaten gresik rabu 872026,netral,0.997,umum,11.0,4,2,2026-07-08,Kabupaten Gresik,wujud batalyon hadir rakyat danrem tinjau ytp 541kjs gresik komandan korem 084bhaskara jaya brigjen tni kohir laksana tinjau ytp 541ksatria joko samudro ada desa wotan camat panceng kabupaten gresik rabu 872026
2074869582775583001,ragilwew,"Halooo min, mungkin ada penjelasan terkait suara dentuman yang terdengar di Kabupaten Gresik akhir-akhir ini? 

Berikut terkait contoh suara dentuman yang terdengar lagi malam ini 
@infoBMKG https://t.co/uNyiYzyEzI",halooo min mungkin ada penjelasan terkait suara dentuman yang terdengar di kabupaten gresik akhirakhir ini berikut terkait contoh suara dentuman yang terdengar lagi malam ini,netral,0.968,umum,21.0,15,1,2026-07-08,Kabupaten Gresik,halooo min mungkin jelas kait suara dentum dengar kabupaten gresik akhirakhir ikut kait contoh suara dentum dengar malam
2074351884631200000,kabarbaikdotco,"Polisi menetapkan dua orang sebagai daftar pencarian orang (DPO) dalam kasus penusukan terhadap seorang pemuda di Jalan Raya Driyorejo, Kabupaten Gresik. Peristiwa yang terjadi pada Sabtu (4/7) malam itu diduga dipicu persoalan pribadi.
https://t.co/QOfncciyZk",polisi menetapkan dua orang sebagai daftar pencarian orang dpo dalam kasus penusukan terhadap seorang pemuda di jalan raya driyorejo kabupaten gresik peristiwa yang terjadi pada sabtu 47 malam itu diduga dipicu persoalan pribadi,netral,0.966,infrastruktur,0.0,0,0,2026-07-07,Kabupaten Gresik,polisi tetap orang daftar cari orang dpo kasus tusuk orang pemuda jalan raya driyorejo kabupaten gresik peristiwa jadi sabtu 47 malam duga picu soal pribadi
2074351664786715099,kabarbaikdotco,"Perempuan lansia, Sakila, 91, ditemukan meninggal dunia di dalam rumahnya di Dusun Gading, Desa Cangkir, Kecamatan Driyorejo, Kabupaten Gresik. Korban yang diketahui hidup sebatang kara ditemukan dalam kondisi sudah meninggal dan mengeluarkan bau menyengat
https://t.co/3WtIhSRIFi",perempuan lansia sakila 91 ditemukan meninggal dunia di dalam rumahnya di dusun gading desa cangkir kecamatan driyorejo kabupaten gresik korban yang diketahui hidup sebatang kara ditemukan dalam kondisi sudah meninggal dan mengeluarkan bau menyengat,netral,0.791,umum,0.0,0,0,2026-07-07,Kabupaten Gresik,perempuan lansia sakila 91 temu tinggal dunia rumah dusun gading desa cangkir camat driyorejo kabupaten gresik korban tahu hidup batang kara temu kondisi tinggal keluar bau sengat
2074424465312903517,blissthethicsss,"📍Surabaya/ Bambe (Gresik), Jawa Timur

Looking for your next challenge?
Samator Group is currently hiring for the following positions:
- Manager Planning – Samator Land
- Staff Quality Control – SCMED
- Manager Marketing Coordinator – SCMED
- Manager Marketing & Sales – Samator Land

If you're passionate about making an impact and growing your career in a dynamic environment, we'd love to hear from you!
Please check the flyer for more details on the qualifications and application process.
Know someone who might be a great fit? Feel free to share this opportunity with your network!",surabaya bambe gresik jawa timur looking for your next challenge samator group is currently hiring for the following positions manager planning samator land staff quality control scmed manager marketing coordinator scmed manager marketing sales samator land if youre passionate about making an impact and growing your career in a dynamic environment wed love to hear from you please check the flyer for more details on the qualifications and application process know someone who might be a great fit feel free to share this opportunity with your network,netral,0.795,umum,0.0,1,0,2026-07-07,Gresik Jawa Timur,surabaya bambe gresik jawa timur looking for your next challenge samator group is currently hiring for the following positions manager planning samator land staff quality control scmed manager marketing coordinator scmed manager marketing sales samator land if youre passionate about making an impact and growing your career in a dynamic environment wed love to hear from you please check the flyer for more details on the qualifications and application process know someone who might be a great fit feel free to share this opportunity with your network
2075042885549084805,HumasGresik,"Anggota Unit Kamsel Satlantas Polres Gresik melaksanakan Sosialisasi Safety Riding kepada staf PT Maspion Gresik guna meningkatkan pemahaman tentang pentingnya berkendara yang aman dan tertib.

#SatlantasPolresGresik #PolriUntukMasyarakat #SafetyRiding https://t.co/xWoR3rMOPn",anggota unit kamsel satlantas polres gresik melaksanakan sosialisasi safety riding kepada staf pt maspion gresik guna meningkatkan pemahaman tentang pentingnya berkendara yang aman dan tertib satlantaspolresgresik polriuntukmasyarakat safetyriding,netral,0.995,umum,0.0,1,0,2026-07-09,Polres Gresik,anggota unit kamsel satlantas polres gresik laksana sosialisasi safety riding staf pt maspion gresik tingkat paham penting kendara aman tertib satlantaspolresgresik polriuntukmasyarakat safetyriding
2074830131903049825,news_pantau,"Mantap, komandan,, polres Gresik, sukses selalu giatnya 👍⭐",mantap komandan polres gresik sukses selalu giatnya,positif,0.989,umum,1.0,0,1,2026-07-08,Polres Gresik,mantap komandan polres gresik sukses selalu giat
2074829919029538832,news_pantau,"Polres Gresik Tanamkan Budaya Tertib Lalu Lintas Sejak Dini, Gandeng Guru Lewat Polantas Menyapa
 https://t.co/I8WqAvew6R https://t.co/KcqwqADXZS",polres gresik tanamkan budaya tertib lalu lintas sejak dini gandeng guru lewat polantas menyapa,netral,0.994,umum,1.0,1,1,2026-07-08,Polres Gresik,polres gresik tanam budaya tertib lalu lintas sejak dini gandeng guru lewat polantas sapa
2075399612798828732,petrogresik,"Sahabat, setiap masa depan berawal dari langkah kecil, dari impian yang dirawat, harapan yang dijaga, dan keyakinan yang terus dikuatkan. 🌱✨

Selama 54 tahun, Petrokimia Gresik terus bergerak menghadirkan solusi, menumbuhkan inovasi, dan memberi manfaat bagi pertanian serta kedaulatan pangan negeri. 🌾🇮🇩

Bagi kami, masa depan bukan hanya tentang apa yang akan dicapai, tetapi tentang manfaat yang terus ditumbuhkan untuk kehidupan, hari ini dan generasi mendatang. 

Terima kasih telah menjadi bagian dari perjalanan kami untuk terus tumbuh dan menumbuhkan masa depan. 

Mari terus melangkah bersama, merawat harapan, dan menumbuhkan kebaikan bagi negeri.

Dirgahayu Petrokimia Gresik! 🎉
Growing The Future!!

#PetrokimiaGresik #SolusiAgroindustri #HUT54PetrokimiaGresik #GrowingTheFuture",sahabat setiap masa depan berawal dari langkah kecil dari impian yang dirawat harapan yang dijaga dan keyakinan yang terus dikuatkan selama 54 tahun petrokimia gresik terus bergerak menghadirkan solusi menumbuhkan inovasi dan memberi manfaat bagi pertanian serta kedaulatan pangan negeri bagi kami masa depan bukan hanya tentang apa yang akan dicapai tetapi tentang manfaat yang terus ditumbuhkan untuk kehidupan hari ini dan generasi mendatang terima kasih telah menjadi bagian dari perjalanan kami untuk terus tumbuh dan menumbuhkan masa depan mari terus melangkah bersama merawat harapan dan menumbuhkan kebaikan bagi negeri dirgahayu petrokimia gresik growing the future petrokimiagresik solusiagroindustri hut54petrokimiagresik growingthefuture,positif,0.501,infrastruktur,0.0,0,0,2026-07-10,Petrokimia Gresik,sahabat masa depan awal langkah kecil impi rawat harap jaga yakin terus kuat lama 54 tahun petrokimia gresik terus gerak hadir solusi tumbuh inovasi beri manfaat tani daulat pangan negeri masa depan bukan apa capai manfaat terus tumbuh hidup hari generasi datang terima kasih jadi bagi jalan terus tumbuh tumbuh masa depan terus lang sama rawat harap tumbuh baik negeri dirgahayu petrokimia gresik growing the future petrokimiagresik solusiagroindustri hut54petrokimiagresik growingthefuture
2075393699501298045,petronika_,"Dirgahayu ke-54 PT Petrokimia Gresik.

PT Petrokimia Gresik
""Growing the Future""

📍Kantor Pusat PT Petronika : Jl. Prof.Dr.Moh.Yamin,Gresik, Jatim
https://t.co/WOymBwy9DZ
IG : @petronika_
𝕏 : @petronika_

#PTPetronika #PlasticizerIndonesia #PTPetrokimiaGresikGrowingTheFuture https://t.co/mnDAl1872V",dirgahayu ke54 pt petrokimia gresik pt petrokimia gresik growing the future kantor pusat pt petronika jl profdrmohyamingresik jatim ig 𝕏 ptpetronika plasticizerindonesia ptpetrokimiagresikgrowingthefuture,netral,0.979,industri,1.0,0,0,2026-07-10,Petrokimia Gresik,dirgahayu ke54 pt petrokimia gresik pt petrokimia gresik growing the future kantor pusat pt petronika jl profdrmohyamingresik jatim ig  ptpetronika plasticizerindonesia ptpetrokimiagresikgrowingthefuture
2075369414770512033,petrogresik,"54 tahun Petrokimia Gresik tumbuh bersama Indonesia. 🌱✨

Mengusung semangat Growing The Future, Petrokimia Gresik memaknai pertumbuhan bukan hanya sebagai perjalanan perusahaan, tetapi juga sebagai komitmen untuk menumbuhkan harapan, inovasi, keberlanjutan, dan masa depan Indonesia.

Terima kasih kepada seluruh Sahabat Petro atas doa, dukungan, dan kebersamaan yang selalu mengiringi langkah Petrokimia Gresik hingga hari ini.

Mari terus melangkah bersama, menumbuhkan kebaikan, menghadirkan manfaat, dan menjaga harapan agar Petrokimia Gresik semakin kuat, maju, serta terus berkontribusi untuk pertanian dan masa depan Indonesia. 💚

#PetrokimiaGresik #SolusiAgroindustri #HUT54PetrokimiaGresik #GrowingTheFuture",54 tahun petrokimia gresik tumbuh bersama indonesia mengusung semangat growing the future petrokimia gresik memaknai pertumbuhan bukan hanya sebagai perjalanan perusahaan tetapi juga sebagai komitmen untuk menumbuhkan harapan inovasi keberlanjutan dan masa depan indonesia terima kasih kepada seluruh sahabat petro atas doa dukungan dan kebersamaan yang selalu mengiringi langkah petrokimia gresik hingga hari ini mari terus melangkah bersama menumbuhkan kebaikan menghadirkan manfaat dan menjaga harapan agar petrokimia gresik semakin kuat maju serta terus berkontribusi untuk pertanian dan masa depan indonesia petrokimiagresik solusiagroindustri hut54petrokimiagresik growingthefuture,netral,0.567,infrastruktur,0.0,0,0,2026-07-10,Petrokimia Gresik,54 tahun petrokimia gresik tumbuh sama indonesia usung semangat growing the future petrokimia gresik makna tumbuh bukan jalan usaha komitmen tumbuh harap inovasi lanjut masa depan indonesia terima kasih seluruh sahabat petro atas doa dukung sama selalu iring langkah petrokimia gresik hingga hari terus lang sama tumbuh baik hadir manfaat jaga harap petrokimia gresik makin kuat maju terus kontribusi tani masa depan indonesia petrokimiagresik solusiagroindustri hut54petrokimiagresik growingthefuture
2075147779698246131,petrogresik,"Sahabat, terima kasih sudah menjadi bagian dari kemeriahan PetroNite Fest 2026! 💙✨

Lebih dari sekadar hiburan, PetroNite Fest menjadi ruang kebersamaan yang turut membuka peluang bagi pelaku usaha lokal untuk tumbuh, dikenal lebih luas, dan semakin dekat dengan masyarakat.

Kebahagiaan ini tentu tidak lepas dari dukungan Sahabat, para pelaku UMKM, tenant, pemerintah, dan seluruh pihak yang ikut menyukseskan PetroNite Fest 2026.

Petrokimia Gresik akan terus berkomitmen menghadirkan program yang memberi manfaat nyata bagi masyarakat dan mendorong pertumbuhan ekonomi lokal. 🙌💙

#PetrokimiaGresik #SolusiAgroindustri #PetroNiteFest2026 #UMKMGresik #UMKMMaju #EkonomiLokal #TumbuhBersama",sahabat terima kasih sudah menjadi bagian dari kemeriahan petronite fest 2026 lebih dari sekadar hiburan petronite fest menjadi ruang kebersamaan yang turut membuka peluang bagi pelaku usaha lokal untuk tumbuh dikenal lebih luas dan semakin dekat dengan masyarakat kebahagiaan ini tentu tidak lepas dari dukungan sahabat para pelaku umkm tenant pemerintah dan seluruh pihak yang ikut menyukseskan petronite fest 2026 petrokimia gresik akan terus berkomitmen menghadirkan program yang memberi manfaat nyata bagi masyarakat dan mendorong pertumbuhan ekonomi lokal petrokimiagresik solusiagroindustri petronitefest2026 umkmgresik umkmmaju ekonomilokal tumbuhbersama,netral,0.555,ekonomi,1.0,0,0,2026-07-09,Petrokimia Gresik,sahabat terima kasih jadi bagi riah petronite fest 2026 lebih sekadar hibur petronite fest jadi ruang sama turut buka peluang laku usaha lokal tumbuh kenal lebih luas makin dekat masyarakat bahagia lepas dukung sahabat laku umkm tenant perintah seluruh pihak ikut sukses petronite fest 2026 petrokimia gresik terus komitmen hadir program beri manfaat nyata masyarakat dorong tumbuh ekonomi lokal petrokimiagresik solusiagroindustri petronitefest2026 umkmgresik umkmmaju ekonomilokal tumbuhbersama
2074832868761821550,petrogresik,"Petrokimia Gresik kembali menggelar Latihan Tanggap Darurat atau Emergency Drill Tingkat 2 bersama sejumlah pihak eksternal, mulai dari Dinas Kesehatan, Damkar Gresik, BPBD, Rumah Sakit sekitar, hingga perwakilan warga sekitar perusahaan, Sahabat. 🚨

Kegiatan ini menjadi bagian dari upaya perusahaan dalam menguji kesiapsiagaan personel, prosedur, komunikasi, serta koordinasi dalam menghadapi berbagai potensi kondisi darurat di lingkungan operasional.

Melalui simulasi ini, seluruh tim dilatih untuk merespons secara cepat, tepat, dan sesuai standar, sehingga aspek keselamatan pekerja, masyarakat, dan lingkungan dapat terus terjaga dengan baik.

Karena bagi Petrokimia Gresik, keselamatan selalu menjadi prioritas utama. 💚

#PetrokimiaGresik #SolusiAgroindustri #EmergencyDrill #TanggapDarurat #K3 #SafetyFirst",petrokimia gresik kembali menggelar latihan tanggap darurat atau emergency drill tingkat 2 bersama sejumlah pihak eksternal mulai dari dinas kesehatan damkar gresik bpbd rumah sakit sekitar hingga perwakilan warga sekitar perusahaan sahabat kegiatan ini menjadi bagian dari upaya perusahaan dalam menguji kesiapsiagaan personel prosedur komunikasi serta koordinasi dalam menghadapi berbagai potensi kondisi darurat di lingkungan operasional melalui simulasi ini seluruh tim dilatih untuk merespons secara cepat tepat dan sesuai standar sehingga aspek keselamatan pekerja masyarakat dan lingkungan dapat terus terjaga dengan baik karena bagi petrokimia gresik keselamatan selalu menjadi prioritas utama petrokimiagresik solusiagroindustri emergencydrill tanggapdarurat k3 safetyfirst,positif,0.527,pemerintahan,0.0,0,0,2026-07-08,Petrokimia Gresik,petrokimia gresik gelar latih tanggap darurat emergency drill tingkat 2 sama jumlah pihak eksternal mulai dinas sehat damkar gresik bpbd rumah sakit hingga wakil warga usaha sahabat giat jadi bagi upaya usaha uji kesiapsiagaan personel prosedur komunikasi koordinasi hadap bagai potensi kondisi darurat lingkung operasional lalu simulasi seluruh tim latih respons cepat tepat sesuai standar aspek selamat kerja masyarakat lingkung terus jaga baik petrokimia gresik selamat selalu jadi prioritas utama petrokimiagresik solusiagroindustri emergencydrill tanggapdarurat k3 safetyfirst
2074281976388014256,BusinesupdateID,"Hingga Mei 2026 Penjualan Semen Indonesia Naik 4,4 Persen https://t.co/KiodTY3x9J lewat @Businessupdate.id",hingga mei 2026 penjualan semen indonesia naik 44 persen lewat id,netral,0.997,industri,0.0,0,1,2026-07-06,Semen Indonesia,hingga mei 2026 jual semen indonesia naik 44 persen lewat id
2073976625730072702,LambeSahamjja,"Daftar 30 Wakil Menteri Rangkap Jabatan Komisaris BUMN:

1. Sudaryono (Wamentan) — Komut PT Pupuk Indonesia
2. Giring Ganesha (Wamenbud) — Komisaris GMF AeroAsia
3. Angga Raka Prabowo (Wamenkomdigi) — Komut Telkom Indonesia
4. Ossy Dermawan (Wamen ATR/BPN) — Komisaris Telkom Indonesia
5. Fahri Hamzah (Wamen PKP) — Komisaris BTN
6. Suahasil Nazara (Wamenkeu) — Wakomut PLN
7. Helvi Yuni Moraza (Wamen UMKM) — Komisaris BRI
8. Diana Kusumastuti (Wamen PU) — Komut Brantas Abipraya
9. Yuliot Tanjung (Wamen ESDM) — Komisaris Bank Mandiri
10. Didit Herdiawan Ashaf (Wamen KKP) — Komut Perikanan Indonesia
11. Suntana (Wamenhub) — Wakomut Pelindo
12. Dante Saksono H. (Wamenkes) — Komisaris Pertamina Bina Medika IHC
13. Donny Ermawan T. (Wamenhan) — Komut Dahana
14. Christina Aryani (Wamen P2MI) — Komisaris Semen Indonesia
15. Diaz Hendropriyono (Wamen LH) — Komut Telkomsel
16. Ahmad Riza Patria (Wamendes) — Komisaris Telkomsel
17. Dyah Roro Esti (Wamendag) — Komut Sarinah
18. Todotua Pasaribu (Wamen Investasi/BKPM) — Wakomut Pertamina
19. Ratu Isyana Bagoes Oka (Wamen BKKBN) — Komisaris Dayamitra Telekomunikasi
20. Juri Ardiantoro (Wamensesneg) — Komut Jasa Marga
21. Veronica Tan (Wamen PPPA) — Komisaris Citilink
22. Taufik Hidayat (Wamenpora) — Komisaris PLN Energi Primer
23. Arif Havas Oegroseno (Wamenlu) — Komisaris Pertamina International Shipping
24. Stella Christie (Wamen Diktisaintek) — Komisaris Pertamina Hulu Energi
25. Bambang Eko S. (Wamensesneg) — Komisaris PLN
26. Faisol Riza (Wamenperin) — Komut Pertamina Gas
27. Irene Umar (Wamen Ekraf) — Komisaris Pertamina Gas
28. Arrmanatha C. Nasir (Wamenlu) — Komisaris PLN Indonesia Power
29. Edward O.S. Hiariej (Wamenkum) — Komisaris PGN
30. Nezar Patria (Wamenkomdigi) — Komut Indosat",daftar 30 wakil menteri rangkap jabatan komisaris bumn 1 sudaryono wamentan komut pt pupuk indonesia 2 giring ganesha wamenbud komisaris gmf aeroasia 3 angga raka prabowo wamenkomdigi komut telkom indonesia 4 ossy dermawan wamen atrbpn komisaris telkom indonesia 5 fahri hamzah wamen pkp komisaris btn 6 suahasil nazara wamenkeu wakomut pln 7 helvi yuni moraza wamen umkm komisaris bri 8 diana kusumastuti wamen pu komut brantas abipraya 9 yuliot tanjung wamen esdm komisaris bank mandiri 10 didit herdiawan ashaf wamen kkp komut perikanan indonesia 11 suntana wamenhub wakomut pelindo 12 dante saksono h wamenkes komisaris pertamina bina medika ihc 13 donny ermawan t wamenhan komut dahana 14 christina aryani wamen p2mi komisaris semen indonesia 15 diaz hendropriyono wamen lh komut telkomsel 16 ahmad riza patria wamendes komisaris telkomsel 17 dyah roro esti wamendag komut sarinah 18 todotua pasaribu wamen investasibkpm wakomut pertamina 19 ratu isyana bagoes oka wamen bkkbn komisaris dayamitra telekomunikasi 20 juri ardiantoro wamensesneg komut jasa marga 21 veronica tan wamen pppa komisaris citilink 22 taufik hidayat wamenpora komisaris pln energi primer 23 arif havas oegroseno wamenlu komisaris pertamina international shipping 24 stella christie wamen diktisaintek komisaris pertamina hulu energi 25 bambang eko s wamensesneg komisaris pln 26 faisol riza wamenperin komut pertamina gas 27 irene umar wamen ekraf komisaris pertamina gas 28 arrmanatha c nasir wamenlu komisaris pln indonesia power 29 edward os hiariej wamenkum komisaris pgn 30 nezar patria wamenkomdigi komut indosat,netral,0.986,ekonomi,54.0,16,30,2026-07-06,Semen Indonesia,daftar 30 wakil menteri rangkap jabat komisaris bumn 1 sudaryono wamentan komut pt pupuk indonesia 2 giring ganesha wamenbud komisaris gmf aeroasia 3 angga raka prabowo wamenkomdigi komut telkom indonesia 4 ossy dermawan wamen atrbpn komisaris telkom indonesia 5 fahri hamzah wamen pkp komisaris btn 6 suahasil nazara wamenkeu wakomut pln 7 helvi yuni moraza wamen umkm komisaris bri 8 ana kusumastuti wamen pu komut brantas abipraya 9 yuliot tanjung wamen esdm komisaris bank mandiri 10 didit herdiawan ashaf wamen kkp komut ikan indonesia 11 suntana wamenhub wakomut pelindo 12 dante saksono h wamenkes komisaris pertamina bina medika ihc 13 donny ermawan t wamenhan komut dahana 14 christina aryani wamen p2mi komisaris semen indonesia 15 diaz hendropriyono wamen lh komut telkomsel 16 ahmad riza patria wamendes komisaris telkomsel 17 dyah roro esti wamendag komut sarinah 18 todotua pasaribu wamen investasibkpm wakomut pertamina 19 ratu isyana bagoes oka wamen bkkbn komisaris dayamitra telekomunikasi 20 juri ardiantoro wamensesneg komut jasa marga 21 veronica tan wamen pppa komisaris citilink 22 taufik hidayat wamenpora komisaris pln energi primer 23 arif havas oegroseno wamenlu komisaris pertamina international shipping 24 stella christie wamen diktisaintek komisaris pertamina hulu energi 25 bambang eko s wamensesneg komisaris pln 26 faisol riza wamenperin komut pertamina gas 27 irene umar wamen ekraf komisaris pertamina gas 28 arrmanatha c nasir wamenlu komisaris pln indonesia power 29 edward os hiariej wamenkum komisaris pgn 30 nezar patria wamenkomdigi komut indosat
2074041847123718610,e100ss,"15.04: Ada truk mogok di Sukomulyo Manyar Gresik, lalu lintas macet. (ss-tm)",1504 ada truk mogok di sukomulyo manyar gresik lalu lintas macet sstm,netral,0.936,infrastruktur,3.0,0,0,2026-07-06,Manyar Gresik,1504 truk mogok sukomulyo manyar gresik lalu lintas macet sstm
2074040067316957594,iyas_yskrn,Ada truck mogok di depan pabrik JBKOKO Manyar Gresik ada kemacatan dari arah exit tol manyar arah ke gresik manyar @e100ss https://t.co/PXrCZerUM5,ada truck mogok di depan pabrik jbkoko manyar gresik ada kemacatan dari arah exit tol manyar arah ke gresik manyar,netral,0.993,infrastruktur,1.0,0,1,2026-07-06,Manyar Gresik,truck mogok depan pabrik jbkoko manyar gresik kemacatan arah exit tol manyar arah gresik manyar
2074164035944419795,hazanafa,"SENIN 06.07.26
NGAJI KITAB MATAN ZUBAD
BAB MANDI : NADHOM 160 - 162 YANG MENYEBABKAN WAJIBNYA MANDI

YOUTUBE SARINYALA CHANNEL
https://t.co/OBCZO62qrp

FACEBOOK ZAINI ALAWI
https://t.co/KL8GbXwU57

MASJID DARUL MUTTAQIN INDRO KEBOMAS GRESIK",senin 060726 ngaji kitab matan zubad bab mandi nadhom 160 162 yang menyebabkan wajibnya mandi youtube sarinyala channel facebook zaini alawi masjid darul muttaqin indro kebomas gresik,netral,0.995,umum,1.0,0,0,2026-07-06,Kebomas Gresik,senin 060726 ngaji kitab matan zubad bab mandi nadhom 160 162 sebab wajib mandi youtube sarinyala channel facebook zaini alawi masjid darul muttaqin indro kebomas gresik
2076858696773283908,yazid_ainurr,gresik iki rame ae jan e lapo to yoo🤣,gresik iki rame ae jan e lapo to yoo,negatif,0.99,umum,0.0,0,0,2026-07-14,Gresik,gresik iki rame ae jan e lapo to yoo
2076856229721411684,plnnp_upimy,"Tor monitor Ketua... Ada aksi nyata dari PLN NP nih Ketua!🔥😎

Lewat Program Asa Bergending PLN Nusantara Power UP Gresik hadir membawa perubahan nyata bagi lini sosial kemasyarakatan. https://t.co/Xpe0qOsB50",tor monitor ketua ada aksi nyata dari pln np nih ketua lewat program asa bergending pln nusantara power up gresik hadir membawa perubahan nyata bagi lini sosial kemasyarakatan,netral,0.99,umum,0.0,1,0,2026-07-14,Gresik,tor monitor ketua aksi nyata pln np nih ketua lewat program asa gending pln nusantara power up gresik hadir bawa ubah nyata lini sosial masyarakat
2076855492169928934,inism4llkitten,@arieparikesit Di gresik disebut lodrong atau jolodrong wkwk kalau blonceng itu winter squash biasa tambahan rawon kalau yang ini buat  sayur bening,di gresik disebut lodrong atau jolodrong wkwk kalau blonceng itu winter squash biasa tambahan rawon kalau yang ini buat sayur bening,netral,0.671,umum,1.0,1,1,2026-07-14,Gresik,gresik sebut lodrong jolodrong wkwk kalau blonceng winter squash biasa tambah rawon kalau buat sayur bening
2076853621023768974,mysinfulsoull,"@DuaBelasBe @Ardaffaf Eh bukannya Surabaya ada ya? Transjatim sm Suroboyo bus kl ga salah. Transjatim ada di bbrp kota jg, Gresik, Sby, Sda, Mojokerto, yg baru di Malang, tp baru nyoba yg di Gresik sm Malang, so far bagus sih, on time terus, yg Malang masih agak riweh krn nyoba pas grand opening wkwk",eh bukannya surabaya ada ya transjatim sm suroboyo bus kl ga salah transjatim ada di bbrp kota jg gresik sby sda mojokerto yg baru di malang tp baru nyoba yg di gresik sm malang so far bagus sih on time terus yg malang masih agak riweh krn nyoba pas grand opening wkwk,positif,0.997,bencana,0.0,0,0,2026-07-14,Gresik,eh bukan surabaya transjatim sama suroboyo bus kl salah transjatim bbrp kota jg gresik sby sda mojokerto baru malang baru nyoba gresik sama malang so far bagus sih on time terus malang riweh nyoba pas grand opening wkwk
2076847482869551160,e100ss,"08.34: Info awal #kecelakaan mobil terguling di KM 1 ruas Tol Dupak arah Gresik. Boen pendengar SS melaporkan, posisi kejadian di lajur kiri. Belum diketahui kronologi dan data lengkap. Hati-hati ketika melintas, Kawan. (ss-af) https://t.co/l76R9RrHjS",0834 info awal kecelakaan mobil terguling di km 1 ruas tol dupak arah gresik boen pendengar ss melaporkan posisi kejadian di lajur kiri belum diketahui kronologi dan data lengkap hatihati ketika melintas kawan ssaf,netral,0.997,infrastruktur,0.0,0,0,2026-07-14,Gresik,0834 info awal celaka mobil guling km 1 ruas tol dupak arah gresik boen dengar ss lapor posisi jadi lajur kiri tahu kronologi data lengkap hatihati lintas kawan ssaf
2076847182582558857,Jun04leonim,"#ensell
Yg minat pack buat doll seperti difoto 
rd kamar ,dom Gresik Jatim 
15k/ea https://t.co/MW1oUIh452",ensell yg minat pack buat doll seperti difoto rd kamar dom gresik jatim 15kea,netral,0.998,umum,0.0,0,0,2026-07-14,Gresik,ensell minat pack buat doll foto rd kamar dom gresik jatim 15kea
2076844360780673422,kawanhewan,"Wah sayang dikit lagi jadi logo yin dan yang ini.

#kucinglucu #vetlife #kawanhewan #gresik #petcare https://t.co/NxbnyMkvnh",wah sayang dikit lagi jadi logo yin dan yang ini kucinglucu vetlife kawanhewan gresik petcare,netral,0.822,umum,2.0,1,0,2026-07-14,Gresik,wah sayang dikit jadi logo yin kucinglucu vetlife kawanhewan gresik petcare
2076844130114904136,plnnp_upta,"Tor monitor Ketua... Ada aksi nyata dari PLN NP nih Ketua!🔥😎

Lewat Program Asa Bergending PLN Nusantara Power UP Gresik hadir membawa perubahan nyata bagi lini sosial kemasyarakatan.

#PLNNusantaraPower #GoBeyondPower #EnergizingTheFuture #CSR #BeyondCompliance https://t.co/v9S1ZZdT9J",tor monitor ketua ada aksi nyata dari pln np nih ketua lewat program asa bergending pln nusantara power up gresik hadir membawa perubahan nyata bagi lini sosial kemasyarakatan plnnusantarapower gobeyondpower energizingthefuture csr beyondcompliance,netral,0.989,umum,0.0,0,0,2026-07-14,Gresik,tor monitor ketua aksi nyata pln np nih ketua lewat program asa gending pln nusantara power up gresik hadir bawa ubah nyata lini sosial masyarakat plnnusantarapower gobeyondpower energizingthefuture csr beyondcompliance
2076837861136142503,thvel__,ada yang dom gresik ga rek?,ada yang dom gresik ga rek,netral,0.956,umum,5.0,1,0,2026-07-14,Gresik,dom gresik rek
2076837570642919777,AiptuSupar49750,"Anggota Polsek Sidayu melaksanakan pengecekan tanaman Tomat di Ds Lasem Kec Sidayu Kab. Gresik 

#astacita 
#swasembadapangan 
#ketahananpangan #ketahananpanganpoldajatim 
#ssdmpolri 
#divhumaspolri 
#birosdmpoldajatim 
#bidhumaspoldajatim 
#polresgresik 
#gresik https://t.co/WhIoV7v1HY",anggota polsek sidayu melaksanakan pengecekan tanaman tomat di ds lasem kec sidayu kab gresik astacita swasembadapangan ketahananpangan ketahananpanganpoldajatim ssdmpolri divhumaspolri birosdmpoldajatim bidhumaspoldajatim polresgresik gresik,netral,0.996,umum,1.0,0,0,2026-07-14,Gresik,anggota polsek sidayu laksana kece tanam tomat ds lasem kec sidayu kab gresik astacita swasembadapangan ketahananpangan ketahananpanganpoldajatim ssdmpolri divhumaspolri birosdmpoldajatim bidhumaspoldajatim polresgresik gresik
2076837499671036185,AiptuSupar49750,"Anggota Polsek Sidayu melaksanakan pengecekan tanaman Tomat di Ds Lasem Kec Sidayu Kab. Gresik 

#astacita 
#swasembadapangan 
#ketahananpangan #ketahananpanganpoldajatim 
#ssdmpolri 
#divhumaspolri 
#birosdmpoldajatim 
#bidhumaspoldajatim 
#polresgresik 
#gresik https://t.co/Zo95hINzcn",anggota polsek sidayu melaksanakan pengecekan tanaman tomat di ds lasem kec sidayu kab gresik astacita swasembadapangan ketahananpangan ketahananpanganpoldajatim ssdmpolri divhumaspolri birosdmpoldajatim bidhumaspoldajatim polresgresik gresik,netral,0.996,umum,1.0,0,0,2026-07-14,Gresik,anggota polsek sidayu laksana kece tanam tomat ds lasem kec sidayu kab gresik astacita swasembadapangan ketahananpangan ketahananpanganpoldajatim ssdmpolri divhumaspolri birosdmpoldajatim bidhumaspoldajatim polresgresik gresik
2076837420428111913,AiptuSupar49750,"Anggota Polsek Sidayu melaksanakan pengecekan tanaman Tomat di Ds Lasem Kec Sidayu Kab. Gresik 

#astacita 
#swasembadapangan 
#ketahananpangan #ketahananpanganpoldajatim 
#ssdmpolri 
#divhumaspolri 
#birosdmpoldajatim 
#bidhumaspoldajatim 
#polresgresik 
#gresik https://t.co/0okdgqvfK6",anggota polsek sidayu melaksanakan pengecekan tanaman tomat di ds lasem kec sidayu kab gresik astacita swasembadapangan ketahananpangan ketahananpanganpoldajatim ssdmpolri divhumaspolri birosdmpoldajatim bidhumaspoldajatim polresgresik gresik,netral,0.996,umum,1.0,0,0,2026-07-14,Gresik,anggota polsek sidayu laksana kece tanam tomat ds lasem kec sidayu kab gresik astacita swasembadapangan ketahananpangan ketahananpanganpoldajatim ssdmpolri divhumaspolri birosdmpoldajatim bidhumaspoldajatim polresgresik gresik
2076836506761924755,alfinrizalisme,@credOLIN gresik juga 11-12 lah ya suasananya sama ini,gresik juga 1112 lah ya suasananya sama ini,positif,0.86,umum,1.0,1,0,2026-07-14,Gresik,gresik 1112 lah suasana sama
2075400712557875301,HumasGresik,"Sinergitas Tanpa Batas! 📷 Polres Gresik bersama unsur Forkopimda kawal langsung kunjungan kerja Pangdam V/Brawijaya guna memastikan situasi kamtibmas di wilayah Kabupaten Gresik tetap aman dan kondusif.

#SinergitasTNIPolri #PolresGresik #PangdamVBrawijaya https://t.co/U4xJSA54SS",sinergitas tanpa batas polres gresik bersama unsur forkopimda kawal langsung kunjungan kerja pangdam vbrawijaya guna memastikan situasi kamtibmas di wilayah kabupaten gresik tetap aman dan kondusif sinergitastnipolri polresgresik pangdamvbrawijaya,netral,0.913,umum,1.0,0,1,2026-07-10,Kabupaten Gresik,sinergitas batas polres gresik sama unsur forkopimda kawal langsung kunjung kerja pangdam vbrawijaya pasti situasi kamtibmas wilayah kabupaten gresik tetap aman kondusif sinergitastnipolri polresgresik pangdamvbrawijaya
2075343463298764863,itsandhere,@unknown240p Kabupaten Gresik yaaa,kabupaten gresik yaaa,netral,0.919,umum,0.0,1,0,2026-07-09,Kabupaten Gresik,kabupaten gresik yaaa
2075164342539149591,lantasresgresik,Anggota Satlantas Polres Gresik menghadiri Sidang Analisis Dampak Lalu Lintas (Andalalin) PT. Titani Alam Semesta di Kantor Dinas Perhubungan Kabupaten Gresik. https://t.co/4AW9JY3lFk,anggota satlantas polres gresik menghadiri sidang analisis dampak lalu lintas andalalin pt titani alam semesta di kantor dinas perhubungan kabupaten gresik,netral,0.998,pemerintahan,0.0,0,0,2026-07-09,Kabupaten Gresik,anggota satlantas polres gresik hadir sidang analisis dampak lalu lintas andalalin pt titani alam semesta kantor dinas hubung kabupaten gresik
2075151932931391659,lantasresgresik,"Anggota Unit Kamsel Satlantas Polres Gresik bersama Kabid Lalin Dishub Kabupaten Gresik, Camat Driyorejo, konsultan, dan pihak PT. Titani Alam Semesta melaksanakan survei lokasi perusahaan yang mengajukan Analisis Dampak Lalu Lintas (Andalalin). https://t.co/TKVlRzQm6h",anggota unit kamsel satlantas polres gresik bersama kabid lalin dishub kabupaten gresik camat driyorejo konsultan dan pihak pt titani alam semesta melaksanakan survei lokasi perusahaan yang mengajukan analisis dampak lalu lintas andalalin,netral,0.998,umum,0.0,0,0,2026-07-09,Kabupaten Gresik,anggota unit kamsel satlantas polres gresik sama kabid lalin dishub kabupaten gresik camat driyorejo konsultan pihak pt titani alam semesta laksana survei lokasi usaha aju analisis dampak lalu lintas andalalin
2074596649159319707,jawapos,"Tim Pemkab Gresik Sebut Izin Objek Wisata Milik Ketua Komisi II Belum Lengkap
https://t.co/jI7MLfZRd6",tim pemkab gresik sebut izin objek wisata milik ketua komisi ii belum lengkap,netral,0.998,pemerintahan,1.0,0,0,2026-07-07,Pemkab Gresik,tim pemkab gresik sebut izin objek wisata milik ketua komisi ii lengkap
2074299230777483428,fmsuaragresik,Sobat mimin SG disini ada yang tau RTLH ga ya ?. Nah simak nih informasi terkait RTLH yang ada di Kabupaten Gresik. Pemkab Gresik berusaha untuk menangani kebutuhan tempat tinggal yang kurang layak untuk direnovasi. Simak infografis di bawah ini ya ⬇️⬇️⬇️ https://t.co/0ZfwLCfoUB,sobat mimin sg disini ada yang tau rtlh ga ya nah simak nih informasi terkait rtlh yang ada di kabupaten gresik pemkab gresik berusaha untuk menangani kebutuhan tempat tinggal yang kurang layak untuk direnovasi simak infografis di bawah ini ya,netral,0.958,pemerintahan,1.0,0,0,2026-07-07,Pemkab Gresik,sobat mimin sg sini tau rtlh nah simak nih informasi kait rtlh kabupaten gresik pemkab gresik usaha tangan butuh tempat tinggal kurang layak renovasi simak infografis bawah
2074869525661770046,PostMKG,"Masih belum diketahui asal suara dentuman misterius yang terdengar berulang di wilayah Gresik - Jawa Timur sejak tanggal 06 - 08 Juli 2026
---
@Mas_Annadwi https://t.co/SgCwOG2134",masih belum diketahui asal suara dentuman misterius yang terdengar berulang di wilayah gresik jawa timur sejak tanggal 06 08 juli 2026,netral,0.994,umum,1.0,0,0,2026-07-08,Gresik Jawa Timur,tahu asal suara dentum misterius dengar ulang wilayah gresik jawa timur sejak tanggal 06 08 juli 2026
2074847871808270741,TheBox6829,"@infoBMKG Halo min saya mau mempertanyakan soal dentuman di gresik jawa timur, sudah beberapa kali dalam seminggu kedengaran dentuman dan kali ini juga 5x an lebih, itu alam atau ada yang lain tolong diberi penjelasan",halo min saya mau mempertanyakan soal dentuman di gresik jawa timur sudah beberapa kali dalam seminggu kedengaran dentuman dan kali ini juga 5x an lebih itu alam atau ada yang lain tolong diberi penjelasan,netral,0.989,infrastruktur,1.0,0,0,2026-07-08,Gresik Jawa Timur,halo min mau tanya soal dentum gresik jawa timur beberapa kali minggu dengar dentum kali 5x an lebih alam beri jelas
2074775378305167784,BnnkPohuwa15284,"Operasi gabungan Badan Narkotika Nasional, Kementerian Keuangan, dan Polri berhasil menggagalkan peredaran 3,371 ton narkotika jenis bunga ganja (Cannabis buds) yang disimpan di pergudangan Prambanan Bizland, Kabupaten Gresik, Jawa Timur. https://t.co/UXMa0yorga",operasi gabungan badan narkotika nasional kementerian keuangan dan polri berhasil menggagalkan peredaran 3371 ton narkotika jenis bunga ganja cannabis buds yang disimpan di pergudangan prambanan bizland kabupaten gresik jawa timur,netral,0.998,umum,0.0,0,0,2026-07-08,Gresik Jawa Timur,operasi gabung badan narkotika nasional menteri uang polri hasil gagal edar 3371 ton narkotika jenis bunga ganja cannabis buds simpan gudang prambanan bizland kabupaten gresik jawa timur
2074488611727372604,adhikaryaID,"Indonesia dan kekayaan alamnya menyimpan berbagai potensi.
Bukan hanya untuk dimiliki, tapi untuk diolah dan memberi nilai lebih bagi negeri. 🇮🇩

Smelter Manyar di Gresik, Jawa Timur menjadi bukti nyata langkah Indonesia menuju kemandirian industri.

#ADHIKarya
#EngineeredByADHI https://t.co/J78Ltimjsz",indonesia dan kekayaan alamnya menyimpan berbagai potensi bukan hanya untuk dimiliki tapi untuk diolah dan memberi nilai lebih bagi negeri smelter manyar di gresik jawa timur menjadi bukti nyata langkah indonesia menuju kemandirian industri adhikarya engineeredbyadhi,positif,0.545,industri,0.0,1,0,2026-07-07,Gresik Jawa Timur,indonesia kaya alam simpan bagai potensi bukan milik olah beri nilai lebih negeri smelter manyar gresik jawa timur jadi bukti nyata langkah indonesia tuju mandiri industri adhikarya engineeredbyadhi
2074396434527588724,petrogresik,"Sahabat, Petrokimia Gresik kembali meraih apresiasi di bidang lingkungan! 🌿✨

Petrokimia Gresik meraih penghargaan Top 5 Perusahaan Pengelola Ekosistem Mangrove Berkelanjutan Pendukung Program Pesona Gresik Tahun 2026.

Penghargaan ini diserahkan oleh Bupati Gresik Ahmad Yani pada puncak peringatan Hari Lingkungan Hidup Sedunia yang diselenggarakan oleh Dinas Lingkungan Hidup Kabupaten Gresik.

Pencapaian ini menjadi semangat bagi Petrokimia Gresik untuk terus menjaga ekosistem mangrove, menghadirkan manfaat bagi masyarakat, serta mendorong praktik industri yang lebih hijau dan berkelanjutan. 💚

Mari terus tumbuhkan langkah baik untuk lingkungan dan masa depan yang lebih hijau. 🌿

#PetrokimiaGresik #SolusiAgroindustri #HariLingkunganHidup2026 #PesonaGresik2026 #EcoIndustry",sahabat petrokimia gresik kembali meraih apresiasi di bidang lingkungan petrokimia gresik meraih penghargaan top 5 perusahaan pengelola ekosistem mangrove berkelanjutan pendukung program pesona gresik tahun 2026 penghargaan ini diserahkan oleh bupati gresik ahmad yani pada puncak peringatan hari lingkungan hidup sedunia yang diselenggarakan oleh dinas lingkungan hidup kabupaten gresik pencapaian ini menjadi semangat bagi petrokimia gresik untuk terus menjaga ekosistem mangrove menghadirkan manfaat bagi masyarakat serta mendorong praktik industri yang lebih hijau dan berkelanjutan mari terus tumbuhkan langkah baik untuk lingkungan dan masa depan yang lebih hijau petrokimiagresik solusiagroindustri harilingkunganhidup2026 pesonagresik2026 ecoindustry,positif,0.835,pemerintahan,1.0,0,0,2026-07-07,Bupati Gresik,sahabat petrokimia gresik raih apresiasi bidang lingkung petrokimia gresik raih harga top 5 usaha kelola ekosistem mangrove lanjut dukung program pesona gresik tahun 2026 harga serah bupati gresik ahmad yani puncak ingat hari lingkung hidup dunia selenggara dinas lingkung hidup kabupaten gresik capai jadi semangat petrokimia gresik terus jaga ekosistem mangrove hadir manfaat masyarakat dorong praktik industri lebih hijau lanjut terus tumbuh langkah baik lingkung masa depan lebih hijau petrokimiagresik solusiagroindustri harilingkunganhidup2026 pesonagresik2026 ecoindustry
2074388199112384963,Lintasperkoro,"Keberadaan Organisasi Masyarakat (Ormas) dan Lembaga Swadaya Masyarakat (LSM) di Kabupaten Gresik telah diawasi oleh Tim Terpadu Pemberdayaan Organisasi Kemasyarakatan yang dibentuk oleh Bupati Gresik
https://t.co/ttfQqE8W8F",keberadaan organisasi masyarakat ormas dan lembaga swadaya masyarakat lsm di kabupaten gresik telah diawasi oleh tim terpadu pemberdayaan organisasi kemasyarakatan yang dibentuk oleh bupati gresik,netral,0.997,pemerintahan,0.0,0,0,2026-07-07,Bupati Gresik,ada organisasi masyarakat ormas lembaga swadaya masyarakat lsm kabupaten gresik awas tim padu daya organisasi masyarakat bentuk bupati gresik
2074386136383062221,lampiran_id,"Soroti Kinerja DPRD Gresik, Pegiat: Fungsi Pengawasan Lemah!
https://t.co/sK2lOYuAPU",soroti kinerja dprd gresik pegiat fungsi pengawasan lemah,netral,0.957,pemerintahan,0.0,0,0,2026-07-07,DPRD Gresik,sorot kerja dprd gresik giat fungsi awas lemah
2075164047151120560,transmedsos,"Kabar terakhir datang dari @kumparan Seorang oknum ASN di Gresik resmi ditetapkan sbg tersangka setelah terbukti terlibat dalam sindikat pemalsuan Surat Keputusan PNS. Polres Gresik tengah mendalami kasus, mengungkap modus operandi serta kemungkinan adanya keterlibatan oknum lain https://t.co/eBVOSr6jnc",kabar terakhir datang dari seorang oknum asn di gresik resmi ditetapkan sbg tersangka setelah terbukti terlibat dalam sindikat pemalsuan surat keputusan pns polres gresik tengah mendalami kasus mengungkap modus operandi serta kemungkinan adanya keterlibatan oknum lain,netral,0.794,umum,0.0,0,0,2026-07-09,Polres Gresik,kabar akhir datang orang oknum asn gresik resmi tetap sbg sangka bukti libat sindikat palsu surat putus pns polres gresik tengah dalam kasus ungkap modus operandi mungkin ada libat oknum
2075087013246865620,jawapos,"Polres Gresik Tetapkan Tersangka Baru Kasus Penipuan SK ASN Palsu
https://t.co/mXyxseyC0D",polres gresik tetapkan tersangka baru kasus penipuan sk asn palsu,netral,0.797,umum,1.0,0,0,2026-07-09,Polres Gresik,polres gresik tetap sangka baru kasus tipu sk asn palsu
2075074108132642943,news_pantau,"Mantap, komandan polres Gresik, siap siaga,, antisipasi laka tuk keselamatan penumpang di jalan,, 👍🙏",mantap komandan polres gresik siap siaga antisipasi laka tuk keselamatan penumpang di jalan,netral,0.963,infrastruktur,1.0,0,1,2026-07-09,Polres Gresik,mantap komandan polres gresik siap siaga antisipasi laka tuk selamat tumpang jalan
2075073799230562665,news_pantau,"Keselamatan Penumpang Jadi Prioritas, Satlantas Polres Gresik Bersama Dirjen Hubdat Gelar Ramp Check Bus di Rest Area 726 B
 https://t.co/ntyH9p7skT https://t.co/IA0yvA4jFP",keselamatan penumpang jadi prioritas satlantas polres gresik bersama dirjen hubdat gelar ramp check bus di rest area 726 b,netral,0.997,umum,1.0,1,1,2026-07-09,Polres Gresik,selamat tumpang jadi prioritas satlantas polres gresik sama dirjen hubdat gelar ramp check bus rest area 726 b
2075446357784223829,petrogresik,"Setiap pencapaian yang kami raih tentu tidak lepas dari dukungan, doa, dan kolaborasi tulus dari berbagai pihak. ✨🙏

Dalam momentum Hari Ulang Tahun ke-54, Petrokimia Gresik menyampaikan terima kasih dan apresiasi yang sebesar-besarnya kepada:

* Menteri Koordinator Bidang Pangan Republik Indonesia 
* Menteri Koordinator Bidang Perekonomian Republik Indonesia 
* Menteri Investasi dan Hilirisasi/Kepala BKPM/ CEO Danantara Indonesia
* Menteri Pertanian Republik Indonesia
* Menteri Perindustrian Republik Indonesia 
* Menteri Ketenagakerjaan Republik Indonesia 
* Wakil Menteri Pertanian sekaligus Komisaris Utama Pupuk Indonesia (Persero)
* Ketua Komisi VI DPR RI

atas dukungan, semangat, serta kolaborasi sinergis yang telah mengiringi perjalanan Petrokimia Gresik selama 54 tahun berdiri.

Petrokimia Gresik akan terus memperkuat kolaborasi untuk bersama-sama membangun agroindustri yang semakin maju, mendukung ketahanan pangan nasional, serta menumbuhkan masa depan Indonesia yang lebih baik. 💚🌾

#PetrokimiaGresik #SolusiAgroindustri #GrowingTheFuture #HUT54PetrokimiaGresik",setiap pencapaian yang kami raih tentu tidak lepas dari dukungan doa dan kolaborasi tulus dari berbagai pihak dalam momentum hari ulang tahun ke54 petrokimia gresik menyampaikan terima kasih dan apresiasi yang sebesarbesarnya kepada menteri koordinator bidang pangan republik indonesia menteri koordinator bidang perekonomian republik indonesia menteri investasi dan hilirisasikepala bkpm ceo danantara indonesia menteri pertanian republik indonesia menteri perindustrian republik indonesia menteri ketenagakerjaan republik indonesia wakil menteri pertanian sekaligus komisaris utama pupuk indonesia persero ketua komisi vi dpr ri atas dukungan semangat serta kolaborasi sinergis yang telah mengiringi perjalanan petrokimia gresik selama 54 tahun berdiri petrokimia gresik akan terus memperkuat kolaborasi untuk bersamasama membangun agroindustri yang semakin maju mendukung ketahanan pangan nasional serta menumbuhkan masa depan indonesia yang lebih baik petrokimiagresik solusiagroindustri growingthefuture hut54petrokimiagresik,netral,0.992,infrastruktur,0.0,0,0,2026-07-10,Petrokimia Gresik,capai raih lepas dukung doa kolaborasi tulus bagai pihak momentum hari ulang tahun ke54 petrokimia gresik sampai terima kasih apresiasi sebesarbesarnya menteri koordinator bidang pangan republik indonesia menteri koordinator bidang ekonomi republik indonesia menteri investasi hilirisasikepala bkpm ceo danantara indonesia menteri tani republik indonesia menteri industri republik indonesia menteri ketenagakerjaan republik indonesia wakil menteri tani sekaligus komisaris utama pupuk indonesia persero ketua komisi vi dpr ri atas dukung semangat kolaborasi sinergis iring jalan petrokimia gresik lama 54 tahun diri petrokimia gresik terus kuat kolaborasi bersamasama bangun agroindustri makin maju dukung tahan pangan nasional tumbuh masa depan indonesia lebih baik petrokimiagresik solusiagroindustri growingthefuture hut54petrokimiagresik
2075439133133287859,petrogresik,"Sahabat, 54 tahun perjalanan Petrokimia Gresik terangkai dari karya yang terus ditumbuhkan dan terus berkomitmen untuk memberi manfaat bagi negeri. 🌱✨

Melalui lagu “Growing The Future”, semangat ini menjadi pengingat bagi seluruh Insan Petro untuk terus bergerak maju, menghadapi tantangan, melayani dengan sepenuh hati, serta menghadirkan inovasi tanpa henti bagi agroindustri Indonesia.

Setiap nada dan liriknya juga menjadi bentuk apresiasi bagi para pahlawan pangan, yang dengan ketekunan dan kerja kerasnya terus menumbuhkan harapan, menjaga kehidupan, dan memperkuat masa depan bangsa.

Mari, Sahabat, bersama seluruh Insan Petro dan para pahlawan pangan Indonesia, kita terus melangkah dengan semangat, kolaborasi, dan karya terbaik untuk menumbuhkan masa depan yang lebih besar bagi Indonesia.

#PetrokimiaGresik #HUT54PetrokimiaGresik #GrowingTheFuture #SolusiAgroindustri",sahabat 54 tahun perjalanan petrokimia gresik terangkai dari karya yang terus ditumbuhkan dan terus berkomitmen untuk memberi manfaat bagi negeri melalui lagu growing the future semangat ini menjadi pengingat bagi seluruh insan petro untuk terus bergerak maju menghadapi tantangan melayani dengan sepenuh hati serta menghadirkan inovasi tanpa henti bagi agroindustri indonesia setiap nada dan liriknya juga menjadi bentuk apresiasi bagi para pahlawan pangan yang dengan ketekunan dan kerja kerasnya terus menumbuhkan harapan menjaga kehidupan dan memperkuat masa depan bangsa mari sahabat bersama seluruh insan petro dan para pahlawan pangan indonesia kita terus melangkah dengan semangat kolaborasi dan karya terbaik untuk menumbuhkan masa depan yang lebih besar bagi indonesia petrokimiagresik hut54petrokimiagresik growingthefuture solusiagroindustri,positif,0.904,infrastruktur,0.0,0,0,2026-07-10,Petrokimia Gresik,sahabat 54 tahun jalan petrokimia gresik rangkai karya terus tumbuh terus komitmen beri manfaat negeri lalu lagu growing the future semangat jadi ingat seluruh insan petro terus gerak maju hadap tantang layan sepenuh hati hadir inovasi henti agroindustri indonesia nada lirik jadi bentuk apresiasi pahlawan pangan tekun kerja keras terus tumbuh harap jaga hidup kuat masa depan bangsa sahabat sama seluruh insan petro pahlawan pangan indonesia terus lang semangat kolaborasi karya baik tumbuh masa depan lebih besar indonesia petrokimiagresik hut54petrokimiagresik growingthefuture solusiagroindustri
2075433321019171093,kodim0817gresik,"Dandim Gresik Hadiri Upacara HUT ke-54 PT Petrokimia Gresik, Perkuat Sinergi Membangun Masa Depan https://t.co/dSHafYRTjE https://t.co/oWdHqKSCy6",dandim gresik hadiri upacara hut ke54 pt petrokimia gresik perkuat sinergi membangun masa depan,netral,0.968,industri,0.0,0,0,2026-07-10,Petrokimia Gresik,dandim gresik hadir upacara hut ke54 pt petrokimia gresik kuat sinergi bangun masa depan
2074440654713987219,rmol_id,"Diduga Abaikan K3, Pekerja Terbakar Akibat Ledakan Trafo di Pabrik Semen Indonesia Tuban
https://t.co/wgYhnn4oca",diduga abaikan k3 pekerja terbakar akibat ledakan trafo di pabrik semen indonesia tuban,netral,0.974,industri,0.0,0,0,2026-07-07,Semen Indonesia,duga abai k3 kerja bakar akibat ledak trafo pabrik semen indonesia tuban
2074406911622131776,credOLIN,"@twitnyapimma Layaknya dengan semen tiga roda, eh semen Indonesia Gresik kalau di sini.🤣",layaknya dengan semen tiga roda eh semen indonesia gresik kalau di sini,negatif,0.802,industri,0.0,0,0,2026-07-07,Semen Indonesia,layak semen tiga roda eh semen indonesia gresik kalau sini
2074319995652215241,idx_channel,"PT Semen Indonesia (Persero) Tbk atau SIG (SMGR) mencatat volume penjualan semen sepanjang Januari-Mei 2026 mencapai 15 juta ton, tumbuh 4,4 persen dibandingkan periode yang sama tahun sebelumnya sebesar 14,5 juta ton. Kenaikan penjualan itu mencerminkan strategi transformasi bisnis perseroan membuahkan hasil positif.

Corporate Secretary SIG, Vita Mahreyni menilai, peningkatan kinerja SIG tercapai seiring dengan komitmen BP BUMN dan Danantara sehingga transformasi BUMN berjalan semakin terukur, transparan, dan berorientasi pada hasil. Dia mengatakan, kinerja cemerlang SIG didorong oleh penjualan domestik yang naik 9,6 persen, terutama disumbang dari segmen semen kantong yang naik 11,9 persen secara tahunan.

”Strategi pengelolaan pasar mikro menjadi kunci sukses SIG menjaga momentum pertumbuhan berlanjut hingga Mei 2026, sekaligus meningkatkan daya saing Perusahaan di tengah tantangan industri,” katanya dalam keterangan resmi, Selasa (7/7/2026).

Selain memperkuat posisi di pasar domestik, kata Vita, SIG juga terus memperkuat penetrasi pasar ekspor yang membantu meningkatkan utilisasi pabrik dan membuka peluang pasar produk derivatif bernilai tambah.

Baca selengkapnya di 
https://t.co/UV16YAdWGv

Atau klik link di Bio @idx_channel 

Foto :Ist

#idxchannel #idxchannelcommunity #SIG #penjualansemen #SMGR",pt semen indonesia persero tbk atau sig smgr mencatat volume penjualan semen sepanjang januarimei 2026 mencapai 15 juta ton tumbuh 44 persen dibandingkan periode yang sama tahun sebelumnya sebesar 145 juta ton kenaikan penjualan itu mencerminkan strategi transformasi bisnis perseroan membuahkan hasil positif corporate secretary sig vita mahreyni menilai peningkatan kinerja sig tercapai seiring dengan komitmen bp bumn dan danantara sehingga transformasi bumn berjalan semakin terukur transparan dan berorientasi pada hasil dia mengatakan kinerja cemerlang sig didorong oleh penjualan domestik yang naik 96 persen terutama disumbang dari segmen semen kantong yang naik 119 persen secara tahunan strategi pengelolaan pasar mikro menjadi kunci sukses sig menjaga momentum pertumbuhan berlanjut hingga mei 2026 sekaligus meningkatkan daya saing perusahaan di tengah tantangan industri katanya dalam keterangan resmi selasa 772026 selain memperkuat posisi di pasar domestik kata vita sig juga terus memperkuat penetrasi pasar ekspor yang membantu meningkatkan utilisasi pabrik dan membuka peluang pasar produk derivatif bernilai tambah baca selengkapnya di atau klik link di bio foto ist idxchannel idxchannelcommunity sig penjualansemen smgr,netral,0.951,infrastruktur,3.0,0,0,2026-07-07,Semen Indonesia,pt semen indonesia persero tbk sig smgr catat volume jual semen panjang januarimei 2026 capai 15 juta ton tumbuh 44 persen banding periode sama tahun belum besar 145 juta ton naik jual cermin strategi transformasi bisnis persero buah hasil positif corporate secretary sig vita mahreyni nilai tingkat kerja sig capai iring komitmen bp bumn danantara transformasi bumn jalan makin ukur transparan orientasi hasil kata kerja cemerlang sig dorong jual domestik naik 96 persen utama sumbang segmen semen kantong naik 119 persen tahun strategi kelola pasar mikro jadi kunci sukses sig jaga momentum tumbuh lanjut hingga mei 2026 sekaligus tingkat daya saing usaha tengah tantang industri kata terang resmi selasa 772026 kuat posisi pasar domestik kata vita sig terus kuat penetrasi pasar ekspor bantu tingkat utilisasi pabrik buka peluang pasar produk derivatif nila tambah baca lengkap klik link bio foto ist idxchannel idxchannelcommunity sig penjualansemen smgr
2074429147032719550,blissthethicsss,"📍PT Freeport Indonesia Smelter Gresik, JIIPE
Soon, we will be opening opportunities for experienced professionals to join our project in Gresik, East Java across several key technical and project functions.

Stay close and follow @chiyoda_indonesia in instagram — more details are coming very soon.",pt freeport indonesia smelter gresik jiipe soon we will be opening opportunities for experienced professionals to join our project in gresik east java across several key technical and project functions stay close and follow in instagram more details are coming very soon,netral,0.943,industri,1.0,1,0,2026-07-07,JIIPE,pt freeport indonesia smelter gresik jiipe soon we will be opening opportunities for experienced professionals to join our project in gresik east java across several key technical and project functions stay close and follow in instagram more details are coming very soon
2074337523116150941,blissthethicsss,"@yongyuanmj wes gapapa kak disana aja soale lek di jatim gajie lebih rendah kebanyakan
kayae managerku HR dlu yg di BTR pindah ke CATL sekarang soale sama2 batterainya jugaa kan

aku skrg di konsultan proyek kak di jiipe juga",wes gapapa kak disana aja soale lek di jatim gajie lebih rendah kebanyakan kayae managerku hr dlu yg di btr pindah ke catl sekarang soale sama2 batterainya jugaa kan aku skrg di konsultan proyek kak di jiipe juga,negatif,0.957,industri,0.0,1,0,2026-07-07,JIIPE,wes gapapa kak sana soale lek jatim gajie lebih rendah banyak kayae managerku hr dlu btr pindah catl sekarang soale sama2 batterainya jugaa kan aku skrg konsultan proyek kak jiipe
2074319962521624604,mediagress,"Krungu Ta Kupingmu Ji... Jarene Ajeng
.
.
.
📍 Cafe Bunder, Terminal Bunder Kebomas, Gresik, Jatim.
.
#mediagress #gresik #gresik24jam #warkop #kopi https://t.co/KnhUIR0uHh",krungu ta kupingmu ji jarene ajeng cafe bunder terminal bunder kebomas gresik jatim mediagress gresik gresik24jam warkop kopi,netral,0.991,infrastruktur,0.0,0,0,2026-07-07,Kebomas Gresik,krungu ta kuping ji jarene ajeng cafe bunder terminal bunder kebomas gresik jatim mediagress gresik gresik24jam warkop kopi
2074429004065776077,chillbros_,"open adopsi ya teman-teman free!!  his name is ciko, jantan and 2 months   

📍dom Menganti Gresik yaa📷 #adopsi #adopsikucing #kucing #zonakucing #zonaadopsi #freeadopt #freeadopsi #adopt #kitten #cat #catadopt

feel free to ask guys! https://t.co/Y4yOdAc3Nb",open adopsi ya temanteman free his name is ciko jantan and 2 months dom menganti gresik yaa adopsi adopsikucing kucing zonakucing zonaadopsi freeadopt freeadopsi adopt kitten cat catadopt feel free to ask guys,netral,0.557,umum,0.0,2,0,2026-07-07,Menganti Gresik,open adopsi temanteman free his name is ciko jantan and 2 months dom anti gresik yaa adopsi adopsikucing kucing zonakucing zonaadopsi freeadopt freeadopsi adopt kitten cat catadopt feel free to ask guys
2074423906614812746,calmilaaaa,"@dikatogetoge di menganti, gresik",di menganti gresik,negatif,0.942,umum,0.0,1,0,2026-07-07,Menganti Gresik,anti gresik
2074314206053355692,chillbros_,"open adopsi ya teman-teman free!!  his name is ciro, jantan and 2 months 

📍dom Menganti Gresik yaa📷 #adopsi #adopsikucing #kucing #zonakucing #zonaadopsi #freeadopt #freeadopsi #adopt #kitten #cat #catadopt

feel free to ask guys! https://t.co/XegiRsO4ug",open adopsi ya temanteman free his name is ciro jantan and 2 months dom menganti gresik yaa adopsi adopsikucing kucing zonakucing zonaadopsi freeadopt freeadopsi adopt kitten cat catadopt feel free to ask guys,netral,0.566,umum,0.0,1,1,2026-07-07,Menganti Gresik,open adopsi temanteman free his name is ciro jantan and 2 months dom anti gresik yaa adopsi adopsikucing kucing zonakucing zonaadopsi freeadopt freeadopsi adopt kitten cat catadopt feel free to ask guys
2077220928665325664,rizrizkyamalia,"Varian pilihannya beneran campuran dari buah dan sayur yang enak semua 🍋🍍🍉🍏🍎🍋‍🟩🥒🥬🫚
Oh dan ini no added sugar &amp; water ya, jadi beneran 100% pure juice 💯

Dikirim dari Gresik ke Bandung pakai Paxel, sampai dalam keadaan aman dan masih seger 👍🏼 https://t.co/x6TLILLgbn",varian pilihannya beneran campuran dari buah dan sayur yang enak semua oh dan ini no added sugar amp water ya jadi beneran 100 pure juice dikirim dari gresik ke bandung pakai paxel sampai dalam keadaan aman dan masih seger,positif,0.989,umum,1.0,1,1,2026-07-15,Gresik,varian pilih beneran campur buah sayur enak semua no added sugar amp water jadi beneran 100 pure juice kirim gresik bandung pakai paxel ada aman seger
2077220915591741907,1717_kebun,ini panas udah ngalah-ngalahin panas nya gresik jir lah..,ini panas udah ngalahngalahin panas nya gresik jir lah,negatif,0.988,umum,1.0,0,0,2026-07-15,Gresik,panas udah ngalahngalahin panas nya gresik jir lah
2077220005570384070,Bolo_Panda,Adakah temenku disini yg kerja di smelter gresik ?,adakah temenku disini yg kerja di smelter gresik,netral,0.995,umum,0.0,0,0,2026-07-15,Gresik,ada temenku sini kerja smelter gresik
2077217838532587633,KompasTV,"Bea Cukai Gresik Buka Lowongan Kerja, Lulusan SMA Bisa Daftar

https://t.co/UHvNrF3DAk",bea cukai gresik buka lowongan kerja lulusan sma bisa daftar,netral,0.998,pendidikan,0.0,0,0,2026-07-15,Gresik,bea cukai gresik buka lowong kerja lulus sma daftar
2077214851706061055,WaskitaTollRoad,"Rabu, 15 Juli 2026 
Tol Krian-Gresik
KM 06+000 A
Terpantau kondisi lalu lintas kedua arah LANCAR
Cuaca Cerah
Patuhi Rambu Lalu Lintas, Jaga Kecepatan dan Hati - Hati di Jalan
#WTRaffic
#WaskitaTollRoad
#WTRGo",rabu 15 juli 2026 tol kriangresik km 06000 a terpantau kondisi lalu lintas kedua arah lancar cuaca cerah patuhi rambu lalu lintas jaga kecepatan dan hati hati di jalan wtraffic waskitatollroad wtrgo,netral,0.987,infrastruktur,0.0,0,0,2026-07-15,Gresik,rabu 15 juli 2026 tol kriangresik km 06000 a pantau kondisi lalu lintas dua arah lancar cuaca cerah patuh rambu lalu lintas jaga cepat hati hati jalan wtraffic waskitatollroad wtrgo
2077212787408032236,whtisd,"guyss anyone ada yang pernah ke PT Wilmar Nabati Gresik ngga?? 

butuh banget kontak nyaaa",guyss anyone ada yang pernah ke pt wilmar nabati gresik ngga butuh banget kontak nyaaa,netral,0.891,umum,0.0,0,0,2026-07-15,Gresik,guyss anyone pernah pt wilmar nabati gresik ngga butuh banget kontak nyaaa
2077212343742992444,plnnp_upbrantas,"Tor monitor Ketua... Ada aksi nyata dari PLN NP nih Ketua!🔥😎

Lewat Program Asa Bergending PLN Nusantara Power UP Gresik hadir membawa perubahan nyata bagi lini sosial kemasyarakatan.

#PLNNusantaraPower #GoBeyondPower #EnergizingTheFuture #CSR #BeyondCompliance https://t.co/pE5kekVw7K",tor monitor ketua ada aksi nyata dari pln np nih ketua lewat program asa bergending pln nusantara power up gresik hadir membawa perubahan nyata bagi lini sosial kemasyarakatan plnnusantarapower gobeyondpower energizingthefuture csr beyondcompliance,netral,0.989,umum,0.0,0,0,2026-07-15,Gresik,tor monitor ketua aksi nyata pln np nih ketua lewat program asa gending pln nusantara power up gresik hadir bawa ubah nyata lini sosial masyarakat plnnusantarapower gobeyondpower energizingthefuture csr beyondcompliance
2077205884238025113,PLTDSILAE,"Tor monitor Ketua... Ada aksi nyata dari PLN NP nih Ketua!🔥😎

Lewat Program Asa Bergending PLN Nusantara Power UP Gresik hadir membawa perubahan nyata bagi lini sosial kemasyarakatan. https://t.co/12wddEsVyJ",tor monitor ketua ada aksi nyata dari pln np nih ketua lewat program asa bergending pln nusantara power up gresik hadir membawa perubahan nyata bagi lini sosial kemasyarakatan,netral,0.99,umum,1.0,0,0,2026-07-15,Gresik,tor monitor ketua aksi nyata pln np nih ketua lewat program asa gending pln nusantara power up gresik hadir bawa ubah nyata lini sosial masyarakat
2077205495472108010,MrJarwork,"@jessicathayyaaa Lah tbtb di blok m, katanya ke gresik kamu",lah tbtb di blok m katanya ke gresik kamu,netral,0.917,umum,0.0,1,0,2026-07-15,Gresik,lah tbtb blok m kata gresik kamu
2077200903959159212,Epixurus8,Sunan Gresik Maulana Malik Ibraheeemmmm,sunan gresik maulana malik ibraheeemmmm,positif,0.974,umum,7.0,0,0,2026-07-15,Gresik,sunan gresik maulana malik ibraheeemmmm
2077108393190515070,coffebit,Bradley barcola https://t.co/dU2Zk0p2xv,bradley barcola,netral,0.94,umum,1426.0,68,420,2026-07-14,Gresik,bradley barcola
2077186817624059965,kebomas_polsek,"Pos pagi Polsek Kebomas
Pengaturan arus lalin dan penyeberangan anak sekolah di SMPN 20 Gresik

@polresgresik_official 
@rama.nasution07 
#polsekkebomas 
#polisigresiksantri 
#polisijatim https://t.co/WSbTdMh2Fq",pos pagi polsek kebomas pengaturan arus lalin dan penyeberangan anak sekolah di smpn 20 gresik nasution07 polsekkebomas polisigresiksantri polisijatim,netral,0.998,pendidikan,0.0,0,0,2026-07-15,Gresik,pos pagi polsek kebomas atur arus lalin seberang anak sekolah smpn 20 gresik nasution07 polsekkebomas polisigresiksantri polisijatim
2077185814552060208,xxcoupss,@binmaycry godspeed di gresik man,godspeed di gresik man,positif,0.702,umum,0.0,0,0,2026-07-15,Gresik,godspeed gresik man
2077184119684182068,25xSembarang,"@KPHYudi Gresik juga, klo dini hari sampai pagi aja se, setelahnya jembali sumpek",gresik juga klo dini hari sampai pagi aja se setelahnya jembali sumpek,negatif,0.806,umum,0.0,0,0,2026-07-15,Gresik,gresik klo dini hari pagi se telah jembali sumpek
2077183186602455318,_siapasiii,@credOLIN Bagian Gresik opo Sumowono? 😂,bagian gresik opo sumowono,netral,0.663,umum,1.0,1,0,2026-07-15,Gresik,bagi gresik opo sumowono
2077177189750239492,credOLIN,@ToBeAdviced Selamat pagii dari Gresik.,selamat pagii dari gresik,netral,0.879,umum,1.0,1,0,2026-07-14,Gresik,selamat pagi gresik
2075530156559815062,kabarbaikdotco,"Kecelakaan maut yang melibatkan dumptruk, mobil dan sepeda motor terjadi di Jembatan Sembayat, Kecamatan Manyar, Kabupaten Gresik, Jumat (10/7) siang. Satu korban meninggal dunia di lokasi kejadian.
https://t.co/OOH9zRprJC",kecelakaan maut yang melibatkan dumptruk mobil dan sepeda motor terjadi di jembatan sembayat kecamatan manyar kabupaten gresik jumat 107 siang satu korban meninggal dunia di lokasi kejadian,netral,0.993,infrastruktur,0.0,0,0,2026-07-10,Kabupaten Gresik,celaka maut libat dumptruk mobil sepeda motor jadi jembatan sembayat camat manyar kabupaten gresik jumat 107 siang satu korban tinggal dunia lokasi jadi
2076171954344841444,dayuduyung,"wts
oxva xlim go2
200k
📍driyorejo,gresik,jawa timur
bisa jnt
#zonauang
#wts https://t.co/cf8XZ5r3p0",wts oxva xlim go2 200k driyorejogresikjawa timur bisa jnt zonauang wts,netral,0.998,umum,0.0,0,0,2026-07-12,Gresik Jawa Timur,wts oxva xlim go2 200k driyorejogresikjawa timur jnt zonauang wts
2075937743843348751,CoupleGresik,@allyoucant_it Salam dari Gresik Jawa Timur kak,salam dari gresik jawa timur kak,positif,0.502,umum,4.0,0,0,2026-07-11,Gresik Jawa Timur,salam gresik jawa timur kak
2074885971980714247,DjoeKang2907,@SumiAti220280 Gresik Jawa Timur,gresik jawa timur,netral,0.982,umum,6.0,0,0,2026-07-08,Gresik Jawa Timur,gresik jawa timur
2074714258336813504,kodim0817gresik,Bupati Gresik Salurkan Bantuan Sosial bagi Petani Gagal Panen di Kecamatan Cerme https://t.co/DMrnie4oTf https://t.co/Tx1qaTNKc8,bupati gresik salurkan bantuan sosial bagi petani gagal panen di kecamatan cerme,netral,0.996,pemerintahan,0.0,0,0,2026-07-08,Bupati Gresik,bupati gresik salur bantu sosial tani gagal panen camat cerme
2074955458855707114,jawapos,"Menguat, Dugaan soal Objek Wisata Milik Anggota DPRD Gresik Belum Bayar Pajak
https://t.co/tZvFsTv1wg",menguat dugaan soal objek wisata milik anggota dprd gresik belum bayar pajak,netral,0.989,pemerintahan,0.0,0,1,2026-07-08,DPRD Gresik,kuat duga soal objek wisata milik anggota dprd gresik bayar pajak
2076496754288238634,lampiran_id,"Aksi Heroik Satlantas Polres Gresik Kawal Ibu Hamil hingga Selamat di RSUD Ibnu Sina
https://t.co/VSSmX1Ubil",aksi heroik satlantas polres gresik kawal ibu hamil hingga selamat di rsud ibnu sina,netral,0.997,kesehatan,1.0,0,0,2026-07-13,Polres Gresik,aksi heroik satlantas polres gresik kawal ibu hamil hingga selamat rsud ibnu sina
2076484746792866058,mcinewsid,Polres Gresik Tetapkan Staf PMD Tersangka Penipuan PPPK https://t.co/e4XsMFLx4Z https://t.co/RX79mp8KIQ,polres gresik tetapkan staf pmd tersangka penipuan pppk,netral,0.975,umum,0.0,0,0,2026-07-13,Polres Gresik,polres gresik tetap staf pmd sangka tipu pppk
2076357020639436944,bnewsnet,"Polres Gresik Tetapkan Oknum Staf PMD sebagai Tersangka Kasus Penipuan PPPK
https://t.co/6rTEkNBpZn https://t.co/TqAPVytI6O",polres gresik tetapkan oknum staf pmd sebagai tersangka kasus penipuan pppk,netral,0.97,umum,0.0,0,0,2026-07-12,Polres Gresik,polres gresik tetap oknum staf pmd sangka kasus tipu pppk
2076147117496881154,HumasGresik,"Dalam kegiatan HILING kali ini, Anggota Satlantas Polres Gresik melaksanakan imbauan sekaligus penindakan kepada pengendara di Jl. HOS Cokroaminoto (Bandar Grisse) yang tidak menggunakan helm dan melanggar rambu lalu lintas.

#SatlantasPolresGresik #PolriUntukMasyarakat #HILING https://t.co/xoRrqT3ZOI",dalam kegiatan hiling kali ini anggota satlantas polres gresik melaksanakan imbauan sekaligus penindakan kepada pengendara di jl hos cokroaminoto bandar grisse yang tidak menggunakan helm dan melanggar rambu lalu lintas satlantaspolresgresik polriuntukmasyarakat hiling,netral,0.997,umum,0.0,1,0,2026-07-12,Polres Gresik,giat hiling kali anggota satlantas polres gresik laksana imbau sekaligus tindak kendara jl hos cokroaminoto bandar grisse guna helm langgar rambu lalu lintas satlantaspolresgresik polriuntukmasyarakat hiling
2076138792659140987,HumasGresik,"Saat patroli malam, anggota Satlantas Polres Gresik (Dali 09) menerima permintaan bantuan pengawalan dari sebuah kendaraan yang membawa ibu yang akan melahirkan. https://t.co/VB1i2JD2ma",saat patroli malam anggota satlantas polres gresik dali 09 menerima permintaan bantuan pengawalan dari sebuah kendaraan yang membawa ibu yang akan melahirkan,netral,0.998,umum,0.0,1,0,2026-07-12,Polres Gresik,patroli malam anggota satlantas polres gresik dal 09 terima minta bantu awal buah kendara bawa ibu lahir
2076138700938060168,HumasGresik,"KBO Lantas dan Kanit Kamsel Satlantas Polres Gresik menghadiri Rapat Koordinasi Pengelolaan Lalu Lintas terkait paket pelebaran jalan dan penambahan lajur di kawasan Exit Tol Manyar (Sadang) bersama instansi terkait, yang bertempat di Hotel Horison.

#SatlantasPolresGresik https://t.co/Mbq6TSrK3V",kbo lantas dan kanit kamsel satlantas polres gresik menghadiri rapat koordinasi pengelolaan lalu lintas terkait paket pelebaran jalan dan penambahan lajur di kawasan exit tol manyar sadang bersama instansi terkait yang bertempat di hotel horison satlantaspolresgresik,netral,0.998,pemerintahan,0.0,0,0,2026-07-12,Polres Gresik,kbo lantas kanit kamsel satlantas polres gresik hadir rapat koordinasi kelola lalu lintas kait paket lebar jalan tambah lajur kawasan exit tol manyar sadang sama instansi kait tempat hotel horison satlantaspolresgresik
2076130077608452551,lantasresgresik,"Saat patroli malam, anggota Satlantas Polres Gresik (Dali 09) menerima permintaan bantuan pengawalan dari sebuah kendaraan yang membawa ibu yang akan melahirkan.

Tanpa menunggu lama, petugas mengawal hingga tiba di RS Ibnu Sina Gresik https://t.co/ZYbKD4hiEn",saat patroli malam anggota satlantas polres gresik dali 09 menerima permintaan bantuan pengawalan dari sebuah kendaraan yang membawa ibu yang akan melahirkan tanpa menunggu lama petugas mengawal hingga tiba di rs ibnu sina gresik,netral,0.997,umum,0.0,0,0,2026-07-12,Polres Gresik,patroli malam anggota satlantas polres gresik dal 09 terima minta bantu awal buah kendara bawa ibu lahir tunggu lama tugas awal hingga tiba rs ibnu sina gresik
2075921568270819624,lantasresgresik,"Dalam kegiatan HILING kali ini, Anggota Satlantas Polres Gresik melaksanakan imbauan sekaligus penindakan kepada pengendara di Jl. HOS Cokroaminoto (Bandar Grisse) yang tidak menggunakan helm dan melanggar rambu lalu lintas. https://t.co/cS7GZKhm5a",dalam kegiatan hiling kali ini anggota satlantas polres gresik melaksanakan imbauan sekaligus penindakan kepada pengendara di jl hos cokroaminoto bandar grisse yang tidak menggunakan helm dan melanggar rambu lalu lintas,netral,0.997,umum,0.0,0,0,2026-07-11,Polres Gresik,giat hiling kali anggota satlantas polres gresik laksana imbau sekaligus tindak kendara jl hos cokroaminoto bandar grisse guna helm langgar rambu lalu lintas
2075785963352232005,HumasGresik,"“Sekecil apa pun kebaikan, akan selalu berarti bagi mereka yang menerimanya.” 🤍

Dalam kegiatan Jumat Berkah Berbagi, Anggota Satlantas Polres Gresik menyalurkan bantuan kepada para pekerja di TPA Ngipik, Gresik, 

#SatlantasPolresGresik #PolriUntukMasyarakat #JumatBerkah https://t.co/lMzycQozrN",sekecil apa pun kebaikan akan selalu berarti bagi mereka yang menerimanya dalam kegiatan jumat berkah berbagi anggota satlantas polres gresik menyalurkan bantuan kepada para pekerja di tpa ngipik gresik satlantaspolresgresik polriuntukmasyarakat jumatberkah,netral,0.9,umum,0.0,1,0,2026-07-11,Polres Gresik,kecil apa baik selalu arti terima giat jumat berkah bagi anggota satlantas polres gresik salur bantu kerja tpa ngipik gresik satlantaspolresgresik polriuntukmasyarakat jumatberkah
2075527814435262859,SMK_Assaadah,"HUT PT. PETROKIMIA GRESIK 
Selamat dan sukses selalu @petrogresik https://t.co/2UKRrPf7xR",hut pt petrokimia gresik selamat dan sukses selalu,netral,0.522,industri,1.0,0,0,2026-07-10,Petrokimia Gresik,hut pt petrokimia gresik selamat sukses selalu
2074762847058530741,massdiks,"Merosotnya IHSG sebesar 66,35 poin di sesi pertama hari ini kabarnya dipicu oleh sentimen global dari S&P DJI dan MSCI terkait risiko status pasar modal Indonesia. Saham PT Semen Indonesia Tbk (SMGR) dan PT Barito Pacific Tbk (BRPT) jadi penekan utama pasar.
🔗 https://t.co/VXJXv6SqBP",merosotnya ihsg sebesar 6635 poin di sesi pertama hari ini kabarnya dipicu oleh sentimen global dari sp dji dan msci terkait risiko status pasar modal indonesia saham pt semen indonesia tbk smgr dan pt barito pacific tbk brpt jadi penekan utama pasar,netral,0.997,ekonomi,0.0,1,0,2026-07-08,Semen Indonesia,merosot ihsg besar 6635 poin sesi pertama hari kabar picu sentimen global sp dji msci kait risiko status pasar modal indonesia saham pt semen indonesia tbk smgr pt barito pacific tbk brpt jadi tekan utama pasar
2076972796207599638,MineIndo,"Di sisi hilir, terdapat perkembangan positif. Fasilitas smelter katoda tembaga PTFI di KEK JIIPE, Gresik, dijadwalkan kembali beroperasi sepenuhnya pada kuartal ketiga tahun 2026.",di sisi hilir terdapat perkembangan positif fasilitas smelter katoda tembaga ptfi di kek jiipe gresik dijadwalkan kembali beroperasi sepenuhnya pada kuartal ketiga tahun 2026,netral,0.993,industri,0.0,1,0,2026-07-14,JIIPE,sisi hilir dapat kembang positif fasilitas smelter katoda tembaga ptfi kek jiipe gresik jadwal operasi sepenuh kuartal tiga tahun 2026
2074982488464855327,avvo_caddo,"@GresikMenfess Tergantung kerja di pt mananya nder di jiipe aku udah pernah kerja di 3 tempat berbeda, yg terakhir ini worth it sih",tergantung kerja di pt mananya nder di jiipe aku udah pernah kerja di 3 tempat berbeda yg terakhir ini worth it sih,positif,0.956,industri,0.0,0,0,2026-07-08,JIIPE,gantung kerja pt mana nder jiipe aku udah pernah kerja 3 tempat beda akhir worth it sih
2074795942360830099,GresikMenfess,"-rek yang kerja di kawasan JIIPE atau GKB, worth ga sih fasilitasnya?? penasaran sama culture kerjanya",rek yang kerja di kawasan jiipe atau gkb worth ga sih fasilitasnya penasaran sama culture kerjanya,positif,0.972,industri,1.0,4,0,2026-07-08,JIIPE,rek kerja kawasan jiipe gkb worth sih fasilitas penasaran sama culture kerja
2074767977572897224,sedatonat,"BW LNG, HD Hyundai'de 320 milyon dolarlık FSRU siparişi verdi. 174.000 m³'lük ünite, Endonezya JIIPE Gresik'teki yüzer gazlaştırma projesine bağlı; teslimat 2029 2. çeyrekte bekleniyor.

https://t.co/cnmKOuEHxo #LNG #FSRU",bw lng hd hyundaide 320 milyon dolarlık fsru siparişi verdi 174000 m³lük ünite endonezya jiipe gresikteki yüzer gazlaştırma projesine bağlı teslimat 2029 2 çeyrekte bekleniyor lng fsru,netral,0.98,industri,0.0,0,0,2026-07-08,JIIPE,bw lng hd hyundaide 320 milyon dolarlık fsru sipari i verdi 174000 m l k nite endonezya jiipe gresikteki y zer gazla tırma projesine ba lı teslimat 2029 2 eyrekte bekleniyor lng fsru
2076280387811344855,Aldoarch23,"INFO LOKER GRESIK TERBARU - JIIPE ‼️

PT. CHIYODA INDONESIA - FREEPORT SMELTER GRESIK
LAGI BUKA LOWONGAN BESAR-BESARAN LURR 🙏

Posisi: Maintenance, Inspection, HSE, Admin
Penempatan: GRESIK
Prioritas: Warga Jawa Timur

Mobilisasi: September - Oktober 2026. https://t.co/JLm81mZPUN",info loker gresik terbaru jiipe pt chiyoda indonesia freeport smelter gresik lagi buka lowongan besarbesaran lurr posisi maintenance inspection hse admin penempatan gresik prioritas warga jawa timur mobilisasi september oktober 2026,netral,0.994,industri,0.0,0,0,2026-07-12,JIIPE,info loker gresik baru jiipe pt chiyoda indonesia freeport smelter gresik buka lowong besarbesaran lurr posisi maintenance inspection hse admin tempat gresik prioritas warga jawa timur mobilisasi september oktober 2026
2074692928421945401,siti_rukaya306,"@Bubaks___ Wkwkwk 😅

Ini kek tangga mau ke Makam Sunan Giri Gresik",wkwkwk ini kek tangga mau ke makam sunan giri gresik,netral,0.771,wisata,0.0,1,0,2026-07-08,Makam Sunan Giri,wkwkwk kek tangga mau makam sunan giri gresik
2074654033739182118,Olinglingling,@GresikMenfess Opo iku min? Persegres ta,opo iku min persegres ta,negatif,0.941,olahraga,0.0,0,0,2026-07-08,Persegres,opo iku min gres ta
2074999548200841608,nugresik,"Resmi Dibuka, Toko Rizqina Jadi Motor Pemberdayaan Ekonomi Muslimat NU Balongpanggang Gresik https://t.co/IWsxmoXVzX",resmi dibuka toko rizqina jadi motor pemberdayaan ekonomi muslimat nu balongpanggang gresik,netral,0.991,umum,0.0,0,0,2026-07-08,Balongpanggang Gresik,resmi buka toko rizqina jadi motor daya ekonomi muslimat nu balongpanggang gresik
2074687099434103046,dumppiewhl,"kurang Iki jir, 8. ngarep omh rafika, racikulon sidayu gresik",kurang iki jir 8 ngarep omh rafika racikulon sidayu gresik,netral,0.781,umum,0.0,0,0,2026-07-08,Sidayu Gresik,kurang iki jir 8 ngarep omh rafika racikulon sidayu gresik
2074533505703477529,salmonyul,"LNGSHOT INDONESIAN TOUR

1. Indonesia arena, Jakarta.
2. Kebun Raya, Bogor.
3. Gedung Sate, Bandung.
4. Blok M.
5. Malioboro, Yogyakarta.
6. Jatim Park 2, Malang.
7. ICE BSD, Tangerang.

MORE TO BE ANNOUNCE",lngshot indonesian tour 1 indonesia arena jakarta 2 kebun raya bogor 3 gedung sate bandung 4 blok m 5 malioboro yogyakarta 6 jatim park 2 malang 7 ice bsd tangerang more to be announce,netral,0.92,umum,12379.0,528,2245,2026-07-07,Sidayu Gresik,lngshot indonesian tour 1 indonesia arena jakarta 2 kebun raya bogor 3 gedung sate bandung 4 blok m 5 malioboro yogyakarta 6 jatim park 2 malang 7 ice bsd tangerang more to be announce
2074774887676383720,lantasresgresik,"Kanit Kamsel Satlantas Polres Gresik bersama instansi terkait melaksanakan kegiatan ramp check terhadap bus angkutan umum dan pariwisata di Rest Area KM 726 Wringinanom, Gresik. https://t.co/uyZCh7De18",kanit kamsel satlantas polres gresik bersama instansi terkait melaksanakan kegiatan ramp check terhadap bus angkutan umum dan pariwisata di rest area km 726 wringinanom gresik,netral,0.997,wisata,0.0,0,0,2026-07-08,Wringinanom Gresik,kanit kamsel satlantas polres gresik sama instansi kait laksana giat ramp check bus angkut umum pariwisata rest area km 726 wringinanom gresik
2077585374684344403,pajakmdygresik,"Pajak yang telah dibayarkan memiliki andil besar dalam menopang berbagai program pembangunan negara dan kesejahteraan masyarakat.

Seluruh pelayanan pajak tidak dipungut biaya. KPP Madya Gresik berkomitmen untuk selalu memberikan pelayanan publik yang bersih, transparan,",pajak yang telah dibayarkan memiliki andil besar dalam menopang berbagai program pembangunan negara dan kesejahteraan masyarakat seluruh pelayanan pajak tidak dipungut biaya kpp madya gresik berkomitmen untuk selalu memberikan pelayanan publik yang bersih transparan,positif,0.82,umum,0.0,1,0,2026-07-16,Gresik,pajak bayar milik andil besar topang bagai program bangun negara sejahtera masyarakat seluruh layan pajak pungut biaya kpp madya gresik komitmen selalu beri layan publik bersih transparan
2077585352014098881,pajakmdygresik,Kepala KPP Madya Gresik dan segenap keluarga besar KPP Madya Gresik mengucapkan terima kasih dan memberikan apresiasi kepada #KawanPajak yang telah memenuhi hak dan kewajiban perpajakannya.,kepala kpp madya gresik dan segenap keluarga besar kpp madya gresik mengucapkan terima kasih dan memberikan apresiasi kepada kawanpajak yang telah memenuhi hak dan kewajiban perpajakannya,netral,0.939,umum,0.0,1,0,2026-07-16,Gresik,kepala kpp madya gresik segenap keluarga besar kpp madya gresik ucap terima kasih beri apresiasi kawanpajak penuh hak wajib paja
2077585325220913205,pajakmdygresik,"KPP Madya Gresik memberikan layanan perpajakan secara tatap muka berupa penerimaan permohonan pada Loket TPT dan konsultasi perpajakan pada Loket Helpdesk. Selain itu, terdapat layanan daring melalui chat, telepon, dan surel. https://t.co/DqEvlksaYU",kpp madya gresik memberikan layanan perpajakan secara tatap muka berupa penerimaan permohonan pada loket tpt dan konsultasi perpajakan pada loket helpdesk selain itu terdapat layanan daring melalui chat telepon dan surel,netral,0.998,umum,0.0,1,0,2026-07-16,Gresik,kpp madya gresik beri layan paja tatap muka upa terima mohon loket tpt konsultasi paja loket helpdesk dapat layan daring lalu chat telepon surel
2077582866159202564,Ilyasfurqon3,"Pengecekan tanaman kangkung di desa slempit Kec.kedamean  Kab. Gresik untuk mendukung program ketahanan pangan

#astacita 
#swasembadapangan 
#ketahananpangan #ketahananpanganpoldajatim 
#ssdmpolri 
#divhumaspolri 
#birosdmpoldajatim 
#bidhumaspoldajatim 
#polresgresik 
#gresik https://t.co/7iel4X8Tg7",pengecekan tanaman kangkung di desa slempit keckedamean kab gresik untuk mendukung program ketahanan pangan astacita swasembadapangan ketahananpangan ketahananpanganpoldajatim ssdmpolri divhumaspolri birosdmpoldajatim bidhumaspoldajatim polresgresik gresik,netral,0.994,umum,0.0,0,0,2026-07-16,Gresik,kece tanam kangkung desa slempit keckedamean kab gresik dukung program tahan pangan astacita swasembadapangan ketahananpangan ketahananpanganpoldajatim ssdmpolri divhumaspolri birosdmpoldajatim bidhumaspoldajatim polresgresik gresik
2077582670792663319,pajakmdygresik,"Pajak yang telah dibayarkan memiliki andil besar dalam menopang berbagai program pembangunan negara dan kesejahteraan masyarakat.

Seluruh pelayanan pajak tidak dipungut biaya. KPP Madya Gresik berkomitmen untuk selalu memberikan pelayanan publik yang bersih, transparan,",pajak yang telah dibayarkan memiliki andil besar dalam menopang berbagai program pembangunan negara dan kesejahteraan masyarakat seluruh pelayanan pajak tidak dipungut biaya kpp madya gresik berkomitmen untuk selalu memberikan pelayanan publik yang bersih transparan,positif,0.82,umum,0.0,1,0,2026-07-16,Gresik,pajak bayar milik andil besar topang bagai program bangun negara sejahtera masyarakat seluruh layan pajak pungut biaya kpp madya gresik komitmen selalu beri layan publik bersih transparan
2077582643357683961,pajakmdygresik,Kepala KPP Madya Gresik dan segenap keluarga besar KPP Madya Gresik mengucapkan terima kasih dan memberikan apresiasi kepada #KawanPajak yang telah memenuhi hak dan kewajiban perpajakannya.,kepala kpp madya gresik dan segenap keluarga besar kpp madya gresik mengucapkan terima kasih dan memberikan apresiasi kepada kawanpajak yang telah memenuhi hak dan kewajiban perpajakannya,netral,0.939,umum,0.0,1,0,2026-07-16,Gresik,kepala kpp madya gresik segenap keluarga besar kpp madya gresik ucap terima kasih beri apresiasi kawanpajak penuh hak wajib paja
2077582614073160129,pajakmdygresik,"KPP Madya Gresik memberikan layanan perpajakan secara tatap muka berupa penerimaan permohonan pada Loket TPT dan konsultasi perpajakan pada Loket Helpdesk. Selain itu, terdapat layanan daring melalui chat, telepon, dan surel. https://t.co/Hu5c0lecHr",kpp madya gresik memberikan layanan perpajakan secara tatap muka berupa penerimaan permohonan pada loket tpt dan konsultasi perpajakan pada loket helpdesk selain itu terdapat layanan daring melalui chat telepon dan surel,netral,0.998,umum,0.0,1,0,2026-07-16,Gresik,kpp madya gresik beri layan paja tatap muka upa terima mohon loket tpt konsultasi paja loket helpdesk dapat layan daring lalu chat telepon surel
2077581552037568914,pajakmdygresik,"Pajak yang telah dibayarkan memiliki andil besar dalam menopang berbagai program pembangunan negara dan kesejahteraan masyarakat.

Seluruh pelayanan pajak tidak dipungut biaya. KPP Madya Gresik berkomitmen untuk selalu memberikan pelayanan publik yang bersih, transparan,",pajak yang telah dibayarkan memiliki andil besar dalam menopang berbagai program pembangunan negara dan kesejahteraan masyarakat seluruh pelayanan pajak tidak dipungut biaya kpp madya gresik berkomitmen untuk selalu memberikan pelayanan publik yang bersih transparan,positif,0.82,umum,0.0,1,0,2026-07-16,Gresik,pajak bayar milik andil besar topang bagai program bangun negara sejahtera masyarakat seluruh layan pajak pungut biaya kpp madya gresik komitmen selalu beri layan publik bersih transparan
2077581489844465875,pajakmdygresik,Kepala KPP Madya Gresik dan segenap keluarga besar KPP Madya Gresik mengucapkan terima kasih dan memberikan apresiasi kepada #KawanPajak yang telah memenuhi hak dan kewajiban perpajakannya.,kepala kpp madya gresik dan segenap keluarga besar kpp madya gresik mengucapkan terima kasih dan memberikan apresiasi kepada kawanpajak yang telah memenuhi hak dan kewajiban perpajakannya,netral,0.939,umum,0.0,1,0,2026-07-16,Gresik,kepala kpp madya gresik segenap keluarga besar kpp madya gresik ucap terima kasih beri apresiasi kawanpajak penuh hak wajib paja
2077581452997513571,pajakmdygresik,"KPP Madya Gresik memberikan layanan perpajakan secara tatap muka berupa penerimaan permohonan pada Loket TPT dan konsultasi perpajakan pada Loket Helpdesk. Selain itu, terdapat layanan daring melalui chat, telepon, dan surel. https://t.co/DTH6sveol6",kpp madya gresik memberikan layanan perpajakan secara tatap muka berupa penerimaan permohonan pada loket tpt dan konsultasi perpajakan pada loket helpdesk selain itu terdapat layanan daring melalui chat telepon dan surel,netral,0.998,umum,0.0,1,0,2026-07-16,Gresik,kpp madya gresik beri layan paja tatap muka upa terima mohon loket tpt konsultasi paja loket helpdesk dapat layan daring lalu chat telepon surel
2077575994479899020,shakiraamanda78,Pengecekan pertanian tanaman kangkung di desa slempit Kec.kedamean  Kab. Gresik https://t.co/CQ0bAAq5DH,pengecekan pertanian tanaman kangkung di desa slempit keckedamean kab gresik,netral,0.996,umum,0.0,0,0,2026-07-16,Gresik,kece tani tanam kangkung desa slempit keckedamean kab gresik
2077574414401728842,BulbaSalim,@candlebearers Gresik must be blessed dengan adanya bombsex HEEEITTTTSSS!!! Gresik the bestttt,gresik must be blessed dengan adanya bombsex heeeittttsss gresik the bestttt,positif,0.995,umum,1.0,1,0,2026-07-16,Gresik,gresik must be blessed ada bombsex heeeittttsss gresik the bestttt
2077574207467295172,inism4llkitten,@lanangwn Nambah bayiknya aja miin suaminya cukup 1 my one and only gwansik gresik ku,nambah bayiknya aja miin suaminya cukup 1 my one and only gwansik gresik ku,netral,0.927,umum,0.0,0,0,2026-07-16,Gresik,nambah bayiknya miin suami cukup 1 my one and only gwansik gresik ku
2077572529640845656,YudhaYudhakus,"Yang bikin netizen geleng-geleng kepala tuh skalanya, bener-bener bukan kaleng-kaleng. Kompleks pabrik di Gresik ini diklaim sebagai salah satu single line smelter terbesar di dunia!",yang bikin netizen gelenggeleng kepala tuh skalanya benerbener bukan kalengkaleng kompleks pabrik di gresik ini diklaim sebagai salah satu single line smelter terbesar di dunia,netral,0.965,industri,0.0,1,0,2026-07-16,Gresik,bikin netizen gelenggeleng kepala tuh skala benerbener bukan kalengkaleng kompleks pabrik gresik klaim salah satu single line smelter besar dunia
2077572137398014181,pajakmdygresik,"Pajak yang telah dibayarkan memiliki andil besar dalam menopang berbagai program pembangunan negara dan kesejahteraan masyarakat.

Seluruh pelayanan pajak tidak dipungut biaya. KPP Madya Gresik berkomitmen untuk selalu memberikan pelayanan publik yang bersih, transparan,",pajak yang telah dibayarkan memiliki andil besar dalam menopang berbagai program pembangunan negara dan kesejahteraan masyarakat seluruh pelayanan pajak tidak dipungut biaya kpp madya gresik berkomitmen untuk selalu memberikan pelayanan publik yang bersih transparan,positif,0.82,umum,0.0,1,0,2026-07-16,Gresik,pajak bayar milik andil besar topang bagai program bangun negara sejahtera masyarakat seluruh layan pajak pungut biaya kpp madya gresik komitmen selalu beri layan publik bersih transparan
2077572106347491626,pajakmdygresik,Kepala KPP Madya Gresik dan segenap keluarga besar KPP Madya Gresik mengucapkan terima kasih dan memberikan apresiasi kepada #KawanPajak yang telah memenuhi hak dan kewajiban perpajakannya.,kepala kpp madya gresik dan segenap keluarga besar kpp madya gresik mengucapkan terima kasih dan memberikan apresiasi kepada kawanpajak yang telah memenuhi hak dan kewajiban perpajakannya,netral,0.939,umum,0.0,1,0,2026-07-16,Gresik,kepala kpp madya gresik segenap keluarga besar kpp madya gresik ucap terima kasih beri apresiasi kawanpajak penuh hak wajib paja
2077572077843095904,pajakmdygresik,"KPP Madya Gresik memberikan layanan perpajakan secara tatap muka berupa penerimaan permohonan pada Loket TPT dan konsultasi perpajakan pada Loket Helpdesk. Selain itu, terdapat layanan daring melalui chat, telepon, dan surel. https://t.co/rOBkDP2LC7",kpp madya gresik memberikan layanan perpajakan secara tatap muka berupa penerimaan permohonan pada loket tpt dan konsultasi perpajakan pada loket helpdesk selain itu terdapat layanan daring melalui chat telepon dan surel,netral,0.998,bencana,0.0,1,0,2026-07-16,Gresik,kpp madya gresik beri layan paja tatap muka upa terima mohon loket tpt konsultasi paja loket helpdesk dapat layan daring lalu chat telepon surel
2077571788461297706,YudhaYudhakus,"Parah sih, kalau lo belum tahu info paling fresh soal Smelter Freeport yang di Gresik, lo bener-bener kurang jauh mainnya di linimasa. https://t.co/7NxkwTe75I",parah sih kalau lo belum tahu info paling fresh soal smelter freeport yang di gresik lo benerbener kurang jauh mainnya di linimasa,negatif,0.942,industri,0.0,1,0,2026-07-16,Gresik,parah sih kalau lo tahu info paling fresh soal smelter freeport gresik lo benerbener kurang jauh main linimasa
2077567693902000588,HumasGresik,"Momen seru Masa Pengenalan Lingkungan Sekolah (MPLS) di SMAN 1 Gresik makin istimewa dengan kehadiran para tokoh penting yang memberikan semangat dan edukasi.

#SMAN1Gresik #MPLSGresik #PolresGresik #EdukasiLingkungan https://t.co/lpKRpPmToH",momen seru masa pengenalan lingkungan sekolah mpls di sman 1 gresik makin istimewa dengan kehadiran para tokoh penting yang memberikan semangat dan edukasi sman1gresik mplsgresik polresgresik edukasilingkungan,netral,0.758,pendidikan,0.0,1,0,2026-07-16,Gresik,momen seru masa kenal lingkung sekolah mpls sman 1 gresik makin istimewa hadir tokoh penting beri semangat edukasi sman1gresik mplsgresik polresgresik edukasilingkungan
2076527097456291883,Lintasperkoro,"PT Bertuah Alam Nusantara sedang membuka lowongan pekerjaan sebagai Admin Warehouse untuk penempatan di Kabupaten Gresik, Provinsi Jawa Timur. Jika teman-teman memenuhi persyaratan dan minat dengan kesempatan ini, berikut kualifikasi dan persyaratannya.
https://t.co/fj4qzI184m",pt bertuah alam nusantara sedang membuka lowongan pekerjaan sebagai admin warehouse untuk penempatan di kabupaten gresik provinsi jawa timur jika temanteman memenuhi persyaratan dan minat dengan kesempatan ini berikut kualifikasi dan persyaratannya,netral,0.996,umum,0.0,0,0,2026-07-13,Kabupaten Gresik,pt tuah alam nusantara sedang buka lowong kerja admin warehouse tempat kabupaten gresik provinsi jawa timur temanteman penuh syarat minat sempat ikut kualifikasi syarat
2076510610410418278,bkpsdmgresikkab,"dan diisi oleh narasumber ahli, Ibu Alindi Lecya Latih, S.Psi., MPsi (Psikolog Klinis Ahli Muda).

Tanggal Kegiatan besok bangett : 
🗓️ Selasa, 14 Juli 2026
⏰ 09:00 AM- Selesai 
📍 Online 
Zoom : 
ID Rapat: 871 2796 9623
Kode Sandi: gapura
Youtube : Pemerintah Kabupaten Gresik",dan diisi oleh narasumber ahli ibu alindi lecya latih spsi mpsi psikolog klinis ahli muda tanggal kegiatan besok bangett selasa 14 juli 2026 0900 am selesai online zoom id rapat 871 2796 9623 kode sandi gapura youtube pemerintah kabupaten gresik,netral,0.997,umum,0.0,0,0,2026-07-13,Kabupaten Gresik,isi narasumber ahli ibu alindi lecya latih spsi mpsi psikolog klinis ahli muda tanggal giat besok bangett selasa 14 juli 2026 0900 am selesai online zoom id rapat 871 2796 9623 kode sandi gapura youtube perintah kabupaten gresik
2076510607172649119,bkpsdmgresikkab,"Temukan strategi praktis untuk menjaga kesehatan mental di lingkungan kerja langsung dari para ahlinya. Webinar ini akan dipandu oleh Keynote Speaker istimewa, Bapak Agung Endro D.S. Utomo, S.STP., https://t.co/0wbThtGm3I (Kepala BKPSDM Kabupaten Gresik)",temukan strategi praktis untuk menjaga kesehatan mental di lingkungan kerja langsung dari para ahlinya webinar ini akan dipandu oleh keynote speaker istimewa bapak agung endro ds utomo sstp kepala bkpsdm kabupaten gresik,netral,0.994,umum,0.0,1,0,2026-07-13,Kabupaten Gresik,temu strategi praktis jaga sehat mental lingkung kerja langsung ahli webinar pandu keynote speaker istimewa bapak agung endro ds utomo sstp kepala bkpsdm kabupaten gresik
2075123922174156945,kompascom,"Baca di sini: https://t.co/tJRydx1hcy 

Pemerintah Kabupaten (Pemkab) Gresik melalui BPBD telah melakukan investigasi dan berkoordinasi dengan BMKG Juanda, serta BPBD Provinsi Jawa Timur, mengenai suara dentuman yang sempat didengar warga dalam beberapa hari terakhir.

~KQ #DentumanGresik #BMKGJuanda",baca di sini pemerintah kabupaten pemkab gresik melalui bpbd telah melakukan investigasi dan berkoordinasi dengan bmkg juanda serta bpbd provinsi jawa timur mengenai suara dentuman yang sempat didengar warga dalam beberapa hari terakhir kq dentumangresik bmkgjuanda,netral,0.996,pemerintahan,1.0,1,1,2026-07-09,Pemkab Gresik,baca sini perintah kabupaten pemkab gresik lalu bpbd laku investigasi koordinasi bmkg juanda bpbd provinsi jawa timur kena suara dentum sempat dengar warga beberapa hari akhir kq dentumangresik bmkgjuanda
2075158406340415531,GresikMenfess,"Gresik kota wali, tapi anak mudanya malah paling jauh dari masjid -rek ada yg relate apa aku aja??",gresik kota wali tapi anak mudanya malah paling jauh dari masjid rek ada yg relate apa aku aja,negatif,0.972,umum,2.0,4,0,2026-07-09,Gresik Kota,gresik kota wali anak muda malah paling jauh masjid rek relate apa aku
2075090227094585385,GesuriID,"Sawah Dilanda Puso, Bupati Gresik Salurkan Bansos untuk 1.177 Petani Korban Kekeringan https://t.co/dHtx6abXzf",sawah dilanda puso bupati gresik salurkan bansos untuk 1177 petani korban kekeringan,netral,0.997,pemerintahan,0.0,0,0,2026-07-09,Bupati Gresik,sawah landa puso bupati gresik salur bansos 1177 tani korban kering
2075146692509474970,lampiran_id,"Saksi Ahli IDR Beberkan 4 Dugaan Pelanggaran Etik Anggota DPRD Gresik di Sidang BK
https://t.co/cZaGLTYE9X",saksi ahli idr beberkan 4 dugaan pelanggaran etik anggota dprd gresik di sidang bk,netral,0.996,pemerintahan,0.0,0,0,2026-07-09,DPRD Gresik,saksi ahli idr kan 4 duga langgar etik anggota dprd gresik sidang bk
2076922684399894962,jawapos,"Proses Melaharikna Dikawal Petugas Polres Gresik, Siapkan Nama Vanza, Terinspirasi Mobil Patroli
https://t.co/1UWR6Jlanp",proses melaharikna dikawal petugas polres gresik siapkan nama vanza terinspirasi mobil patroli,netral,0.994,umum,0.0,0,0,2026-07-14,Polres Gresik,proses melaharikna kawal tugas polres gresik siap nama vanza inspirasi mobil patroli
2076918006098301129,Negeriku_kini,"Merinding banget liat perjuangan ibu ini. Di tengah kepanikan karena ketuban sudah pecah dan bayi harus segera lahir di dalam mobil, untung ada bapak-bapak dari Satlantas Polres Gresik yang sigap memberikan pengawalan menembus jalanan malam. https://t.co/liH5AGbsHF",merinding banget liat perjuangan ibu ini di tengah kepanikan karena ketuban sudah pecah dan bayi harus segera lahir di dalam mobil untung ada bapakbapak dari satlantas polres gresik yang sigap memberikan pengawalan menembus jalanan malam,netral,0.969,infrastruktur,4.0,0,0,2026-07-14,Polres Gresik,merinding banget liat juang ibu tengah panik ketuban pecah bayi segera lahir mobil untung bapakbapak satlantas polres gresik sigap beri awal tembus jalan malam
2076850981766303875,HumasGresik,Polres Gresik guna mengevaluasi kinerja serta memantapkan kesiapan personel dalam menghadapi agenda-agenda pelayanan ke depan.,polres gresik guna mengevaluasi kinerja serta memantapkan kesiapan personel dalam menghadapi agendaagenda pelayanan ke depan,netral,0.995,umum,0.0,0,0,2026-07-14,Polres Gresik,polres gresik evaluasi kerja mantap kesiap personel hadap agendaagenda layan depan
2076850950543974440,HumasGresik,"Polres Gresik melaksanakan Apel Jam Pimpinan yang dipimpin langsung oleh Kapolres Gresik.
Kegiatan ini diikuti oleh seluruh PNPP (Pegawai Negeri Pada Polri) 
#PolresGresik #JamPimpinan #PolriPresisi #JogoGresik #Kamtibmas https://t.co/licwqFnwof",polres gresik melaksanakan apel jam pimpinan yang dipimpin langsung oleh kapolres gresik kegiatan ini diikuti oleh seluruh pnpp pegawai negeri pada polri polresgresik jampimpinan polripresisi jogogresik kamtibmas,netral,0.996,umum,0.0,1,0,2026-07-14,Polres Gresik,polres gresik laksana apel jam pimpin pimpin langsung kapolres gresik giat ikut seluruh pnpp pegawai negeri polri polresgresik jampimpinan polripresisi jogogresik kamtibmas
2076623292547682329,lantasresgresik,"Saat patroli malam, anggota Satlantas Polres Gresik (Dali 09) menerima permintaan bantuan pengawalan dari sebuah kendaraan yang membawa ibu yang akan melahirkan. https://t.co/ZI1w2Dnqb9",saat patroli malam anggota satlantas polres gresik dali 09 menerima permintaan bantuan pengawalan dari sebuah kendaraan yang membawa ibu yang akan melahirkan,netral,0.998,umum,0.0,0,0,2026-07-13,Polres Gresik,patroli malam anggota satlantas polres gresik dal 09 terima minta bantu awal buah kendara bawa ibu lahir
2076622989962232265,lantasresgresik,"Anggota Turjagwali Satlantas Polres Gresik melaksanakan penindakan terhadap pengemudi yang melanggar rambu larangan masuk jalur dalam kota di Jl. Kartini, Gresik. https://t.co/QiGzOwEg1r",anggota turjagwali satlantas polres gresik melaksanakan penindakan terhadap pengemudi yang melanggar rambu larangan masuk jalur dalam kota di jl kartini gresik,netral,0.997,umum,0.0,0,0,2026-07-13,Polres Gresik,anggota turjagwali satlantas polres gresik laksana tindak kemudi langgar rambu larang masuk jalur kota jl kartini gresik
2076201982977777685,BusinesupdateID,"Produksi Pupuk Petrokimia Gresik pada Semester I/2026 Capai 2,7 Juta Ton https://t.co/d9lmS59R5v lewat @Businessupdate.id",produksi pupuk petrokimia gresik pada semester i2026 capai 27 juta ton lewat id,netral,0.997,industri,0.0,0,1,2026-07-12,Petrokimia Gresik,produksi pupuk petrokimia gresik semester i2026 capai 27 juta ton lewat id
2076192350855160005,himmelfern,"Aku kurang tahu kak. Tapi bbrp temanku kerja di perusahaan berikut dan info mereka worth t, mungkin bisa dicoba :

1. Meratus - sby
2. HM Sampoerna - sby
3. Indofood CBP - Pasuruan
4. Cheil Jedang - Pasuruan
5. Symmex Medical - Sidoarjo
6.  Garudafood - Gresik
7.  Wings Surya - sby/gresik
8. PT Santos Jaya Abadi - sidoarjo
9. Petrokimia - Gresik
10. SPS Corporate
11. Mitra Pinasthika Muliia
12. Perbankan BUMN - yang area Sby sekitarnya

Gapapa dicoba aja (kalau ada) lumayan bisa dapat experience real untuk  magang 6 bulan.",aku kurang tahu kak tapi bbrp temanku kerja di perusahaan berikut dan info mereka worth t mungkin bisa dicoba 1 meratus sby 2 hm sampoerna sby 3 indofood cbp pasuruan 4 cheil jedang pasuruan 5 symmex medical sidoarjo 6 garudafood gresik 7 wings surya sbygresik 8 pt santos jaya abadi sidoarjo 9 petrokimia gresik 10 sps corporate 11 mitra pinasthika muliia 12 perbankan bumn yang area sby sekitarnya gapapa dicoba aja kalau ada lumayan bisa dapat experience real untuk magang 6 bulan,positif,0.493,industri,2.0,0,0,2026-07-12,Petrokimia Gresik,aku kurang tahu kak bbrp teman kerja usaha ikut info worth t mungkin coba 1 ratus sby 2 hm sampoerna sby 3 indofood cbp pasuruan 4 cheil jedang pasuruan 5 symmex medical sidoarjo 6 garudafood gresik 7 wings surya sbygresik 8 pt santos jaya abadi sidoarjo 9 petrokimia gresik 10 sps corporate 11 mitra pinasthika muliia 12 perban bumn area sby sekitar gapapa coba kalau lumayan experience real magang 6 bulan
2076104700437663930,RikaRifanti84,"@petrogresik Done 

HUT ke-54 Petrokimia Gresik, Jaya Selalu! Harapan saya semoga Petrokimia Gresik semakin maju, sukses, dan terus memberikan kontribusi positif bagi ketahanan pangan bangsa. #GrowingTheFuture #WaktuPGBagianKuis

Sukses terus @petrogresik 
Semoga saya beruntung!",done hut ke54 petrokimia gresik jaya selalu harapan saya semoga petrokimia gresik semakin maju sukses dan terus memberikan kontribusi positif bagi ketahanan pangan bangsa growingthefuture waktupgbagiankuis sukses terus semoga saya beruntung,positif,0.908,industri,0.0,0,0,2026-07-12,Petrokimia Gresik,done hut ke54 petrokimia gresik jaya selalu harap moga petrokimia gresik makin maju sukses terus beri kontribusi positif tahan pangan bangsa growingthefuture waktupgbagiankuis sukses terus moga untung
2075771709886718117,petrogresik,"Dengan penuh rasa syukur, Petrokimia Gresik memperingati Hari Ulang Tahun ke-54 melalui Upacara dan Tasyakuran sebagai momen untuk mengenang perjalanan panjang, menghargai dedikasi para pendahulu, sekaligus meneguhkan komitmen untuk terus bertumbuh✨🙏

Mengusung tema Growing the Future, Petrokimia Gresik akan terus menjaga nilai-nilai perusahaan, memperkuat budaya kerja, dan menghadirkan inovasi demi mendukung ketahanan pangan, kemajuan industri, serta keberlanjutan🙏💪

Terima kasih kepada seluruh Insan Petrokimia Gresik, mitra kerja, pelanggan, dan seluruh pemangku kepentingan yang telah menjadi bagian dari perjalanan ini. Mari terus melangkah bersama, Sahabat, menumbuhkan masa depan yang lebih baik. 🌱💚

#PetrokimiaGresik #SolusiAgroindustri #HUT54PetrokimiaGresik #GrowingTheFuture",dengan penuh rasa syukur petrokimia gresik memperingati hari ulang tahun ke54 melalui upacara dan tasyakuran sebagai momen untuk mengenang perjalanan panjang menghargai dedikasi para pendahulu sekaligus meneguhkan komitmen untuk terus bertumbuh mengusung tema growing the future petrokimia gresik akan terus menjaga nilainilai perusahaan memperkuat budaya kerja dan menghadirkan inovasi demi mendukung ketahanan pangan kemajuan industri serta keberlanjutan terima kasih kepada seluruh insan petrokimia gresik mitra kerja pelanggan dan seluruh pemangku kepentingan yang telah menjadi bagian dari perjalanan ini mari terus melangkah bersama sahabat menumbuhkan masa depan yang lebih baik petrokimiagresik solusiagroindustri hut54petrokimiagresik growingthefuture,positif,0.937,infrastruktur,0.0,0,0,2026-07-11,Petrokimia Gresik,penuh rasa syukur petrokimia gresik ingat hari ulang tahun ke54 lalu upacara tasyakur momen kenang jalan panjang harga dedikasi dahulu sekaligus teguh komitmen terus tumbuh usung tema growing the future petrokimia gresik terus jaga nilainilai usaha kuat budaya kerja hadir inovasi dukung tahan pangan maju industri lanjut terima kasih seluruh insan petrokimia gresik mitra kerja langgan seluruh mang penting jadi bagi jalan terus lang sama sahabat tumbuh masa depan lebih baik petrokimiagresik solusiagroindustri hut54petrokimiagresik growingthefuture
2075762661204406672,kabarbaikdotco,"PetroNite Fest 2026 yang diselenggarakan Petrokimia Gresik, perusahaan Solusi Agroindustri anggota holding Pupuk Indonesia (Persero), mencatat perputaran uang mencapai Rp 14,4 miliar selama sembilan hari pelaksanaan, 27 Juni hingga 5 Juli 2026.
https://t.co/Gdk9gVFcFB",petronite fest 2026 yang diselenggarakan petrokimia gresik perusahaan solusi agroindustri anggota holding pupuk indonesia persero mencatat perputaran uang mencapai rp 144 miliar selama sembilan hari pelaksanaan 27 juni hingga 5 juli 2026,netral,0.997,industri,1.0,0,0,2026-07-11,Petrokimia Gresik,petronite fest 2026 selenggara petrokimia gresik usaha solusi agroindustri anggota holding pupuk indonesia persero catat putar uang capai rp 144 miliar lama sembilan hari laksana 27 juni hingga 5 juli 2026
2075657360631337379,hidayatsport,"@petrogresik Selamat ulang tahun ke 54 @petrogresik semoga semakin sukses bermanfaat untuk orang banyak HUT ke-54 Petrokimia Gresik JAYA SELALU!!! 🥳🥳🥳
#WaktuPGBagianKuis #GrowingTheFuture 
Done
@aaliaaazara @Zarazaraana @QotrunadaSofia",selamat ulang tahun ke 54 semoga semakin sukses bermanfaat untuk orang banyak hut ke54 petrokimia gresik jaya selalu waktupgbagiankuis growingthefuture done,positif,0.897,industri,0.0,0,0,2026-07-10,Petrokimia Gresik,selamat ulang tahun 54 moga makin sukses manfaat orang banyak hut ke54 petrokimia gresik jaya selalu waktupgbagiankuis growingthefuture done
2075541685678047579,kabarbaikdotco,"Di tengah tantangan industri pupuk yang dipengaruhi dinamika geopolitik, perubahan iklim, hingga fluktuasi harga energi dan bahan baku, Petrokimia Gresik justru mencatatkan tren kinerja positif.
https://t.co/B6vyxZ9H1Y",di tengah tantangan industri pupuk yang dipengaruhi dinamika geopolitik perubahan iklim hingga fluktuasi harga energi dan bahan baku petrokimia gresik justru mencatatkan tren kinerja positif,netral,0.988,ekonomi,0.0,0,0,2026-07-10,Petrokimia Gresik,tengah tantang industri pupuk pengaruh dinamika geopolitik ubah iklim hingga fluktuasi harga energi bahan baku petrokimia gresik justru catat tren kerja positif
2075505310387618155,petrogresik,"Petrokimia Gresik rayakan ulang tahun ke-54 nih, Sahabat! 🥳🌱

Biar makin meriah, Petrokimia Gresik mau bagi-bagi hadiah lewat #WaktuPGBagianKuis! 🎁✨

Yuk, uji ketelitianmu lewat Screenshot Challenge! 👀
Tugas Sahabat adalah menangkap momen saat botol pupuk muncul di posisi yang tepat sesuai dengan botol pupuk yang ada di kardus.

Syarat dan ketentuan:
1. Screenshot posisi botol pupuk yang tepat saat muncul.
2. Upload hasil screenshot ke Instagram Story kamu.
3. Tag @petrokimiagresik_official dan 3 teman kamu di Instagram Story.
4. Tulis komentar “Done” di kolom komentar postingan ini.
5. Sertakan ucapan, doa, atau harapan untuk Petrokimia Gresik di kolom komentar.
6. Tambahkan hashtag #WaktuPGBagianKuis dan #GrowingTheFuture di kolom komentar.

Syarat lainnya:
1. Like dan repost postingan kuis ini.
2. Follow akun Instagram @petrokimiagresik_official, Facebook PT Petrokimia Gresik Official, TikTok @petrokimiagresik, dan X @petrogresik.
3. Pastikan akun Instagram tidak diprivat.

Kuis berlangsung pada 10–13 Juli 2026.
Pengumuman pemenang pada 14 Juli 2026.

Akan ada merchandise menarik untuk 5 Sahabat beruntung! 🎁🔥

Yuk, jangan sampai kelewatan dan ajak teman-temanmu untuk ikut meramaikan keseruan HUT ke-54 Petrokimia Gresik! 💚

#PetrokimiaGresik #SolusiAgroindustri #GrowingTheFuture #WaktuPGBagianKuis #KuisPGBerhadiah",petrokimia gresik rayakan ulang tahun ke54 nih sahabat biar makin meriah petrokimia gresik mau bagibagi hadiah lewat waktupgbagiankuis yuk uji ketelitianmu lewat screenshot challenge tugas sahabat adalah menangkap momen saat botol pupuk muncul di posisi yang tepat sesuai dengan botol pupuk yang ada di kardus syarat dan ketentuan 1 screenshot posisi botol pupuk yang tepat saat muncul 2 upload hasil screenshot ke instagram story kamu 3 tag dan 3 teman kamu di instagram story 4 tulis komentar done di kolom komentar postingan ini 5 sertakan ucapan doa atau harapan untuk petrokimia gresik di kolom komentar 6 tambahkan hashtag waktupgbagiankuis dan growingthefuture di kolom komentar syarat lainnya 1 like dan repost postingan kuis ini 2 follow akun instagram facebook pt petrokimia gresik official tiktok dan x 3 pastikan akun instagram tidak diprivat kuis berlangsung pada 1013 juli 2026 pengumuman pemenang pada 14 juli 2026 akan ada merchandise menarik untuk 5 sahabat beruntung yuk jangan sampai kelewatan dan ajak temantemanmu untuk ikut meramaikan keseruan hut ke54 petrokimia gresik petrokimiagresik solusiagroindustri growingthefuture waktupgbagiankuis kuispgberhadiah,netral,0.703,infrastruktur,16.0,3,4,2026-07-10,Petrokimia Gresik,petrokimia gresik raya ulang tahun ke54 nih sahabat biar makin riah petrokimia gresik mau bagibagi hadiah lewat waktupgbagiankuis yuk uji teliti lewat screenshot challenge tugas sahabat tangkap momen botol pupuk muncul posisi tepat sesuai botol pupuk kardus syarat tentu 1 screenshot posisi botol pupuk tepat muncul 2 upload hasil screenshot instagram story kamu 3 tag 3 teman kamu instagram story 4 tulis komentar done kolom komentar postingan 5 serta ucap doa harap petrokimia gresik kolom komentar 6 tambah hashtag waktupgbagiankuis growingthefuture kolom komentar syarat lain 1 like repost postingan kuis 2 follow akun instagram facebook pt petrokimia gresik official tiktok x 3 pasti akun instagram privat kuis langsung 1013 juli 2026 umum menang 14 juli 2026 merchandise tarik 5 sahabat untung yuk jangan lewat ajak temantemanmu ikut ramai seru hut ke54 petrokimia gresik petrokimiagresik solusiagroindustri growingthefuture waktupgbagiankuis kuispgberhadiah
2075490211614646322,petrogresik,"Kebersamaan adalah energi yang membuat perjalanan 54 tahun Petrokimia Gresik semakin bermakna. 💚✨

Dalam semangat HUT ke-54, Petrokimia Gresik menyampaikan terima kasih dan apresiasi setinggi-tingginya kepada:

* SKPG
* PIKA PG
* Diving Club
* PMCC Touring
* PMCC Trail
* PMCC Gunung

Atas dukungan, partisipasi, serta semangat kebersamaan yang terus tumbuh dan memberi warna positif bagi lingkungan perusahaan.

Melalui kolaborasi, kreativitas, dan kontribusi aktif dari setiap organisasi serta komunitas, kita tidak hanya mempererat silaturahmi antar-Insan Petro, tetapi juga bersama-sama menumbuhkan budaya perusahaan yang solid, positif, dan penuh semangat.

Mari terus bergerak bersama, menjaga kebersamaan, dan menumbuhkan masa depan Petrokimia Gresik yang semakin gemilang.

#PetrokimiaGresik #HUT54PetrokimiaGresik #GrowingTheFuture #InsanPetro",kebersamaan adalah energi yang membuat perjalanan 54 tahun petrokimia gresik semakin bermakna dalam semangat hut ke54 petrokimia gresik menyampaikan terima kasih dan apresiasi setinggitingginya kepada skpg pika pg diving club pmcc touring pmcc trail pmcc gunung atas dukungan partisipasi serta semangat kebersamaan yang terus tumbuh dan memberi warna positif bagi lingkungan perusahaan melalui kolaborasi kreativitas dan kontribusi aktif dari setiap organisasi serta komunitas kita tidak hanya mempererat silaturahmi antarinsan petro tetapi juga bersamasama menumbuhkan budaya perusahaan yang solid positif dan penuh semangat mari terus bergerak bersama menjaga kebersamaan dan menumbuhkan masa depan petrokimia gresik yang semakin gemilang petrokimiagresik hut54petrokimiagresik growingthefuture insanpetro,positif,0.943,infrastruktur,0.0,0,0,2026-07-10,Petrokimia Gresik,sama energi buat jalan 54 tahun petrokimia gresik makin makna semangat hut ke54 petrokimia gresik sampai terima kasih apresiasi setinggitingginya skpg pika pg diving club pmcc touring pmcc trail pmcc gunung atas dukung partisipasi semangat sama terus tumbuh beri warna positif lingkung usaha lalu kolaborasi kreativitas kontribusi aktif organisasi komunitas erat silaturahmi antarinsan petro bersamasama tumbuh budaya usaha solid positif penuh semangat terus gerak sama jaga sama tumbuh masa depan petrokimia gresik makin gemilang petrokimiagresik hut54petrokimiagresik growingthefuture insanpetro
2075474866254545315,petrogresik,"Kolaborasi dan sinergi menjadi bagian penting dalam perjalanan Petrokimia Gresik untuk terus bertumbuh dan memberi manfaat bagi negeri. 🌱✨

Dalam momentum Hari Ulang Tahun ke-54, Petrokimia Gresik menyampaikan apresiasi dan terima kasih kepada seluruh keluarga besar Pupuk Indonesia Grup:
@pt.pupukindonesia @pupukkujang @pupukkaltim_id @pimkamibangga @pusripalembang @rekind_official @pi_niaga @pi_logistik @pipangan

Atas dukungan, kolaborasi, dan semangat kebersamaan yang senantiasa mengiringi langkah Petrokimia Gresik sebagai perusahaan solusi agroindustri.

Dengan semangat Growing The Future, kami berkomitmen untuk terus memperkuat sinergi, menghadirkan inovasi, serta bersama-sama mendukung ketahanan pangan nasional demi masa depan Indonesia yang lebih baik. 💚🌾

#PetrokimiaGresik #HUT54PetrokimiaGresik #GrowingTheFuture #PupukIndonesiaGrup #SolusiAgroindustri",kolaborasi dan sinergi menjadi bagian penting dalam perjalanan petrokimia gresik untuk terus bertumbuh dan memberi manfaat bagi negeri dalam momentum hari ulang tahun ke54 petrokimia gresik menyampaikan apresiasi dan terima kasih kepada seluruh keluarga besar pupuk indonesia grup pupukindonesia atas dukungan kolaborasi dan semangat kebersamaan yang senantiasa mengiringi langkah petrokimia gresik sebagai perusahaan solusi agroindustri dengan semangat growing the future kami berkomitmen untuk terus memperkuat sinergi menghadirkan inovasi serta bersamasama mendukung ketahanan pangan nasional demi masa depan indonesia yang lebih baik petrokimiagresik hut54petrokimiagresik growingthefuture pupukindonesiagrup solusiagroindustri,positif,0.755,infrastruktur,1.0,0,0,2026-07-10,Petrokimia Gresik,kolaborasi sinergi jadi bagi penting jalan petrokimia gresik terus tumbuh beri manfaat negeri momentum hari ulang tahun ke54 petrokimia gresik sampai apresiasi terima kasih seluruh keluarga besar pupuk indonesia grup pupukindonesia atas dukung kolaborasi semangat sama senantiasa iring langkah petrokimia gresik usaha solusi agroindustri semangat growing the future komitmen terus kuat sinergi hadir inovasi bersamasama dukung tahan pangan nasional masa depan indonesia lebih baik petrokimiagresik hut54petrokimiagresik growingthefuture pupukindonesiagrup solusiagroindustri
2075071714132918446,e100ss,"11.16: Exit Tol Manyar Gresik macet. Salim pendengar SS melaporkan, lalu lintas berhenti sekitar 30 menit. Antrean mencapai 2 km. (ss-tm)",1116 exit tol manyar gresik macet salim pendengar ss melaporkan lalu lintas berhenti sekitar 30 menit antrean mencapai 2 km sstm,netral,0.988,infrastruktur,0.0,0,0,2026-07-09,Manyar Gresik,1116 exit tol manyar gresik macet salim dengar ss lapor lalu lintas henti 30 menit antre capai 2 km sstm
2075290999652540464,hazanafa,"📢  MONGGO HADIR

📖 NGAJI RUTIN KITAB AL-MABADIUL FIQHIYYAH

🗓 Jum'at, 10 Juli 2026
🕰 Ba'da Maghrib
📍 Musholla Santri RT 2 RW 4 Indro, Kebomas, Gresik

👤 Pemateri: 
H. AHMAD ZAINI ALAWI, SE., MM.
Khodim Jama'ah Sarinyala Kabupaten Gresik

🎥 LIVE DI Facebook :
ZAINI ALAWI https://t.co/Oqu6AwRYHH",monggo hadir ngaji rutin kitab almabadiul fiqhiyyah jumat 10 juli 2026 bada maghrib musholla santri rt 2 rw 4 indro kebomas gresik pemateri h ahmad zaini alawi se mm khodim jamaah sarinyala kabupaten gresik live di facebook zaini alawi,netral,0.994,umum,1.0,0,0,2026-07-09,Kebomas Gresik,monggo hadir ngaji rutin kitab almabadiul fiqhiyyah jumat 10 juli 2026 bada maghrib musholla santri rt 2 rw 4 indro kebomas gresik materi h ahmad zaini alawi se mm khodim jamaah sarinyala kabupaten gresik live facebook zaini alawi
2075228884321374605,Putrianjelin2,"Jual portable toilet murah asesoris lengkap.
#harga pabrik siap bersaing
#pemesanan hubungi:
#BIOTOKKO
*Perum gading intan blok d1 no 15 driyorejo-gresik.
*Telp kantor:(031-99059250)
*WhatsApp:(08113252285 // 085732168569).
#toiletportable#wcportable https://t.co/yL3N1mZPGD",jual portable toilet murah asesoris lengkap harga pabrik siap bersaing pemesanan hubungi biotokko perum gading intan blok d1 no 15 driyorejogresik telp kantor03199059250 whatsapp08113252285 085732168569 toiletportablewcportable,netral,0.762,ekonomi,0.0,0,0,2026-07-09,Driyorejo Gresik,jual portable toilet murah asesoris lengkap harga pabrik siap saing mesan hubung biotokko perum gading intan blok d1 no 15 driyorejogresik telp kantor03199059250 whatsapp08113252285 085732168569 toiletportablewcportable
2075362291965739224,e100ss,"06.30: Info awal #kecelakaan di Duduksampeyan Gresik arah Ambeng Ambeng, dekat SPBU. Taufik pendengar SS melaporkan, ada korban perempuan tergeletak. Sudah ada Polisi di lokasi. Kronologi dan data lengkap belum diketahui. (ss-af)",0630 info awal kecelakaan di duduksampeyan gresik arah ambeng ambeng dekat spbu taufik pendengar ss melaporkan ada korban perempuan tergeletak sudah ada polisi di lokasi kronologi dan data lengkap belum diketahui ssaf,netral,0.998,umum,4.0,0,0,2026-07-09,Duduksampeyan Gresik,0630 info awal celaka duduksampeyan gresik arah ambeng ambeng dekat spbu taufik dengar ss lapor korban perempuan geletak polisi lokasi kronologi data lengkap tahu ssaf
2077947566369771606,credOLIN,"@mysukmana Iyaa, kawasan Gresik langit biru.",iyaa kawasan gresik langit biru,positif,0.944,umum,0.0,0,0,2026-07-17,Gresik,iyaa kawasan gresik langit biru
2077944460508569826,credOLIN,"@alfinrizalisme Ahhh terima kasihh.
Selamat pagii dari Gresik, Kak.",ahhh terima kasihh selamat pagii dari gresik kak,netral,0.749,umum,0.0,0,0,2026-07-17,Gresik,ahhh terima kasihh selamat pagi gresik kak
2077941227400634743,kabarbaikdotco,"Empat Pria  Madura Gelapkan Motor Warga Mengare Gresik, Tertangkap usai Dijebak
 https://t.co/ny5bSgdfMF

#kabarbaikdotco #menyapanusantara #gresik #viral #newsupdate https://t.co/Cezgm7q0EY",empat pria madura gelapkan motor warga mengare gresik tertangkap usai dijebak kabarbaikdotco menyapanusantara gresik viral newsupdate,netral,0.993,umum,0.0,0,0,2026-07-17,Gresik,empat pria madura gelap motor warga are gresik tangkap usai jebak kabarbaikdotco menyapanusantara gresik viral newsupdate
2077940757336559805,kabarbaikdotco,"2 Ular Piton Jumbo Muncul saat Tengah Malam di Kompleks Ponpes Qomaruddin Gresik, Damkar Evakuasi
 https://t.co/gJTquNfxzy

#kabarbaikdotco #menyapanusantara #gresik #viral #newsupdate https://t.co/ggfCwpFDAy",2 ular piton jumbo muncul saat tengah malam di kompleks ponpes qomaruddin gresik damkar evakuasi kabarbaikdotco menyapanusantara gresik viral newsupdate,netral,0.996,umum,0.0,0,0,2026-07-17,Gresik,2 ular piton jumbo muncul tengah malam kompleks ponpes qomaruddin gresik damkar evakuasi kabarbaikdotco menyapanusantara gresik viral newsupdate
2077939682386817059,tantrumka,"@chageeun wardah colorfit perfect glow cushion - shade 32N

dijual karna ini barang seserahan tp salah shade.

(-)dus aja, isi masih segel + puff nya masih new

🍊 bisa oren (exc adm 15%)
📍dom gresik
💸 50k / nego sampe jadiii
#zonauang #zonajajan https://t.co/37H3KCcfjS",wardah colorfit perfect glow cushion shade 32n dijual karna ini barang seserahan tp salah shade dus aja isi masih segel puff nya masih new bisa oren exc adm 15 dom gresik 50k nego sampe jadiii zonauang zonajajan,netral,0.926,umum,0.0,0,0,2026-07-17,Gresik,wardah colorfit perfect glow cushion shade 32n jual karna barang serah salah shade dus isi segel puff nya new oren exc adm 15 dom gresik 50k nego sampe jadiii zonauang zonajajan
2077939354862010702,tantrumka,"@urrpretwiess wardah colorfit perfect glow cushion - shade 32N

dijual karna ini barang seserahan tp salah shade.

(-)dus aja, isi masih segel + puff nya masih new

🍊 bisa oren (exc adm 15%)
📍dom gresik
💸 50k / nego sampe jadiii
#zonauang #zonajajan https://t.co/i2iPzQJlNA",wardah colorfit perfect glow cushion shade 32n dijual karna ini barang seserahan tp salah shade dus aja isi masih segel puff nya masih new bisa oren exc adm 15 dom gresik 50k nego sampe jadiii zonauang zonajajan,netral,0.926,umum,0.0,0,0,2026-07-17,Gresik,wardah colorfit perfect glow cushion shade 32n jual karna barang serah salah shade dus isi segel puff nya new oren exc adm 15 dom gresik 50k nego sampe jadiii zonauang zonajajan
2077933030321389826,credOLIN,@gistaraamala Dapat dalam dari Gresik.,dapat dalam dari gresik,netral,0.509,umum,1.0,1,0,2026-07-17,Gresik,gresik
2077926974652301678,HumasGresik,"Kapolres Gresik, AKBP Ramadhan Nasution, S.I.K., M.H., https://t.co/TrjSzGjtCh., menerima piagam penghargaan dari PT PLN (Persero) UID Jawa Timur atas keberhasilan jajaran Satreskrim Polres Gresik dalam mengungkap kasus pencurian kabel PLN.

#PolresGresik #PLNPeduli #PoldaJatim https://t.co/EieyffyjvR",kapolres gresik akbp ramadhan nasution sik mh menerima piagam penghargaan dari pt pln persero uid jawa timur atas keberhasilan jajaran satreskrim polres gresik dalam mengungkap kasus pencurian kabel pln polresgresik plnpeduli poldajatim,netral,0.998,ekonomi,0.0,1,0,2026-07-17,Gresik,kapolres gresik akbp ramadhan nasution sik mh terima piagam harga pt pln persero uid jawa timur atas hasil jajar satreskrim polres gresik ungkap kasus curi kabel pln polresgresik plnpeduli poldajatim
2077926251449483387,HumasGresik,"Bersama slogan ""Jogo Gresik"", mari kita bersama-sama menjaga kamtibmas yang aman, damai, dan kondusif! 📷📷",bersama slogan jogo gresik mari kita bersamasama menjaga kamtibmas yang aman damai dan kondusif,positif,0.837,umum,0.0,0,0,2026-07-17,Gresik,sama slogan jogo gresik bersamasama jaga kamtibmas aman damai kondusif
2077926205609910743,HumasGresik,"Penghargaan ini menjadi motivasi besar bagi seluruh jajaran Polres Gresik untuk terus meningkatkan kinerja, melindungi aset negara, dan menjaga stabilitas pelayanan listrik bagi masyarakat.",penghargaan ini menjadi motivasi besar bagi seluruh jajaran polres gresik untuk terus meningkatkan kinerja melindungi aset negara dan menjaga stabilitas pelayanan listrik bagi masyarakat,netral,0.878,ekonomi,0.0,1,0,2026-07-17,Gresik,harga jadi motivasi besar seluruh jajar polres gresik terus tingkat kerja lindung aset negara jaga stabilitas layan listrik masyarakat
2077926134029914484,HumasGresik,"Polres Gresik menerima penghargaan dari PT PLN (Persero) UID Jawa Timur atas dedikasi dan gerak cepat Satreskrim Polres Gresik dalam mengungkap kasus pencurian kabel PLN.

#PolresGresik #JogoGresik #PoldaJatim #PLNUIDJawaTimur #SinergiTanpaBatas https://t.co/x05Kd8RDFp",polres gresik menerima penghargaan dari pt pln persero uid jawa timur atas dedikasi dan gerak cepat satreskrim polres gresik dalam mengungkap kasus pencurian kabel pln polresgresik jogogresik poldajatim plnuidjawatimur sinergitanpabatas,netral,0.996,ekonomi,0.0,1,0,2026-07-17,Gresik,polres gresik terima harga pt pln persero uid jawa timur atas dedikasi gerak cepat satreskrim polres gresik ungkap kasus curi kabel pln polresgresik jogogresik poldajatim plnuidjawatimur sinergitanpabatas
2077925714721120597,shakiraamanda78,Pengecekan tanaman tomat di Ds Lasem Kec Sidayu Kab. Gresik https://t.co/QFYsrSDsGW,pengecekan tanaman tomat di ds lasem kec sidayu kab gresik,netral,0.995,umum,0.0,0,0,2026-07-17,Gresik,kece tanam tomat ds lasem kec sidayu kab gresik
2077924484645048527,DoruyDx,"@motherlander Sunan Gresik awalnya dari Samarkand, Uzbek",sunan gresik awalnya dari samarkand uzbek,netral,0.996,umum,0.0,0,0,2026-07-17,Gresik,sunan gresik awal samarkand uzbek
2077922952314769758,jessicathayyaaa,@Brahim_maldini sini ke gresik,sini ke gresik,netral,0.59,umum,1.0,0,0,2026-07-17,Gresik,sini gresik
2077922366894768209,jessicathayyaaa,@SeekHustle ini khusus di gresik capt,ini khusus di gresik capt,netral,0.988,umum,0.0,0,0,2026-07-17,Gresik,khusus gresik capt
2077919911066959940,Ilyasfurqon3,"Pengecekan tanaman tomat di Ds Lasem Kec Sidayu Kab. Gresik untuk mendukung program ketahanan pangan

#astacita 
#swasembadapangan 
#ketahananpangan #ketahananpanganpoldajatim 
#ssdmpolri 
#divhumaspolri 
#birosdmpoldajatim 
#bidhumaspoldajatim 
#polresgresik 
#gresik https://t.co/n5eNe1Yrvx",pengecekan tanaman tomat di ds lasem kec sidayu kab gresik untuk mendukung program ketahanan pangan astacita swasembadapangan ketahananpangan ketahananpanganpoldajatim ssdmpolri divhumaspolri birosdmpoldajatim bidhumaspoldajatim polresgresik gresik,netral,0.995,umum,0.0,0,0,2026-07-17,Gresik,kece tanam tomat ds lasem kec sidayu kab gresik dukung program tahan pangan astacita swasembadapangan ketahananpangan ketahananpanganpoldajatim ssdmpolri divhumaspolri birosdmpoldajatim bidhumaspoldajatim polresgresik gresik
2077919760587874650,jessicathayyaaa,@fpwmzl_ kalau ini mie ayam gresik ya,kalau ini mie ayam gresik ya,netral,0.544,umum,0.0,0,0,2026-07-17,Gresik,kalau mie ayam gresik
2076963734715814103,Lintasperkoro,"Aliansi Lembaga Swadaya Masyarakat (LSM) mendesak aparat Kepolisian untuk menangkap dan memproses hukum Kasan. Kasan disebut-sebut sebagai penambang galian c di area pabrik PT Bahagia Steel (BHS) di Kabupaten Gresik
https://t.co/Ek6FsnIFZP",aliansi lembaga swadaya masyarakat lsm mendesak aparat kepolisian untuk menangkap dan memproses hukum kasan kasan disebutsebut sebagai penambang galian c di area pabrik pt bahagia steel bhs di kabupaten gresik,netral,0.997,industri,0.0,0,0,2026-07-14,Kabupaten Gresik,aliansi lembaga swadaya masyarakat lsm desak aparat polisi tangkap proses hukum kas kas disebutsebut tambang gali c area pabrik pt bahagia steel bhs kabupaten gresik
2076619074105491588,HumasGresik,"""Memastikan keamanan dan kelancaran hari pertama masuk sekolah dan Masa Pengenalan Lingkungan Sekolah (MPLS) di Kabupaten Gresik. Kapolres Gresik, AKBP Ramadhan Nasution, S.I.K., M.H., https://t.co/TrjSzGjtCh., 

#PolresGresik #MPLS #HariPertamaSekolah https://t.co/BSabmCjqBE",memastikan keamanan dan kelancaran hari pertama masuk sekolah dan masa pengenalan lingkungan sekolah mpls di kabupaten gresik kapolres gresik akbp ramadhan nasution sik mh polresgresik mpls haripertamasekolah,netral,0.926,pendidikan,0.0,1,0,2026-07-13,Kabupaten Gresik,pasti aman lancar hari pertama masuk sekolah masa kenal lingkung sekolah mpls kabupaten gresik kapolres gresik akbp ramadhan nasution sik mh polresgresik mpls haripertamasekolah
2075434748277936370,PDI_Perjuangan,"Bupati Gresik, Fandi Akhmad Yani menyalurkan bantuan sosial kepada 1.177 petani yang mengalami gagal panen (puso) akibat kekeringan sebagai upaya meringankan beban petani terdampak bencana pada musim kemarau.

""Bantuan ini kami salurkan sebagai bentuk kehadiran pemerintah bagi masyarakat terdampak kekeringan. Mudah-mudahan dapat membantu meringankan beban para petani,"" kata Bupati Fandi Akhmad Yani, saat penyerahan bantuan di Pendopo Kecamatan Cerme, Rabu (8/7/2026).

Pemkab Gresik berkomitmen memperkuat mitigasi jangka panjang seperti normalisasi embung demi kesejahteraan petani.

#PDIPerjuangan
#MenangkanRakyat
#SatyamEvaJayate
#KebenaranPastiMenang
#SolidBerderap",bupati gresik fandi akhmad yani menyalurkan bantuan sosial kepada 1177 petani yang mengalami gagal panen puso akibat kekeringan sebagai upaya meringankan beban petani terdampak bencana pada musim kemarau bantuan ini kami salurkan sebagai bentuk kehadiran pemerintah bagi masyarakat terdampak kekeringan mudahmudahan dapat membantu meringankan beban para petani kata bupati fandi akhmad yani saat penyerahan bantuan di pendopo kecamatan cerme rabu 872026 pemkab gresik berkomitmen memperkuat mitigasi jangka panjang seperti normalisasi embung demi kesejahteraan petani pdiperjuangan menangkanrakyat satyamevajayate kebenaranpastimenang solidberderap,netral,0.793,bencana,11.0,1,3,2026-07-10,Pemkab Gresik,bupati gresik fandi akhmad yani salur bantu sosial 1177 tani alami gagal panen puso akibat kering upaya ringan beban tani dampak bencana musim kemarau bantu salur bentuk hadir perintah masyarakat dampak kering mudahmudahan bantu ringan beban tani kata bupati fandi akhmad yani serah bantu pendopo camat cerme rabu 872026 pemkab gresik komitmen kuat mitigasi jangka panjang normalisasi embung sejahtera tani pdiperjuangan menangkanrakyat satyamevajayate kebenaranpastimenang solidberderap
2075590009210425624,jooyeonest,"want to sell - wts

• aab jooyeon xdinary heroes photocard (overload, overture, shopee thai, deadlock, livelock, btb, troubleshooting, etc)
• min. take 2 pcs
• beli 7⬆️ dapet diskon

📍gresik, jawa timur
❌️ adm. 🍊 ( splitpay ✅️)

t. xdiz pc pob xh 엑디즈 양도 포카 https://t.co/ooPMrZRriU",want to sell wts aab jooyeon xdinary heroes photocard overload overture shopee thai deadlock livelock btb troubleshooting etc min take 2 pcs beli 7 dapet diskon gresik jawa timur adm splitpay t xdiz pc pob xh 엑디즈 양도 포카,netral,0.993,umum,25.0,9,20,2026-07-10,Gresik Jawa Timur,want to sell wts aab jooyeon xdinary heroes photocard overload overture shopee thai deadlock livelock btb troubleshooting etc min take 2 pcs beli 7 dapet diskon gresik jawa timur adm splitpay t xdiz pc pob xh   
2075554524341657778,gkasalbacot,"Selamat malam, maaf mengganggu. 
Kelurahan Sidomoro Kabupaten Gresik Jawa Timur mati listriknya, tolong SEGERA dinyalakan!!! 
Anak kami nangis kejer....!!!
Selama ini kami TIDAK pernah nunggak pembayaran ya broo !!!
Tp ini tiba² anda padamkan tanpa pemberitahuan...!!!
@pln_123",selamat malam maaf mengganggu kelurahan sidomoro kabupaten gresik jawa timur mati listriknya tolong segera dinyalakan anak kami nangis kejer selama ini kami tidak pernah nunggak pembayaran ya broo tp ini tiba² anda padamkan tanpa pemberitahuan,negatif,0.993,infrastruktur,0.0,1,0,2026-07-10,Gresik Jawa Timur,selamat malam maaf ganggu lurah sidomoro kabupaten gresik jawa timur mati listrik segera nyala anak nang kejer lama pernah nunggak bayar broo tiba padam pemberitahuan
2075554412366577900,gkasalbacot,"Selamat malam, maaf mengganggu. 
Kelurahan Sidomoro Kabupaten Gresik Jawa Timur mati listriknya, tolong SEGERA dinyalakan!!! 
Anak kami nangis kejer...!!!!
Selama ini kami TIDAK pernah nunggak pembayaran ya broo !!!!! 
Tp ini tiba² anda padamkan tanpa pemberitahuan...!!
@pln_123",selamat malam maaf mengganggu kelurahan sidomoro kabupaten gresik jawa timur mati listriknya tolong segera dinyalakan anak kami nangis kejer selama ini kami tidak pernah nunggak pembayaran ya broo tp ini tiba² anda padamkan tanpa pemberitahuan,negatif,0.993,infrastruktur,0.0,1,0,2026-07-10,Gresik Jawa Timur,selamat malam maaf ganggu lurah sidomoro kabupaten gresik jawa timur mati listrik segera nyala anak nang kejer lama pernah nunggak bayar broo tiba padam pemberitahuan
2075554124368920909,gkasalbacot,"@pln_123 @sugarssyy Selamat malam, maaf mengganggu. 
Kelurahan Sidomoro Kabupaten Gresik Jawa Timur mati listriknya, tolong SEGERA dinyalakan!!! 
Anak kami nangis kejer....!!!!! 
Selama ini kami TIDAK pernah nunggak pembayaran ya broo !!!!! 
Tp ini tiba² anda padamkan tanpa pemberitahuan...!!!!!",selamat malam maaf mengganggu kelurahan sidomoro kabupaten gresik jawa timur mati listriknya tolong segera dinyalakan anak kami nangis kejer selama ini kami tidak pernah nunggak pembayaran ya broo tp ini tiba² anda padamkan tanpa pemberitahuan,negatif,0.993,infrastruktur,0.0,1,0,2026-07-10,Gresik Jawa Timur,selamat malam maaf ganggu lurah sidomoro kabupaten gresik jawa timur mati listrik segera nyala anak nang kejer lama pernah nunggak bayar broo tiba padam pemberitahuan
2075554076679631118,gkasalbacot,"@pln_123 @svngjeans Selamat malam, maaf mengganggu. 
Kelurahan Sidomoro Kabupaten Gresik Jawa Timur mati listriknya, tolong SEGERA dinyalakan!!! 
Anak kami nangis kejer....!!!!! 
Selama ini kami TIDAK pernah nunggak pembayaran ya broo !!!!! 
Tp ini tiba² anda padamkan tanpa pemberitahuan...!!!!!",selamat malam maaf mengganggu kelurahan sidomoro kabupaten gresik jawa timur mati listriknya tolong segera dinyalakan anak kami nangis kejer selama ini kami tidak pernah nunggak pembayaran ya broo tp ini tiba² anda padamkan tanpa pemberitahuan,negatif,0.993,infrastruktur,0.0,1,0,2026-07-10,Gresik Jawa Timur,selamat malam maaf ganggu lurah sidomoro kabupaten gresik jawa timur mati listrik segera nyala anak nang kejer lama pernah nunggak bayar broo tiba padam pemberitahuan
2075533435754750401,herimawanmf,"@savetiar_ragazi @koganenohikari Kalau saya jadi bupati gresik atau pasuruan, malah akan ambil inisiatif untuk mulai gerilya agar bisa dibangun bandara pengganti di wilayah itu mas. Entah itu mulai nyari2 lokasi yg bisa diusulkan sampai ke lobi instansi lain 😁 bayangkan berapa besar keuntungan ekonominya 😘",kalau saya jadi bupati gresik atau pasuruan malah akan ambil inisiatif untuk mulai gerilya agar bisa dibangun bandara pengganti di wilayah itu mas entah itu mulai nyari2 lokasi yg bisa diusulkan sampai ke lobi instansi lain bayangkan berapa besar keuntungan ekonominya,negatif,0.698,pemerintahan,0.0,0,0,2026-07-10,Bupati Gresik,kalau jadi bupati gresik pasuruan malah ambil inisiatif mulai gerilya bangun bandara ganti wilayah mas entah mulai nyari2 lokasi usul lobi instansi bayang berapa besar untung ekonomi
2075460013758296246,petrogresik,"Perjalanan 54 tahun Petrokimia Gresik menjadi semakin bermakna berkat dukungan dan sinergi dari berbagai pihak. ✨

Dalam momentum Hari Ulang Tahun ke-54, Petrokimia Gresik menyampaikan apresiasi dan terima kasih yang sebesar-besarnya kepada:

* Gubernur Jawa Timur
* Ketua DPRD Provinsi Jawa Timur
* Kepala Kepolisian Daerah Jawa Timur
* Kepala Kejaksaan Tinggi Jawa Timur
* Ketua Pengadilan Tinggi Agama Surabaya
* Panglima Komando Armada II
* Komandan Resor Militer 084/Bhaskara Jaya
* Bupati Gresik
* Ketua DPRD Kabupaten Gresik
* Komandan Distrik Militer Gresik
* Kepala Kepolisian Resor Gresik
* Ketua Pengadilan Agama Gresik
* Kepala Kejaksaan Negeri Gresik
* Ketua Pengadilan Negeri Gresik

atas perhatian, dukungan, serta kolaborasi yang selama ini terjalin dalam mendukung langkah Petrokimia Gresik sebagai perusahaan solusi agroindustri.

Sinergi tersebut menjadi energi penting bagi kami untuk terus tumbuh, menghadirkan manfaat, serta berkontribusi bagi kemajuan daerah, masyarakat, dan ketahanan pangan.

#PetrokimiaGresik #HUT54PetrokimiaGresik #GrowingTheFuture #SolusiAgroindustri",perjalanan 54 tahun petrokimia gresik menjadi semakin bermakna berkat dukungan dan sinergi dari berbagai pihak dalam momentum hari ulang tahun ke54 petrokimia gresik menyampaikan apresiasi dan terima kasih yang sebesarbesarnya kepada gubernur jawa timur ketua dprd provinsi jawa timur kepala kepolisian daerah jawa timur kepala kejaksaan tinggi jawa timur ketua pengadilan tinggi agama surabaya panglima komando armada ii komandan resor militer 084bhaskara jaya bupati gresik ketua dprd kabupaten gresik komandan distrik militer gresik kepala kepolisian resor gresik ketua pengadilan agama gresik kepala kejaksaan negeri gresik ketua pengadilan negeri gresik atas perhatian dukungan serta kolaborasi yang selama ini terjalin dalam mendukung langkah petrokimia gresik sebagai perusahaan solusi agroindustri sinergi tersebut menjadi energi penting bagi kami untuk terus tumbuh menghadirkan manfaat serta berkontribusi bagi kemajuan daerah masyarakat dan ketahanan pangan petrokimiagresik hut54petrokimiagresik growingthefuture solusiagroindustri,netral,0.891,pemerintahan,0.0,0,0,2026-07-10,Bupati Gresik,jalan 54 tahun petrokimia gresik jadi makin makna berkat dukung sinergi bagai pihak momentum hari ulang tahun ke54 petrokimia gresik sampai apresiasi terima kasih sebesarbesarnya gubernur jawa timur ketua dprd provinsi jawa timur kepala polisi daerah jawa timur kepala jaksa tinggi jawa timur ketua adil tinggi agama surabaya panglima komando armada ii komandan resor militer 084bhaskara jaya bupati gresik ketua dprd kabupaten gresik komandan distrik militer gresik kepala polisi resor gresik ketua adil agama gresik kepala jaksa negeri gresik ketua adil negeri gresik atas perhati dukung kolaborasi lama jalin dukung langkah petrokimia gresik usaha solusi agroindustri sinergi sebut jadi energi penting terus tumbuh hadir manfaat kontribusi maju daerah masyarakat tahan pangan petrokimiagresik hut54petrokimiagresik growingthefuture solusiagroindustri
2077696488310981016,lampiran_id,"Ungkap Pencurian Kabel, Polres Gresik Raih Penghargaan Tertinggi PLN
https://t.co/rG6ILSeIlg",ungkap pencurian kabel polres gresik raih penghargaan tertinggi pln,netral,0.99,ekonomi,0.0,0,0,2026-07-16,Polres Gresik,ungkap curi kabel polres gresik raih harga tinggi pln
2077686779038372338,lantasresgresik,Kanit Kamsel bersama Anggota Satlantas Polres Gresik melaksanakan Sosialisasi Safety Riding kepada staf dan karyawan PT Gloster Furniture guna meningkatkan kesadaran serta kepatuhan terhadap peraturan lalu lintas. https://t.co/0MGy9po3vw,kanit kamsel bersama anggota satlantas polres gresik melaksanakan sosialisasi safety riding kepada staf dan karyawan pt gloster furniture guna meningkatkan kesadaran serta kepatuhan terhadap peraturan lalu lintas,netral,0.997,umum,0.0,0,0,2026-07-16,Polres Gresik,kanit kamsel sama anggota satlantas polres gresik laksana sosialisasi safety riding staf karyawan pt gloster furniture tingkat sadar patuh atur lalu lintas
2077686460229316713,lantasresgresik,Kanit Kamsel bersama Anggota Satlantas Polres Gresik melaksanakan sosialisasi keselamatan berlalu lintas dan pengenalan rambu-rambu lalu lintas kepada para siswa-siswi SLB Kemala Bhayangkari Randuagung Gresik. https://t.co/VWSwrwyoQp,kanit kamsel bersama anggota satlantas polres gresik melaksanakan sosialisasi keselamatan berlalu lintas dan pengenalan ramburambu lalu lintas kepada para siswasiswi slb kemala bhayangkari randuagung gresik,netral,0.997,umum,0.0,0,0,2026-07-16,Polres Gresik,kanit kamsel sama anggota satlantas polres gresik laksana sosialisasi selamat lalu lintas kenal ramburambu lalu lintas siswasiswi slb kemala bhayangkari randuagung gresik
2077379599030427823,lantasresgresik,Satlantas Polres Gresik melaksanakan pengamanan dan pengawalan arus lalu lintas dalam rangka kunjungan kerja Menteri Lingkungan Hidup di SMA Negeri 1 Gresik. https://t.co/xXKItOwcsz,satlantas polres gresik melaksanakan pengamanan dan pengawalan arus lalu lintas dalam rangka kunjungan kerja menteri lingkungan hidup di sma negeri 1 gresik,netral,0.998,pendidikan,0.0,0,0,2026-07-15,Polres Gresik,satlantas polres gresik laksana aman awal arus lalu lintas rangka kunjung kerja menteri lingkung hidup sma negeri 1 gresik
2077379146116997269,lantasresgresik,Kanit Kamsel bersama Anggota Satlantas Polres Gresik melaksanakan pemasangan banner billboard imbauan larangan melawan arus di titik-titik rawan pelanggaran dan kecelakaan. https://t.co/oSE4w0EvBK,kanit kamsel bersama anggota satlantas polres gresik melaksanakan pemasangan banner billboard imbauan larangan melawan arus di titiktitik rawan pelanggaran dan kecelakaan,netral,0.987,umum,0.0,0,0,2026-07-15,Polres Gresik,kanit kamsel sama anggota satlantas polres gresik laksana pasang banner billboard imbau larang lawan arus titiktitik rawan langgar celaka
2077358400267276667,supriyanto86263,@bukan_fufufafa_ Masya Alloh semoga sehat selalu dan panjang umur yang barokhah serta dimudahkan Rezeqinya buat anggota Satlantas polres Gresik nya 🤲🤲🤲♥️♥️,masya alloh semoga sehat selalu dan panjang umur yang barokhah serta dimudahkan rezeqinya buat anggota satlantas polres gresik nya,positif,0.975,umum,0.0,0,0,2026-07-15,Polres Gresik,masya alloh moga sehat selalu panjang umur barokhah mudah rezeqinya buat anggota satlantas polres gresik nya
2077276258464043056,3Humas,"Personel Satlantas Polres Gresik Polda Jatim melakukan pengawalan darurat terhadap mobil yang membawa seorang wanita hendak melahirkan, Sabtu malam (11/7). Saat patroli di Jalan Dr. Wahidin, Gresik, Aipda Bambang S dan Aipda Enrou Amalex mendapat permintaan bantuan dari pengemudi https://t.co/EPJYwmh4zO",personel satlantas polres gresik polda jatim melakukan pengawalan darurat terhadap mobil yang membawa seorang wanita hendak melahirkan sabtu malam 117 saat patroli di jalan dr wahidin gresik aipda bambang s dan aipda enrou amalex mendapat permintaan bantuan dari pengemudi,netral,0.998,infrastruktur,1.0,0,0,2026-07-15,Polres Gresik,personel satlantas polres gresik polda jatim laku awal darurat mobil bawa orang wanita hendak lahir sabtu malam 117 patroli jalan wahidin gresik aipda bambang s aipda enrou amalex dapat minta bantu kemudi
2077276111185326542,3Humas,"Personel Satlantas Polres Gresik Polda Jatim memberikan pengawalan darurat terhadap mobil yang membawa seorang ibu hendak melahirkan, Sabtu malam (11/7). Saat melaksanakan patroli di Jalan Dr. Wahidin, Gresik, Aipda Bambang S dan Aipda Enrou Amalex menerima permintaan bantuan https://t.co/RlF0yKdeVi",personel satlantas polres gresik polda jatim memberikan pengawalan darurat terhadap mobil yang membawa seorang ibu hendak melahirkan sabtu malam 117 saat melaksanakan patroli di jalan dr wahidin gresik aipda bambang s dan aipda enrou amalex menerima permintaan bantuan,netral,0.998,infrastruktur,1.0,0,0,2026-07-15,Polres Gresik,personel satlantas polres gresik polda jatim beri awal darurat mobil bawa orang ibu hendak lahir sabtu malam 117 laksana patroli jalan wahidin gresik aipda bambang s aipda enrou amalex terima minta bantu
2077253885027287087,HumasGresik,"jajaran Polres Gresik berkomitmen melanjutkan estafet pengabdian demi mewujudkan Polri yang Presisi.
""Purna Bhakti Bukan Akhir Pengabdian.""",jajaran polres gresik berkomitmen melanjutkan estafet pengabdian demi mewujudkan polri yang presisi purna bhakti bukan akhir pengabdian,netral,0.994,umum,0.0,0,0,2026-07-15,Polres Gresik,jajar polres gresik komitmen lanjut estafet abdi wujud polri presisi purna bhakti bukan akhir abdi
2077253734359556392,HumasGresik,"Polres Gresik menghadiri Tasyakuran Hari Ulang Tahun Persatuan Keluarga Besar Purnawirawan Polri (PP Polri) ke-27 Cabang Gresik.

#PolresGresik #PPPolri #HUTPPPolri27 #PolriPresisi #PurnawirawanPolri https://t.co/LCPFB18GkA",polres gresik menghadiri tasyakuran hari ulang tahun persatuan keluarga besar purnawirawan polri pp polri ke27 cabang gresik polresgresik pppolri hutpppolri27 polripresisi purnawirawanpolri,netral,0.997,umum,0.0,1,0,2026-07-15,Polres Gresik,polres gresik hadir tasyakur hari ulang tahun satu keluarga besar purnawirawan polri pp polri ke27 cabang gresik polresgresik pppolri hutpppolri27 polripresisi purnawirawanpolri
2077204419771580738,kabarbaikdotco,"Jajaran Polres Gresik terus memperkuat komitmen sinergitas bersama jajaran TNI. Langkah nyata ini ditunjukkan lewat kunjungan silaturahmi yang dipimpin langsung oleh Kapolres Gresik AKBP Ramadhan Nasution ke Makodim 0817/Gresik, Selasa (14/7).
 https://t.co/0cqigZeMCR",jajaran polres gresik terus memperkuat komitmen sinergitas bersama jajaran tni langkah nyata ini ditunjukkan lewat kunjungan silaturahmi yang dipimpin langsung oleh kapolres gresik akbp ramadhan nasution ke makodim 0817gresik selasa 147,netral,0.994,umum,0.0,0,0,2026-07-15,Polres Gresik,jajar polres gresik terus kuat komitmen sinergitas sama jajar tni langkah nyata tunjuk lewat kunjung silaturahmi pimpin langsung kapolres gresik akbp ramadhan nasution makodim 0817gresik selasa 147
2077161255274725413,Indonesia_Truth,"Aksi cepat menyelamatkan nyawa. 🚓❤️
Personel Satlantas Polres Gresik sigap mengawal kendaraan yang membawa ibu hamil dalam kondisi darurat menuju RSUD Ibnu Sina. Berkat respons cepat dan koordinasi yang baik, ibu dan bayi berhasil selamat. 

Final Piala Dunia Spanyol Yamal https://t.co/WL94yviEQK",aksi cepat menyelamatkan nyawa personel satlantas polres gresik sigap mengawal kendaraan yang membawa ibu hamil dalam kondisi darurat menuju rsud ibnu sina berkat respons cepat dan koordinasi yang baik ibu dan bayi berhasil selamat final piala dunia spanyol yamal,netral,0.981,pemerintahan,0.0,0,0,2026-07-14,Polres Gresik,aksi cepat selamat nyawa personel satlantas polres gresik sigap awal kendara bawa ibu hamil kondisi darurat tuju rsud ibnu sina berkat respons cepat koordinasi baik ibu bayi hasil selamat final piala dunia spanyol yamal
2076995206591791137,lantasresgresik,Anggota Satlantas Polres Gresik melaksanakan penindakan terhadap pengemudi truk yang melanggar ketentuan dengan memasuki jalur dalam kota. https://t.co/fI73y6ry4Y,anggota satlantas polres gresik melaksanakan penindakan terhadap pengemudi truk yang melanggar ketentuan dengan memasuki jalur dalam kota,netral,0.996,umum,1.0,0,0,2026-07-14,Polres Gresik,anggota satlantas polres gresik laksana tindak kemudi truk langgar tentu pasuk jalur kota
2076994990576996815,lantasresgresik,"Hari ini, anggota Unit Turjagwali Satlantas Polres Gresik menemukan seorang siswa UPT SDN 29 Randuagung Kebomas yang tersesat di sekitar Pos Lantas GKB saat hendak pulang ke rumah. https://t.co/RUy6YzK3LT",hari ini anggota unit turjagwali satlantas polres gresik menemukan seorang siswa upt sdn 29 randuagung kebomas yang tersesat di sekitar pos lantas gkb saat hendak pulang ke rumah,netral,0.997,umum,1.0,0,0,2026-07-14,Polres Gresik,hari anggota unit turjagwali satlantas polres gresik temu orang siswa upt sdn 29 randuagung kebomas sesat pos lantas gkb hendak pulang rumah
2076972086892040655,bukan_fufufafa_,"anggota Satlantas Polres Gresik (Dali 09) menerima permintaan bantuan pengawalan dari sebuah kendaraan yang membawa ibu yang akan melahirkan.

Tanpa menunggu lama, petugas mengawal hingga tiba di RS Ibnu Sina Gresik dan memastikan ibu segera mendapat penanganan medis. https://t.co/acjflBEWQp",anggota satlantas polres gresik dali 09 menerima permintaan bantuan pengawalan dari sebuah kendaraan yang membawa ibu yang akan melahirkan tanpa menunggu lama petugas mengawal hingga tiba di rs ibnu sina gresik dan memastikan ibu segera mendapat penanganan medis,netral,0.993,umum,4.0,1,0,2026-07-14,Polres Gresik,anggota satlantas polres gresik dal 09 terima minta bantu awal buah kendara bawa ibu lahir tunggu lama tugas awal hingga tiba rs ibnu sina gresik pasti ibu segera dapat tangan medis
2076584147569799448,pusripalembang,"Terus melangkah bersama, memperkuat sinergi, dan menghadirkan manfaat bagi masyarakat Indonesia.

Sukses selalu untuk PT Petrokimia Gresik.

#PetrokimiaGresik54 #HUT54PetrokimiaGresik #PupukIndonesiaGroup #PusriTerbaik",terus melangkah bersama memperkuat sinergi dan menghadirkan manfaat bagi masyarakat indonesia sukses selalu untuk pt petrokimia gresik petrokimiagresik54 hut54petrokimiagresik pupukindonesiagroup pusriterbaik,netral,0.647,industri,0.0,0,0,2026-07-13,Petrokimia Gresik,terus lang sama kuat sinergi hadir manfaat masyarakat indonesia sukses selalu pt petrokimia gresik petrokimiagresik54 hut54petrokimiagresik pupukindonesiagroup pusriterbaik
2076584101436604787,pusripalembang,"Selamat Ulang Tahun ke-54 @petrokimiagresik_official

Semoga di usia ke-54, PT Petrokimia Gresik senantiasa tumbuh semakin maju, inovatif, dan berkelanjutan dalam mendukung ketahanan pangan nasional serta memberikan kontribusi terbaik bagi negeri. https://t.co/PbrQHOJwih",selamat ulang tahun ke54 semoga di usia ke54 pt petrokimia gresik senantiasa tumbuh semakin maju inovatif dan berkelanjutan dalam mendukung ketahanan pangan nasional serta memberikan kontribusi terbaik bagi negeri,positif,0.908,industri,0.0,1,0,2026-07-13,Petrokimia Gresik,selamat ulang tahun ke54 moga usia ke54 pt petrokimia gresik senantiasa tumbuh makin maju inovatif lanjut dukung tahan pangan nasional beri kontribusi baik negeri
2076559351301767410,Korem084Bj,"Awali Pekan dengan Energi Positif, Danrem Pastikan Kesiapan Terbaik Sambut Gadik Rise Program PT Petrokimia Gresik

Surabaya – Danrem 084/BJ saat mengawali pekan dengan melaksanakan olahraga bersama Kasrem, para PJU, prajurit, dan ASN Korem 084/BJ di Makorem, Senin (13/07/2026). https://t.co/bJ0MN47mwf",awali pekan dengan energi positif danrem pastikan kesiapan terbaik sambut gadik rise program pt petrokimia gresik surabaya danrem 084bj saat mengawali pekan dengan melaksanakan olahraga bersama kasrem para pju prajurit dan asn korem 084bj di makorem senin 13072026,netral,0.965,industri,6.0,1,0,2026-07-13,Petrokimia Gresik,awal pekan energi positif danrem pasti kesiap baik sambut gadik rise program pt petrokimia gresik surabaya danrem 084bj awal pekan laksana olahraga sama kasrem pju prajurit asn korem 084bj makorem senin 13072026
2077209678413742260,KangManto123,GA MASUK AKAL...👽👽 https://t.co/3qWEUruMNV,ga masuk akal,positif,0.996,umum,235.0,253,67,2026-07-15,Semen Indonesia,masuk akal
2075509169566974251,Auzty,@Max_zhuu1 kakaknya semen indonesia? kok membangun negeri :(,kakaknya semen indonesia kok membangun negeri,negatif,0.962,industri,0.0,0,0,2026-07-10,Semen Indonesia,kakak semen indonesia kok bangun negeri
2075569542445855044,Achmad306656290,@Randy3009851792 Y sapa tau kejadian kayak di jembatan jiipe mobil jadi berat ada penumpang gaib ikut 😂,y sapa tau kejadian kayak di jembatan jiipe mobil jadi berat ada penumpang gaib ikut,negatif,0.885,infrastruktur,0.0,1,0,2026-07-10,JIIPE,y sapa tau jadi kayak jembatan jiipe mobil jadi berat tumpang gaib ikut
2075590328112017462,hazanafa,"JUM'AT 10.07.26
NGAJI KITAB AL-MABADIUL FIQHIYYAH
4 PERKARA YANG MEMBATALKAN SHOLAT (1) BICARA DENGAN SENGAJA

YOUTUBE SARINYALA CHANNEL
https://t.co/EJQs8KPLUn

FACEBOOK ZAINI ALAWI
https://t.co/cH5DyiQ7ZF

MUSHOLLA SANTRI RT 2 RW 4 INDRO KEBOMAS GRESIK",jumat 100726 ngaji kitab almabadiul fiqhiyyah 4 perkara yang membatalkan sholat 1 bicara dengan sengaja youtube sarinyala channel facebook zaini alawi musholla santri rt 2 rw 4 indro kebomas gresik,netral,0.997,umum,1.0,0,0,2026-07-10,Kebomas Gresik,jumat 100726 ngaji kitab almabadiul fiqhiyyah 4 perkara batal sholat 1 bicara sengaja youtube sarinyala channel facebook zaini alawi musholla santri rt 2 rw 4 indro kebomas gresik
2075538365160845560,e100ss,"18.11: 
1. Raya Waru arah Surabaya macet;
2. Lidah Kulon arah simpang Wisma Lidah Kulon macet;
3. Simpang Lakarsantri macet;
4. Simpang Benowo macet;
5. Exit Tol Kebomas Gresik masih macet;
6. Simpang Romokalisari macet, dari Gresik maupun Surabaya;
7. Simpang Kertajaya-Merr macet. (ss-tm)",1811 1 raya waru arah surabaya macet 2 lidah kulon arah simpang wisma lidah kulon macet 3 simpang lakarsantri macet 4 simpang benowo macet 5 exit tol kebomas gresik masih macet 6 simpang romokalisari macet dari gresik maupun surabaya 7 simpang kertajayamerr macet sstm,netral,0.882,infrastruktur,5.0,0,0,2026-07-10,Kebomas Gresik,1811 1 raya waru arah surabaya macet 2 lidah kulon arah simpang wisma lidah kulon macet 3 simpang lakarsantri macet 4 simpang benowo macet 5 exit tol kebomas gresik macet 6 simpang romokalisari macet gresik maupun surabaya 7 simpang kertajayamerr macet sstm
2075519835250049057,e100ss,"16.57: 
1. Exit Tol Kebomas Gresik macet;
2. Jalan Veteran Gresik arah simpang Romokalisari macet. Efeknya hingga di Jalan Mayjen Sungkono Gresik;
3. Lakarsantri dari Driyorejo macet;
4. Simpang Legundi Driyorejo macet. (ss-tm)",1657 1 exit tol kebomas gresik macet 2 jalan veteran gresik arah simpang romokalisari macet efeknya hingga di jalan mayjen sungkono gresik 3 lakarsantri dari driyorejo macet 4 simpang legundi driyorejo macet sstm,netral,0.906,infrastruktur,0.0,0,0,2026-07-10,Kebomas Gresik,1657 1 exit tol kebomas gresik macet 2 jalan veteran gresik arah simpang romokalisari macet efek hingga jalan mayjen sungkono gresik 3 lakarsantri driyorejo macet 4 simpang legundi driyorejo macet sstm
2075427036097818930,e100ss,"10.47: Ada truk bermasalah di Banjarsari Cerme Gresik. Nanang pendengar SS melaporkan, lalu lintas diatur contraflow. (ss-af) https://t.co/6G7VEXKdXy",1047 ada truk bermasalah di banjarsari cerme gresik nanang pendengar ss melaporkan lalu lintas diatur contraflow ssaf,netral,0.997,umum,6.0,0,1,2026-07-10,Cerme Gresik,1047 truk masalah banjarsari cerme gresik nanang dengar ss lapor lalu lintas atur contraflow ssaf
2075396250120454398,kabarbaikdotco,"Ekosistem kendaraan listrik (electric vehicle/EV) mulai terasa hingga pelosok negeri Indonesia. Seperti tampak di Dusun Kalanganyar, Desa Karangankidul, Kecamatan Benjeng, Gresik.
https://t.co/H3jAPEKzpx",ekosistem kendaraan listrik electric vehicleev mulai terasa hingga pelosok negeri indonesia seperti tampak di dusun kalanganyar desa karangankidul kecamatan benjeng gresik,netral,0.991,umum,0.0,0,0,2026-07-10,Benjeng Gresik,ekosistem kendara listrik electric vehicleev mulai asa hingga pelosok negeri indonesia tampak dusun kalanganyar desa karangankidul camat benjeng gresik
2078309827080769694,HumasGresik,"Mengawali hari Jumat dengan pelayanan dan kepedulian, Anggota Satlantas Polres Gresik melaksanakan pengaturan arus lalu lintas sekaligus kegiatan Jumat Berkah Berbagi kepada para jemaah Salat Jumat di Masjid Baitussalam, Kebomas, Gresik.

#SatlantasPolresGresik https://t.co/0clMnCxoqP",mengawali hari jumat dengan pelayanan dan kepedulian anggota satlantas polres gresik melaksanakan pengaturan arus lalu lintas sekaligus kegiatan jumat berkah berbagi kepada para jemaah salat jumat di masjid baitussalam kebomas gresik satlantaspolresgresik,netral,0.982,umum,0.0,1,0,2026-07-18,Gresik,awal hari jumat layan peduli anggota satlantas polres gresik laksana atur arus lalu lintas sekaligus giat jumat berkah bagi jemaah salat jumat masjid baitussalam kebomas gresik satlantaspolresgresik
2078309737142300974,_kaylijenner,dan dipertemukan sm yg lebih baik yg support aku. pdhl dia gasuka gigs tp slalu jauh” ada buat aku nemenin aku. bela”in plg kerja cpt dri gresik buat ke sby. aku bilang surf tuh rasanya gmn tbtb lngsng diangkat sm dia beneran dijaga bgt slama gigs. oh ini ta rasanya 🥺🤍,dan dipertemukan sm yg lebih baik yg support aku pdhl dia gasuka gigs tp slalu jauh ada buat aku nemenin aku belain plg kerja cpt dri gresik buat ke sby aku bilang surf tuh rasanya gmn tbtb lngsng diangkat sm dia beneran dijaga bgt slama gigs oh ini ta rasanya,positif,0.95,umum,0.0,0,0,2026-07-18,Gresik,temu sama lebih baik support aku pdhl gasuka gigs slalu jauh buat aku nemenin aku bain plg kerja cpt dri gresik buat sby aku bilang surf tuh rasa gmn tbtb lngsng angkat sama beneran jaga banget slama gigs ta rasa
2078309729890357387,_kaylijenner,okeii.. happy nya double gegara wktu tmn” gresik blm dteng aku bener” sangat ga dibolehin surf jg ke dpn (malah jg tas hiks menyebalkan) tp aku paham mksd abang” ku karna biar aku safe. trs waktu tmn” gresik dteng dan jeblog main pertama aku lngsng diangkat. malu 😭 tp seru. https://t.co/YeeMOIcMZz,okeii happy nya double gegara wktu tmn gresik blm dteng aku bener sangat ga dibolehin surf jg ke dpn malah jg tas hiks menyebalkan tp aku paham mksd abang ku karna biar aku safe trs waktu tmn gresik dteng dan jeblog main pertama aku lngsng diangkat malu tp seru,positif,0.972,umum,0.0,1,0,2026-07-18,Gresik,okeii happy nya double gegara wktu tmn gresik dteng aku bener sangat dibolehin surf jg dpn malah jg tas hiks sebal aku paham mksd abang ku karna biar aku safe trs waktu tmn gresik dteng jeblog main pertama aku lngsng angkat malu seru
2078221647140749571,_kaylijenner,GW TERLALU HAPPY SMPE GA BISA TIDUR SENYUM SENYUM SENDIRI KEK ORGIL.. first time surfing langsung di jeblogs 😳,gw terlalu happy smpe ga bisa tidur senyum senyum sendiri kek orgil first time surfing langsung di jeblogs,negatif,0.996,pendidikan,3.0,0,0,2026-07-17,Gresik,gw terlalu happy smpe tidur senyum senyum sendiri kek orgil first time surfing langsung jeblogs
2078309279862509660,thedeathalley,kenapa promo chikuro 18rb gada di sby sama gresik sih #kesel,kenapa promo chikuro 18rb gada di sby sama gresik sih kesel,negatif,0.985,umum,0.0,0,0,2026-07-18,Gresik,promo chikuro 18rb gada sby sama gresik sih kesel
2078307293322780979,PolsekWilangan9,"Personel Satlantas Polres Gresik membantu seorang siswa SD yang tersesat usai pulang sekolah di sekitar Pos Lantas GKB Gresik, Selasa (14/7) sekitar pukul 10.30 WIB. Saat patroli, petugas menemukan Azraqi Raffan, siswa UPT SDN 29 Randuagung https://t.co/aQswJebP8B",personel satlantas polres gresik membantu seorang siswa sd yang tersesat usai pulang sekolah di sekitar pos lantas gkb gresik selasa 147 sekitar pukul 1030 wib saat patroli petugas menemukan azraqi raffan siswa upt sdn 29 randuagung,netral,0.997,pendidikan,0.0,0,0,2026-07-18,Gresik,personel satlantas polres gresik bantu orang siswa sd sesat usai pulang sekolah pos lantas gkb gresik selasa 147 pukul 1030 wib patroli tugas temu azraqi raffan siswa upt sdn 29 randuagung
2078306962232705390,PolsekWilangan9,"#Repost @humaspoldajatim
...
Personel Satlantas Polres Gresik Polda Jatim memberikan pengawalan darurat terhadap mobil yang membawa seorang ibu hendak melahirkan, Sabtu malam (11/7). Saat melaksanakan patroli di Jalan Dr. Wahidin,  https://t.co/BRDmFXSDtO",repost personel satlantas polres gresik polda jatim memberikan pengawalan darurat terhadap mobil yang membawa seorang ibu hendak melahirkan sabtu malam 117 saat melaksanakan patroli di jalan dr wahidin,netral,0.998,infrastruktur,0.0,0,0,2026-07-18,Gresik,repost personel satlantas polres gresik polda jatim beri awal darurat mobil bawa orang ibu hendak lahir sabtu malam 117 laksana patroli jalan wahidin
2078300572302848136,Ilyasfurqon3,"Pengecekan tanaman padi di Ds Masangan Kec Bungah Kab. Gresik untuk mendukung program ketahanan pangan

#astacita 
#swasembadapangan 
#ketahananpangan #ketahananpanganpoldajatim 
#ssdmpolri 
#divhumaspolri 
#birosdmpoldajatim 
#bidhumaspoldajatim 
#polresgresik 
#gresik https://t.co/1gYj4RBXwh",pengecekan tanaman padi di ds masangan kec bungah kab gresik untuk mendukung program ketahanan pangan astacita swasembadapangan ketahananpangan ketahananpanganpoldajatim ssdmpolri divhumaspolri birosdmpoldajatim bidhumaspoldajatim polresgresik gresik,netral,0.995,umum,0.0,0,0,2026-07-18,Gresik,kece tanam padi ds masangan kec bungah kab gresik dukung program tahan pangan astacita swasembadapangan ketahananpangan ketahananpanganpoldajatim ssdmpolri divhumaspolri birosdmpoldajatim bidhumaspoldajatim polresgresik gresik
2078299831668539478,KomunitasBambu,"“Catatan Dinasti Ming menunjukkan pusat perdagangan Jawa pernah berada di Tuban, Gresik dan Surabaya. Namun, setelah Majapahit runtuh dan Islam berkembang, pusat niaga bergeser ke pesisir timur Jawa menjelang datangnya bangsa Eropa,” W.P. Groeneveldt https://t.co/9OMJooXabf",catatan dinasti ming menunjukkan pusat perdagangan jawa pernah berada di tuban gresik dan surabaya namun setelah majapahit runtuh dan islam berkembang pusat niaga bergeser ke pesisir timur jawa menjelang datangnya bangsa eropa wp groeneveldt,netral,0.995,pemerintahan,3.0,0,1,2026-07-18,Gresik,catat dinasti ming tunjuk pusat dagang jawa pernah ada tuban gresik surabaya majapahit runtuh islam kembang pusat niaga geser pesisir timur jawa jelang datang bangsa eropa wp groeneveldt
2078299672226251058,kabarbaikdotco,"Kecekalaan kerja terjadi di CV Asindo Stone, Pergudangan Casa Sumput Blok D3, Desa Sumput, Kecamatan Driyorejo, Kabupaten Gresik, Jumat (17/7) sore. Seorang pekerja meninggal dunia setelah tertimpa tumpukan marmer.
 https://t.co/8cWPPHEwwm",kecekalaan kerja terjadi di cv asindo stone pergudangan casa sumput blok d3 desa sumput kecamatan driyorejo kabupaten gresik jumat 177 sore seorang pekerja meninggal dunia setelah tertimpa tumpukan marmer,netral,0.845,umum,0.0,0,0,2026-07-18,Gresik,kecekalaan kerja jadi cv asindo stone gudang casa sumput blok d3 desa sumput camat driyorejo kabupaten gresik jumat 177 sore orang kerja tinggal dunia timpa tumpu marmer
2078297572188496048,kabarbaikdotco,"Puluhan kelompok tani di Kabupaten Gresik mulai memanfaatkan bantuan alat dan mesin pertanian (alsintan) serta sistem irigasi modern untuk meningkatkan produktivitas di tengah tantangan perubahan iklim yang kian memengaruhi sektor pertanian.
 https://t.co/WlIahZd9BH",puluhan kelompok tani di kabupaten gresik mulai memanfaatkan bantuan alat dan mesin pertanian alsintan serta sistem irigasi modern untuk meningkatkan produktivitas di tengah tantangan perubahan iklim yang kian memengaruhi sektor pertanian,netral,0.992,umum,0.0,0,0,2026-07-18,Gresik,puluh kelompok tani kabupaten gresik mulai manfaat bantu alat mesin tani alsintan sistem irigasi modern tingkat produktivitas tengah tantang ubah iklim kian pengaruh sektor tani
2078295682285465846,kabarbaikdotco,"Aparat kepolisian mengungkap kasus penipuan bermodus penipuan segitiga yang menyebabkan seorang pengusaha mengalami kerugian Rp 12 juta di wilayah Kabupaten Gresik. 
 https://t.co/mERqHLrYKJ",aparat kepolisian mengungkap kasus penipuan bermodus penipuan segitiga yang menyebabkan seorang pengusaha mengalami kerugian rp 12 juta di wilayah kabupaten gresik,netral,0.986,umum,0.0,0,0,2026-07-18,Gresik,aparat polisi ungkap kasus tipu modus tipu segitiga sebab orang usaha alami rugi rp 12 juta wilayah kabupaten gresik
2078291420709097945,shakiraamanda78,pengecekan tanaman padi di Ds Masangan Kec Bungah Kab. Gresik https://t.co/SKc1IzAwpt,pengecekan tanaman padi di ds masangan kec bungah kab gresik,netral,0.992,umum,0.0,0,0,2026-07-18,Gresik,kece tanam padi ds masangan kec bungah kab gresik
2078289848323174718,AiptuSupar49750,"Anggota Polsek Bungah melaksanakan pengecekan tanaman padi di Ds Masangan Kec Bungah Kab. Gresik

#astacita 
#swasembadapangan 
#ketahananpangan #ketahananpanganpoldajatim 
#ssdmpolri 
#divhumaspolri 
#birosdmpoldajatim 
#bidhumaspoldajatim 
#polresgresik 
#gresik https://t.co/J24GLqHe6K",anggota polsek bungah melaksanakan pengecekan tanaman padi di ds masangan kec bungah kab gresik astacita swasembadapangan ketahananpangan ketahananpanganpoldajatim ssdmpolri divhumaspolri birosdmpoldajatim bidhumaspoldajatim polresgresik gresik,netral,0.996,umum,1.0,0,0,2026-07-18,Gresik,anggota polsek bungah laksana kece tanam padi ds masangan kec bungah kab gresik astacita swasembadapangan ketahananpangan ketahananpanganpoldajatim ssdmpolri divhumaspolri birosdmpoldajatim bidhumaspoldajatim polresgresik gresik
2078289730710680018,AiptuSupar49750,"Anggota Polsek Bungah melaksanakan pengecekan tanaman padi di Ds Masangan Kec Bungah Kab. Gresik

#astacita 
#swasembadapangan 
#ketahananpangan #ketahananpanganpoldajatim 
#ssdmpolri 
#divhumaspolri 
#birosdmpoldajatim 
#bidhumaspoldajatim 
#polresgresik 
#gresik https://t.co/kKFI2pEWjg",anggota polsek bungah melaksanakan pengecekan tanaman padi di ds masangan kec bungah kab gresik astacita swasembadapangan ketahananpangan ketahananpanganpoldajatim ssdmpolri divhumaspolri birosdmpoldajatim bidhumaspoldajatim polresgresik gresik,netral,0.996,umum,1.0,0,0,2026-07-18,Gresik,anggota polsek bungah laksana kece tanam padi ds masangan kec bungah kab gresik astacita swasembadapangan ketahananpangan ketahananpanganpoldajatim ssdmpolri divhumaspolri birosdmpoldajatim bidhumaspoldajatim polresgresik gresik
2078289454251524557,AiptuSupar49750,"Anggota Polsek Bungah melaksanakan pengecekan tanaman padi di Ds Masangan Kec Bungah Kab. Gresik

#astacita 
#swasembadapangan 
#ketahananpangan #ketahananpanganpoldajatim 
#ssdmpolri 
#divhumaspolri 
#birosdmpoldajatim 
#bidhumaspoldajatim 
#polresgresik 
#gresik https://t.co/BKyPRgVjhX",anggota polsek bungah melaksanakan pengecekan tanaman padi di ds masangan kec bungah kab gresik astacita swasembadapangan ketahananpangan ketahananpanganpoldajatim ssdmpolri divhumaspolri birosdmpoldajatim bidhumaspoldajatim polresgresik gresik,netral,0.996,umum,1.0,0,0,2026-07-18,Gresik,anggota polsek bungah laksana kece tanam padi ds masangan kec bungah kab gresik astacita swasembadapangan ketahananpangan ketahananpanganpoldajatim ssdmpolri divhumaspolri birosdmpoldajatim bidhumaspoldajatim polresgresik gresik
2078274784379678995,muhhussen,"Ligue 1 &amp; Bundesliga kita sepakat itu termasuk 5 liga top Eropa. Sementara Liga Montenegro tentu semenjana jika dibandingkan keduanya.
Pesaing Balsa (1) sbg top skorer adl Djordje Maksimovic (2). Maksimovic sblm jd top skorer kedua Liga Monte, dia main di Gresik United (Liga 2).",ligue 1 amp bundesliga kita sepakat itu termasuk 5 liga top eropa sementara liga montenegro tentu semenjana jika dibandingkan keduanya pesaing balsa 1 sbg top skorer adl djordje maksimovic 2 maksimovic sblm jd top skorer kedua liga monte dia main di gresik united liga 2,netral,0.983,industri,0.0,1,0,2026-07-18,Gresik,ligue 1 amp bundesliga sepakat masuk 5 liga top eropa liga montenegro semenjana banding dua saing balsa 1 sbg top skorer adl djordje maksimovic 2 maksimovic sblm jd top skorer dua liga monte main gresik united liga 2
2078259857975878107,TsuKei2227,"Aku ga tau daerah lain, tapi di Surabaya dan Gresik solar udah langka duluan. Antrian truk mngular bikin macet. Skrg udah mulai normal",aku ga tau daerah lain tapi di surabaya dan gresik solar udah langka duluan antrian truk mngular bikin macet skrg udah mulai normal,negatif,0.962,infrastruktur,0.0,0,0,2026-07-17,Gresik,aku tau daerah surabaya gresik solar udah langka duluan antri truk mngular bikin macet skrg udah mulai normal
2077977864943616280,tanyarlfes,"💚 guys serius nanya tadi lewat di TikTok emang di Jakarta pada demo ya? trs bensin di pulau lain pada antri nya panjang banget gila😭 kok ngga ada berita apapun ya di tv, kalau disini di pulau Jawa bensin normal normal aja ngga sampe kosong",guys serius nanya tadi lewat di tiktok emang di jakarta pada demo ya trs bensin di pulau lain pada antri nya panjang banget gila kok ngga ada berita apapun ya di tv kalau disini di pulau jawa bensin normal normal aja ngga sampe kosong,negatif,0.959,umum,5891.0,188,462,2026-07-17,Gresik,guys serius nanya tadi lewat tiktok emang jakarta demo trs bensin pulau antri nya panjang banget gila kok ngga berita apa tv kalau sini pulau jawa bensin normal normal ngga sampe kosong
2078257559220416601,kodim0817gresik,"Danrem 084/Bhaskara Jaya Pimpin Panen Raya Serentak di Gresik, Perkuat Sinergi TNI dan Petani Wujudkan Swasembada Pangan Nasional https://t.co/4SMdcExsuF https://t.co/WNHVP4oqGZ",danrem 084bhaskara jaya pimpin panen raya serentak di gresik perkuat sinergi tni dan petani wujudkan swasembada pangan nasional,netral,0.985,umum,0.0,0,0,2026-07-17,Gresik,danrem 084bhaskara jaya pimpin panen raya serentak gresik kuat sinergi tni tani wujud swasembada pangan nasional
2078254246546592040,belamatcha,@Iindiiniin gresik,gresik,netral,0.509,umum,1.0,0,0,2026-07-17,Gresik,gresik
2078231687033765958,Azim48774952,@blissthethicsss Orang Gresik juga kak??,orang gresik juga kak,netral,0.441,umum,0.0,0,0,2026-07-17,Gresik,orang gresik kak
2078151548174303285,Korem084Bj,"Komandan Korem 084/Bhaskara Jaya, Brigjen TNI Kohir, mengikuti Video Conference (Vicon) Panen Raya Padi Serentak bersama Presiden Republik Indonesia, didampingi Forkopimda Kabupaten Gresik, Jumat (17/07/2026). https://t.co/TMl8s6UEmg",komandan korem 084bhaskara jaya brigjen tni kohir mengikuti video conference vicon panen raya padi serentak bersama presiden republik indonesia didampingi forkopimda kabupaten gresik jumat 17072026,netral,0.997,umum,1.0,0,0,2026-07-17,Kabupaten Gresik,komandan korem 084bhaskara jaya brigjen tni kohir ikut video conference vicon panen raya padi serentak sama presiden republik indonesia damping forkopimda kabupaten gresik jumat 17072026
2077936584197107741,petrogresik,"Sahabat, dalam rangka HUT ke-54 bertema Growing the Future, Petrokimia Gresik menggelar PG Inspiration Day 2026 bagi sekitar 1.300 pelajar di Kabupaten Gresik. ✨

Sebanyak 49 Insan Petrokimia Gresik hadir sebagai pemateri, pengajar, dan fasilitator untuk berbagi pengalaman seputar dunia industri, budaya K3, pengembangan diri, hingga kompetensi yang dibutuhkan di dunia kerja.

Tak hanya berbagi inspirasi, Petrokimia Gresik juga memperkenalkan program Beasiswa Petro (BESTRO) serta menyalurkan bantuan dana pendidikan kepada SMK Assa’adah dan SMAN 1 Kedamean.

Melalui kolaborasi dunia pendidikan dan industri, mari tumbuhkan mimpi, kompetensi, serta semangat belajar generasi muda untuk masa depan Indonesia yang lebih baik. 🌱

#PetrokimiaGresik #SolusiAgroindustri #GrowingTheFuture #HUT54PetrokimiaGresik #PGInspirationDay",sahabat dalam rangka hut ke54 bertema growing the future petrokimia gresik menggelar pg inspiration day 2026 bagi sekitar 1300 pelajar di kabupaten gresik sebanyak 49 insan petrokimia gresik hadir sebagai pemateri pengajar dan fasilitator untuk berbagi pengalaman seputar dunia industri budaya k3 pengembangan diri hingga kompetensi yang dibutuhkan di dunia kerja tak hanya berbagi inspirasi petrokimia gresik juga memperkenalkan program beasiswa petro bestro serta menyalurkan bantuan dana pendidikan kepada smk assaadah dan sman 1 kedamean melalui kolaborasi dunia pendidikan dan industri mari tumbuhkan mimpi kompetensi serta semangat belajar generasi muda untuk masa depan indonesia yang lebih baik petrokimiagresik solusiagroindustri growingthefuture hut54petrokimiagresik pginspirationday,netral,0.527,pendidikan,1.0,0,0,2026-07-17,Kabupaten Gresik,sahabat rangka hut ke54 tema growing the future petrokimia gresik gelar pg inspiration day 2026 1300 ajar kabupaten gresik banyak 49 insan petrokimia gresik hadir materi ajar fasilitator bagi alam putar dunia industri budaya k3 kembang diri hingga kompetensi butuh dunia kerja tak bagi inspirasi petrokimia gresik kenal program beasiswa petro bestro salur bantu dana didik smk assaadah sman 1 dame lalu kolaborasi dunia didik industri tumbuh mimpi kompetensi semangat ajar generasi muda masa depan indonesia lebih baik petrokimiagresik solusiagroindustri growingthefuture hut54petrokimiagresik pginspirationday
2077927018759602176,HumasGresik,Pencapaian ini menjadi motivasi besar bagi seluruh personel untuk terus meningkatkan kinerja dalam pelayanan maupun penegakan hukum di wilayah Kabupaten Gresik.,pencapaian ini menjadi motivasi besar bagi seluruh personel untuk terus meningkatkan kinerja dalam pelayanan maupun penegakan hukum di wilayah kabupaten gresik,netral,0.575,umum,0.0,0,0,2026-07-17,Kabupaten Gresik,capai jadi motivasi besar seluruh personel terus tingkat kerja layan maupun tega hukum wilayah kabupaten gresik
2077682008981913784,bkpsdmgresikkab,"Selamat kepada seluruh penerima keputusan. Semoga amanah yang diberikan menjadi penyemangat untuk terus meningkatkan profesionalisme, integritas, dan kualitas pelayanan kepada masyarakat demi mewujudkan Kabupaten Gresik yang semakin maju.",selamat kepada seluruh penerima keputusan semoga amanah yang diberikan menjadi penyemangat untuk terus meningkatkan profesionalisme integritas dan kualitas pelayanan kepada masyarakat demi mewujudkan kabupaten gresik yang semakin maju,positif,0.947,umum,0.0,1,0,2026-07-16,Kabupaten Gresik,selamat seluruh terima putus moga amanah beri jadi semangat terus tingkat profesionalisme integritas kualitas layan masyarakat wujud kabupaten gresik makin maju
2077681994087936418,bkpsdmgresikkab,"Sebagai bentuk apresiasi atas dedikasi dan pengabdian Aparatur Sipil Negara, Pemerintah Kabupaten Gresik melalui BKPSDM melaksanakan penyerahan Keputusan Bupati kepada para ASN.",sebagai bentuk apresiasi atas dedikasi dan pengabdian aparatur sipil negara pemerintah kabupaten gresik melalui bkpsdm melaksanakan penyerahan keputusan bupati kepada para asn,netral,0.994,pemerintahan,0.0,1,0,2026-07-16,Kabupaten Gresik,bentuk apresiasi atas dedikasi abdi aparatur sipil negara perintah kabupaten gresik lalu bkpsdm laksana serah putus bupati asn
2077658421621555333,hazanafa,"KHUTBAH JUM'AT 17.07.26
MASJID BAITUL ISHLACH SIDORUKUN GRESIK KOTA

""SETIAP KITA ADALAH PENDOSA YANG PEMILIH""

Al-Faqir Ahmad Zaini Alawi (Khodim Jama'ah Sarinyala Kabupaten Gresik)

FACEBOOK ZAINI
https://t.co/CV26BAjcxw https://t.co/Zwv9O1WOTF",khutbah jumat 170726 masjid baitul ishlach sidorukun gresik kota setiap kita adalah pendosa yang pemilih alfaqir ahmad zaini alawi khodim jamaah sarinyala kabupaten gresik facebook zaini,netral,0.997,umum,0.0,0,0,2026-07-16,Kabupaten Gresik,khutbah jumat 170726 masjid baitul ishlach sidorukun gresik kota dosa pilih alfaqir ahmad zaini alawi khodim jamaah sarinyala kabupaten gresik facebook zaini
2077567193404117213,HumasGresik,"Hubungan yang harmonis antar penegak hukum menjadi kunci utama dalam mengoptimalkan pelayanan publik, menjaga stabilitas keamanan, serta memperkokoh kepercayaan masyarakat di Kabupaten Gresik.",hubungan yang harmonis antar penegak hukum menjadi kunci utama dalam mengoptimalkan pelayanan publik menjaga stabilitas keamanan serta memperkokoh kepercayaan masyarakat di kabupaten gresik,positif,0.683,umum,0.0,0,0,2026-07-16,Kabupaten Gresik,hubung harmonis antar tegak hukum jadi kunci utama optimal layan publik jaga stabilitas aman kokoh percaya masyarakat kabupaten gresik
2077304019979239807,HumasGresik,"Kabar baik bagi para pencari kerja di Kabupaten Gresik. Pemerintah Kabupaten (Pemkab) Gresik melalui Dinas Tenaga Kerja (Disnaker) bekerja sama dengan Polres Gresik akan menggelar Gresik Kerja Job Fair 2026 

#skckkelilinggresik #gresik #satintelkamgresik #polresgresik https://t.co/SJ9ECMa5pX",kabar baik bagi para pencari kerja di kabupaten gresik pemerintah kabupaten pemkab gresik melalui dinas tenaga kerja disnaker bekerja sama dengan polres gresik akan menggelar gresik kerja job fair 2026 skckkelilinggresik gresik satintelkamgresik polresgresik,netral,0.996,pemerintahan,1.0,1,0,2026-07-15,Kabupaten Gresik,kabar baik cari kerja kabupaten gresik perintah kabupaten pemkab gresik lalu dinas tenaga kerja disnaker kerja sama polres gresik gelar gresik kerja job fair 2026 skckkelilinggresik gresik satintelkamgresik polresgresik
2077253498945871919,HumasGresik,"Kapolres Gresik, AKBP Ramadan Nasution, S.I.K., M.H., https://t.co/TrjSzGjtCh., memimpin langsung agenda kunjungan silaturahmi ke jajaran Koramil di wilayah Kabupaten Gresik.
#PolresGresik #TNIPolriSolid #Sinergitas #KoramilGresik #PolriPresisi https://t.co/h6sarBFWRR",kapolres gresik akbp ramadan nasution sik mh memimpin langsung agenda kunjungan silaturahmi ke jajaran koramil di wilayah kabupaten gresik polresgresik tnipolrisolid sinergitas koramilgresik polripresisi,netral,0.996,umum,0.0,1,0,2026-07-15,Kabupaten Gresik,kapolres gresik akbp ramadan nasution sik mh pimpin langsung agenda kunjung silaturahmi jajar koramil wilayah kabupaten gresik polresgresik tnipolrisolid sinergitas koramilgresik polripresisi
2077252613889040806,HumasGresik,memastikan situasi Kamtibmas di wilayah Kabupaten Gresik tetap aman dan nyaman bagi seluruh lapisan masyarakat.,memastikan situasi kamtibmas di wilayah kabupaten gresik tetap aman dan nyaman bagi seluruh lapisan masyarakat,positif,0.847,umum,0.0,0,0,2026-07-15,Kabupaten Gresik,pasti situasi kamtibmas wilayah kabupaten gresik tetap aman nyaman seluruh lapis masyarakat
2077075173283615207,hazanafa,"SELASA 14.07.26
RUTINAN JAMA'AH SHOLAWAT ADHIMIYYAH DZIKRUL MUBAROK SYAIKHUNA KAHAR KABUPATEN GRESIK

YOUTUBE SARINYALA CHANNEL
https://t.co/js8xxYE7UY

FACEBOOK ZAINI ALAWI
https://t.co/x03E016f5q

Selasa ba'da isya di Aula Sarinyala Gang Rolas Indro Kebomas Gresik",selasa 140726 rutinan jamaah sholawat adhimiyyah dzikrul mubarok syaikhuna kahar kabupaten gresik youtube sarinyala channel facebook zaini alawi selasa bada isya di aula sarinyala gang rolas indro kebomas gresik,netral,0.996,umum,1.0,0,0,2026-07-14,Kabupaten Gresik,selasa 140726 rutin jamaah sholawat adhimiyyah dzikrul mubarok syaikhuna kahar kabupaten gresik youtube sarinyala channel facebook zaini alawi selasa bada isya aula sarinyala gang rolas indro kebomas gresik
2076948860522639586,nugresik,"Bagian Sejarah Berlangsungnya Kaderisasi 3 Matra Perdana di Kabupaten Gresik, Kepala MITsU Tajungwidoro: “Suatu Kehormatan..” https://t.co/JJIM81uiJI",bagian sejarah berlangsungnya kaderisasi 3 matra perdana di kabupaten gresik kepala mitsu tajungwidoro suatu kehormatan,netral,0.997,pemerintahan,0.0,0,0,2026-07-14,Kabupaten Gresik,bagi sejarah langsung kaderisasi 3 matra perdana kabupaten gresik kepala mitsu tajungwidoro suatu hormat
2076919963626185007,TVMuhammadiyah,"dan KBPPPA Kabupaten Gresik dalam menghadirkan edukasi yang relevan bagi mahasiswa.

Menurutnya, perguruan tinggi tidak hanya memiliki tanggung jawab mencetak lulusan yang unggul secara akademik, tetapi juga membentuk karakter, integritas,",dan kbpppa kabupaten gresik dalam menghadirkan edukasi yang relevan bagi mahasiswa menurutnya perguruan tinggi tidak hanya memiliki tanggung jawab mencetak lulusan yang unggul secara akademik tetapi juga membentuk karakter integritas,netral,0.991,umum,1.0,1,0,2026-07-14,Kabupaten Gresik,kbpppa kabupaten gresik hadir edukasi relevan mahasiswa turut guru tinggi milik tanggung jawab cetak lulus unggul akademik bentuk karakter integritas
2076919960442658832,TVMuhammadiyah,"sebagai agen perubahan dalam membangun budaya kampus yang sehat, aman, dan inklusif.

Sambutan dari Rektor UM Gresik, Prof. Dr. Khoirul Anwar, S.Pd., M.Pd., yang menyampaikan apresiasi atas sinergi yang terjalin antara UM Gresik, BNN Kabupaten Gresik,",sebagai agen perubahan dalam membangun budaya kampus yang sehat aman dan inklusif sambutan dari rektor um gresik prof dr khoirul anwar spd mpd yang menyampaikan apresiasi atas sinergi yang terjalin antara um gresik bnn kabupaten gresik,netral,0.98,pendidikan,1.0,1,0,2026-07-14,Kabupaten Gresik,agen ubah bangun budaya kampus sehat aman inklusif sambut rektor um gresik prof khoirul anwar spd mpd sampai apresiasi atas sinergi jalin um gresik bnn kabupaten gresik
2076851572160774448,HumasGresik,Selamat bersekolah untuk adik-adik pelajar di Kabupaten Gresik! Tetap semangat meraih cita-cita. Kami siap menjaga dan melayani masyarakat.,selamat bersekolah untuk adikadik pelajar di kabupaten gresik tetap semangat meraih citacita kami siap menjaga dan melayani masyarakat,positif,0.914,pendidikan,0.0,0,0,2026-07-14,Kabupaten Gresik,selamat sekolah adikadik ajar kabupaten gresik tetap semangat raih citacita siap jaga layan masyarakat
2076851526006649134,HumasGresik,"Pagi ini, Bapak Kapolres Gresik memimpin kegiatan pengecekan, pemantauan, serta pelayanan kepada para pelajar dan wali murid di berbagai titik sekolah di wilayah Kabupaten Gresik.

#PolresGresik #JogoGresik https://t.co/Y1fj1fSr9x",pagi ini bapak kapolres gresik memimpin kegiatan pengecekan pemantauan serta pelayanan kepada para pelajar dan wali murid di berbagai titik sekolah di wilayah kabupaten gresik polresgresik jogogresik,netral,0.996,pendidikan,0.0,1,0,2026-07-14,Kabupaten Gresik,pagi bapak kapolres gresik pimpin giat kece pantau layan ajar wali murid bagai titik sekolah wilayah kabupaten gresik polresgresik jogogresik
2076809362186912004,nugresik,"Pecah Telur, PAC GP Ansor Bungah Sukses Gelar Kaderisasi 3 Matra Pertama di Kabupaten Gresik https://t.co/oHoAkX6q2G",pecah telur pac gp ansor bungah sukses gelar kaderisasi 3 matra pertama di kabupaten gresik,netral,0.993,umum,0.0,0,0,2026-07-13,Kabupaten Gresik,pecah telur pac gp ansor bungah sukses gelar kaderisasi 3 matra pertama kabupaten gresik
2077692078965031176,Lintasperkoro,"Pegawai Pemkab Gresik Dapat Anggaran Jumbo dari APBD Tahun 2026

https://t.co/hRoy7cqfuM",pegawai pemkab gresik dapat anggaran jumbo dari apbd tahun 2026,netral,0.998,pemerintahan,0.0,0,0,2026-07-16,Pemkab Gresik,pegawai pemkab gresik anggar jumbo apbd tahun 2026
2077226497178550397,kodim0817gresik,"Sinergi Tanpa Batas, TNI–Polri dan Pemkab Gresik Kompak Wujudkan Pelayanan Prima https://t.co/rFOfIYrnMy https://t.co/j170DCWgIX",sinergi tanpa batas tnipolri dan pemkab gresik kompak wujudkan pelayanan prima,netral,0.975,pemerintahan,0.0,0,0,2026-07-15,Pemkab Gresik,sinergi batas tnipolri pemkab gresik kompak wujud layan prima
2077197145510486383,fmsuaragresik,"Realisasi Pajak Daerah Capai 52,91 Persen, Pemkab Gresik Apresiasi Wajib Pajak Patuh || Berita selengkapnya di Website https://t.co/lTM94tH3hO https://t.co/OQGYN1HNik",realisasi pajak daerah capai 5291 persen pemkab gresik apresiasi wajib pajak patuh berita selengkapnya di website,netral,0.995,pemerintahan,1.0,0,0,2026-07-15,Pemkab Gresik,realisasi pajak daerah capai 5291 persen pemkab gresik apresiasi wajib pajak patuh berita lengkap website
2077085106632786028,mcinewsid,"Pemkab Gresik Apresiasi Wajib Pajak, PAD Capai Rp590 Miliar https://t.co/Mhz8c1lqNv https://t.co/iXRBJfvEDu",pemkab gresik apresiasi wajib pajak pad capai rp590 miliar,netral,0.993,pemerintahan,0.0,0,0,2026-07-14,Pemkab Gresik,pemkab gresik apresiasi wajib pajak pad capai rp590 miliar
2076887584962433099,DamailahRI,"Pemkab Gresik Luncurkan Sekolah Moderasi Beragama, Tanamkan Toleransi Sejak Hari Pertama Masuk Sekolah
https://t.co/99Sqv1JHKg",pemkab gresik luncurkan sekolah moderasi beragama tanamkan toleransi sejak hari pertama masuk sekolah,netral,0.996,pemerintahan,0.0,0,0,2026-07-14,Pemkab Gresik,pemkab gresik luncur sekolah moderasi agama tanam toleransi sejak hari pertama masuk sekolah
2076653460775125017,kabarbaikdotco,"Antoni, terdakwa kasus viral SK ASN palsu di Gresik didakwa pasal berlapis. Pria berusia 46 tahun itu didakwa dugaan pemalsuan SK pengangkatan pegawai sekaligus penipuan berkedok penerimaan Pegawai Pemerintah dengan Perjanjian Kerja (PPPK) Pemkab Gresik.
https://t.co/jqEJFkhIRK",antoni terdakwa kasus viral sk asn palsu di gresik didakwa pasal berlapis pria berusia 46 tahun itu didakwa dugaan pemalsuan sk pengangkatan pegawai sekaligus penipuan berkedok penerimaan pegawai pemerintah dengan perjanjian kerja pppk pemkab gresik,negatif,0.544,pemerintahan,0.0,0,0,2026-07-13,Pemkab Gresik,antoni dakwa kasus viral sk asn palsu gresik dakwa pasal lap pria usia 46 tahun dakwa duga palsu sk angkat pegawai sekaligus tipu kedok terima pegawai perintah janji kerja pppk pemkab gresik
2075863216908021814,lampiran_id,"Pemkab Gresik Pulangkan Anak Pekerja Migran dari Malaysia, Jamin Hak Dasar dan Pendidikan
https://t.co/SglS7vOfsA",pemkab gresik pulangkan anak pekerja migran dari malaysia jamin hak dasar dan pendidikan,netral,0.996,pemerintahan,0.0,0,0,2026-07-11,Pemkab Gresik,pemkab gresik pulang anak kerja migran malaysia jamin hak dasar didik
2077567374480531731,casteloseven,"@SmwGwOto @arblunaaaaa bro..klo pas mampir gresik kota....dtglah kesini...ada warung rumahan jual bandeng goreng nya enak banget (rekomen) n legen seger pol
https://t.co/Dq3Zjg5Cgo",broklo pas mampir gresik kotadtglah kesiniada warung rumahan jual bandeng goreng nya enak banget rekomen n legen seger pol,positif,0.998,umum,1.0,0,1,2026-07-16,Gresik Kota,broklo pas mampir gresik kotadtglah kesiniada warung rumah jual bandeng goreng nya enak banget rekomen n legen seger pol
2077167845230924246,credOLIN,"Today I ran 6K,
Walked 1K.
9358 steps.
04.27 - 05.19 WIB

📍Gresik Kota Baru

#RandomVisual https://t.co/UidsTdV8EH",today i ran 6k walked 1k 9358 steps 0427 0519 wib gresik kota baru randomvisual,netral,0.998,umum,51.0,26,5,2026-07-14,Gresik Kota,today i ran 6k walked 1k 9358 steps 0427 0519 wib gresik kota baru randomvisual
2076828380419514610,credOLIN,"Today I walked 5K keliling komplek.

Dalam keterbatasan bahasa,
Kucoba tuliskan apa yang dirasa.

Sebab tak ada lagi yang mungkin tersisa.

Dan, entah apakah masih bisa disebut sebagai asa,
Doa-doa yang tak henti mengangkasa.

Selamat Selasa.
😘🫰🏼

#RandomVisual https://t.co/NuxEbvtkM1",today i walked 5k keliling komplek dalam keterbatasan bahasa kucoba tuliskan apa yang dirasa sebab tak ada lagi yang mungkin tersisa dan entah apakah masih bisa disebut sebagai asa doadoa yang tak henti mengangkasa selamat selasa randomvisual,netral,0.951,umum,49.0,26,7,2026-07-14,Gresik Kota,today i walked 5k keliling komplek batas bahasa coba tulis apa rasa tak mungkin sisa entah sebut asa doadoa tak henti angkasa selamat selasa randomvisual
2076859673882526086,thvel__,@gpmmd2429 rekomen tempat ngopi yang area gresik kota kak😭,rekomen tempat ngopi yang area gresik kota kak,positif,0.965,umum,0.0,1,0,2026-07-14,Gresik Kota,rekomen tempat ngopi area gresik kota kak
2076857303467536815,thvel__,@gpmmd2429 gresik kota ga??,gresik kota ga,netral,0.721,umum,0.0,1,0,2026-07-14,Gresik Kota,gresik kota
2075866381208453237,Achmad306656290,@Randy3009851792 Buset Gresik kota rame aja plg lama 3 hari 🤔,buset gresik kota rame aja plg lama 3 hari,negatif,0.995,umum,0.0,1,0,2026-07-11,Gresik Kota,buset gresik kota rame plg lama 3 hari
2075753408418754782,Achmad306656290,"@Randy3009851792 Murah,Gresik kota 2000an kerang y sm ae kl gorengan 1000an",murahgresik kota 2000an kerang y sm ae kl gorengan 1000an,positif,0.739,umum,0.0,1,0,2026-07-11,Gresik Kota,murahgresik kota 2000an kerang y sama ae kl goreng 1000an
2077226525355802883,gempicta,"📢 OPEN MEMBER GO CORTIS!! 📢

Halo gais! Buat kalian yang hobi jajan merchendise tapi dompet suka nangis, yuk kumpul bareng di GO CORTIFY! 🫶✨
Kita sering nge-drop jajanan dari JP, KR, &amp; CH!

GO dom gresik, jawa timur
Penasaran? Yuk join!
LINE: https://t.co/NEwXL0hEVr https://t.co/upPYg1OzsN",open member go cortis halo gais buat kalian yang hobi jajan merchendise tapi dompet suka nangis yuk kumpul bareng di go cortify kita sering ngedrop jajanan dari jp kr amp ch go dom gresik jawa timur penasaran yuk join line,netral,0.962,umum,0.0,0,1,2026-07-15,Gresik Jawa Timur,open member go cortis halo gais buat kalian hobi jajan merchendise dompet suka nang yuk kumpul bareng go cortify sering ngedrop jajan jp kr amp ch go dom gresik jawa timur penasaran yuk join line
2077201608908374031,kabarbaikdotco,"FASILITAS pengolahan dan pemurnian tembaga (Smelter) kedua PT Freeport Indonesia di kawasan Java Integrated Industrial and Port Estate (JIIPE) Gresik, Jawa Timur, belakangan kembali menjadi sorotan. Sebab, pola operasional yang dianggap kerap naik turun. 
 https://t.co/mJH8hLZZsy",fasilitas pengolahan dan pemurnian tembaga smelter kedua pt freeport indonesia di kawasan java integrated industrial and port estate jiipe gresik jawa timur belakangan kembali menjadi sorotan sebab pola operasional yang dianggap kerap naik turun,netral,0.995,industri,0.0,0,0,2026-07-15,Gresik Jawa Timur,fasilitas olah murni tembaga smelter dua pt freeport indonesia kawasan java integrated industrial and port estate jiipe gresik jawa timur belakang jadi sorot pola operasional anggap kerap naik turun
2076994850780799220,renwinata,"Pulang dari mpls hari ini, tiba-tiba dikasih hadiah sama renmania dari gresik jawa timur (wicis gue gatau siapa sendernya). Tapi makasih ya udah ngasih layout sekeren segarang sehiphop ini dan cocok bersanding dengan naykilla 💪🫯 https://t.co/ro8xuDDGMg",pulang dari mpls hari ini tibatiba dikasih hadiah sama renmania dari gresik jawa timur wicis gue gatau siapa sendernya tapi makasih ya udah ngasih layout sekeren segarang sehiphop ini dan cocok bersanding dengan naykilla,positif,0.979,umum,0.0,0,0,2026-07-14,Gresik Jawa Timur,pulang mpls hari tibatiba kasih hadiah sama renmania gresik jawa timur wicis gue gatau siapa sender makasih udah ngasih layout keren garang sehiphop cocok sanding naykilla
2076982538300768567,blissthethicsss,"Info untuk warga Gresik, Jawa Timur yang lagi cari loker!!!
aku ada info job fair nih tempatnya di Icon Mall Gresik di tanggal 16-17 Juli 2026

PMA China PT Hebang Biotechnology Indonesia membuka loker dgn posisi :
-Operator Forlift
-Operator Produksi
-Fitter

Jangan lupa untuk membuat akun di website GresikKerja ya sebelum datang kesana!!!
https://t.co/N7BdYfr8E2",info untuk warga gresik jawa timur yang lagi cari loker aku ada info job fair nih tempatnya di icon mall gresik di tanggal 1617 juli 2026 pma china pt hebang biotechnology indonesia membuka loker dgn posisi operator forlift operator produksi fitter jangan lupa untuk membuat akun di website gresikkerja ya sebelum datang kesana,netral,0.976,umum,5.0,2,1,2026-07-14,Gresik Jawa Timur,info warga gresik jawa timur cari loker aku info job fair nih tempat icon mall gresik tanggal 1617 juli 2026 pma china pt hebang biotechnology indonesia buka loker posisi operator forlift operator produksi fitter jangan lupa buat akun website gresikkerja datang kesana
2076877502262460900,PrabumulihKpu,"di depan mahasiswa/i di Universitas Sunan Gresik saat kegiatan sosialisasi pendidikan pemilih berkelanjutan tahun 2026 di Gresik, Jawa Timur, Sabtu (11/7/2026). Mau tau keseruannya? Simak selengkapnya melalui video ini ya 😉 #KPUMelayani",di depan mahasiswai di universitas sunan gresik saat kegiatan sosialisasi pendidikan pemilih berkelanjutan tahun 2026 di gresik jawa timur sabtu 1172026 mau tau keseruannya simak selengkapnya melalui video ini ya kpumelayani,netral,0.995,pendidikan,0.0,0,0,2026-07-14,Gresik Jawa Timur,depan mahasiswa universitas sunan gresik giat sosialisasi didik pilih lanjut tahun 2026 gresik jawa timur sabtu 1172026 mau tau seru simak lengkap lalu video kpumelayani
2076649092080337107,karir_ku,"PT Dunia Kimia Jaya (Lautan Luas Group) is hiring!

Available Position:
Human Capital

📍Placement: Gresik, Jawa Timur

You can view job details and application instructions on the flyer.

Good Luck! https://t.co/Fo4xg1o46v",pt dunia kimia jaya lautan luas group is hiring available position human capital placement gresik jawa timur you can view job details and application instructions on the flyer good luck,netral,0.952,umum,20.0,0,4,2026-07-13,Gresik Jawa Timur,pt dunia kimia jaya laut luas group is hiring available position human capital placement gresik jawa timur you can view job details and application instructions on the flyer good luck
2076644364688957481,KPU_ID,"Hal diatas disampaikan oleh Ketua KPU Mochammad Afifuddin di depan mahasiswa/i di Universitas Sunan Gresik saat kegiatan sosialisasi pendidikan pemilih berkelanjutan tahun 2026 di Gresik, Jawa Timur, Sabtu (11/7/2026).",hal diatas disampaikan oleh ketua kpu mochammad afifuddin di depan mahasiswai di universitas sunan gresik saat kegiatan sosialisasi pendidikan pemilih berkelanjutan tahun 2026 di gresik jawa timur sabtu 1172026,netral,0.998,pendidikan,3.0,1,2,2026-07-13,Gresik Jawa Timur,atas sampai ketua kpu mochammad afifuddin depan mahasiswa universitas sunan gresik giat sosialisasi didik pilih lanjut tahun 2026 gresik jawa timur sabtu 1172026
2076593802949902633,celanapendek77,"bahan: cotton mercerized (mesres kalo kata orang)
ditenun pake ATM (Alat Tenun Mesin)
produksi PT. Behaestex (Gresik - Jawa Timur)",bahan cotton mercerized mesres kalo kata orang ditenun pake atm alat tenun mesin produksi pt behaestex gresik jawa timur,netral,0.991,umum,0.0,1,0,2026-07-13,Gresik Jawa Timur,bahan cotton mercerized mesres kalo kata orang tenun pake atm alat tenun mesin produksi pt behaestex gresik jawa timur
2076531810146885849,PrabumulihKpu,"di depan mahasiswa/i di Universitas Sunan Gresik saat kegiatan sosialisasi pendidikan pemilih berkelanjutan tahun 2026 di Gresik, Jawa Timur, Sabtu (11/7/2026).
Afif juga menjelaskan pengembangan teknologi informasi seperti sistem Sirekap kepada mahasiswa, serta tetap menekankan https://t.co/A22YE5lO30",di depan mahasiswai di universitas sunan gresik saat kegiatan sosialisasi pendidikan pemilih berkelanjutan tahun 2026 di gresik jawa timur sabtu 1172026 afif juga menjelaskan pengembangan teknologi informasi seperti sistem sirekap kepada mahasiswa serta tetap menekankan,netral,0.995,pendidikan,0.0,1,0,2026-07-13,Gresik Jawa Timur,depan mahasiswa universitas sunan gresik giat sosialisasi didik pilih lanjut tahun 2026 gresik jawa timur sabtu 1172026 afif jelas kembang teknologi informasi sistem sirekap mahasiswa tetap tekan
2076189281786503270,ainurohman,"Veddriq Leonardo belum habis! 

Setelah emas gemilang di Paris 2024, performa Veddriq cenderung turun. Penyebab utamanya dia berjuang melawan kesakitan krn cedera jari tangan. 

Tapi dia berusaha keras utk kembali ke jajaran top elite dunia. Hari ini, Veddriq membuktikan ketangguhan mental dan fisiknya dgn meraih emas World Climbing Series 2026 Chamonix🇫🇷. 

Yg juga bikin sangat bahagia, Veddriq menciptakan All-Indonesian Final dengan juniornya, speed climber berbakat besar berusia 19 tahun asal Gresik, Jawa Timur, Antasyafi Robby Al Hilmi.",veddriq leonardo belum habis setelah emas gemilang di paris 2024 performa veddriq cenderung turun penyebab utamanya dia berjuang melawan kesakitan krn cedera jari tangan tapi dia berusaha keras utk kembali ke jajaran top elite dunia hari ini veddriq membuktikan ketangguhan mental dan fisiknya dgn meraih emas world climbing series 2026 chamonix yg juga bikin sangat bahagia veddriq menciptakan allindonesian final dengan juniornya speed climber berbakat besar berusia 19 tahun asal gresik jawa timur antasyafi robby al hilmi,positif,0.925,bencana,4138.0,58,1019,2026-07-12,Gresik Jawa Timur,veddriq leonardo habis emas gemilang paris 2024 performa veddriq cenderung turun sebab utama juang lawan sakit cedera jari tangan usaha keras jajar top elite dunia hari veddriq bukti tangguh mental fisik raih emas world climbing series 2026 chamonix bikin sangat bahagia veddriq cipta allindonesian final junior speed climber bakat besar usia 19 tahun asal gresik jawa timur antasyafi robby al hilmi
2076136324688675326,blissthethicsss,"🚨 Loker Gresik!

PT Chiyoda International Indonesia sedang membuka kesempatan bergabung di proyek Freeport Smelter (AF, AC, SMF) di Gresik, Jawa Timur.

Posisi yang dibuka:
• Manajer Pemeliharaan & Inspeksi
• Pengawas Pemeliharaan Mekanik
• Pengawas Pemeliharaan Listrik
• Pengawas Inspeksi Mekanik
• Pengawas Inspeksi Listrik
• Petugas HSE
• Administrasi Proyek

🌐 Apply melalui: https://t.co/rc01mtAw83

Semoga yang sedang cari kerja segera dipanggil interview ya! 🤲✨",loker gresik pt chiyoda international indonesia sedang membuka kesempatan bergabung di proyek freeport smelter af ac smf di gresik jawa timur posisi yang dibuka manajer pemeliharaan inspeksi pengawas pemeliharaan mekanik pengawas pemeliharaan listrik pengawas inspeksi mekanik pengawas inspeksi listrik petugas hse administrasi proyek apply melalui semoga yang sedang cari kerja segera dipanggil interview ya,netral,0.978,industri,86.0,5,7,2026-07-12,Gresik Jawa Timur,loker gresik pt chiyoda international indonesia sedang buka sempat gabung proyek freeport smelter af ac smf gresik jawa timur posisi buka manajer pelihara inspeksi awas pelihara mekanik awas pelihara listrik awas inspeksi mekanik awas inspeksi listrik tugas hse administrasi proyek apply lalu moga sedang cari kerja segera panggil interview
2075949704144388509,KPU_ID,"Hal diatas disampaikan oleh Ketua KPU Mochammad Afifuddin di depan mahasiswa/i di Universitas Sunan Gresik saat kegiatan sosialisasi pendidikan pemilih berkelanjutan tahun 2026 di Gresik, Jawa Timur, Sabtu (11/7/2026). https://t.co/LFVEOHUChJ",hal diatas disampaikan oleh ketua kpu mochammad afifuddin di depan mahasiswai di universitas sunan gresik saat kegiatan sosialisasi pendidikan pemilih berkelanjutan tahun 2026 di gresik jawa timur sabtu 1172026,netral,0.998,pendidikan,0.0,1,0,2026-07-11,Gresik Jawa Timur,atas sampai ketua kpu mochammad afifuddin depan mahasiswa universitas sunan gresik giat sosialisasi didik pilih lanjut tahun 2026 gresik jawa timur sabtu 1172026
2075947732863492352,ahmad_bellamy,"@himawansugeha95 @MengaliRNaturaL kemarin pak boro windu yang pimpin pengeledahan...
saat jadi kapolres gresik, beliau dikenal sangat dekat dengan poro sesepuh kyai NU di Gresik jawa timur",kemarin pak boro windu yang pimpin pengeledahan saat jadi kapolres gresik beliau dikenal sangat dekat dengan poro sesepuh kyai nu di gresik jawa timur,positif,0.612,umum,2.0,0,0,2026-07-11,Gresik Jawa Timur,kemarin pak boro windu pimpin pengeledahan jadi kapolres gresik beliau kenal sangat dekat poro sepuh kyai nu gresik jawa timur
2078118812092875095,Jurnas_net,"Hadapi Perubahan Iklim, Bupati Gresik Perkuat Pertanian lewat Modernisasi Irigasi dan Alsintan https://t.co/0cxVjBAtoJ",hadapi perubahan iklim bupati gresik perkuat pertanian lewat modernisasi irigasi dan alsintan,netral,0.981,pemerintahan,0.0,0,0,2026-07-17,Bupati Gresik,hadap ubah iklim bupati gresik kuat tani lewat modernisasi irigasi alsintan
2077681989549986112,bkpsdmgresikkab,"✨ *Penyerahan Keputusan Bupati Gresik tentang Kenaikan Pangkat Periode 1 Juli 2026, Pensiun PNS, Kenaikan Jenjang Jabatan Fungsional, dan Keputusan Tugas Belajar pada tanggal 16 Juli 2016* https://t.co/la7RK6Kyjj",penyerahan keputusan bupati gresik tentang kenaikan pangkat periode 1 juli 2026 pensiun pns kenaikan jenjang jabatan fungsional dan keputusan tugas belajar pada tanggal 16 juli 2016,netral,0.996,pemerintahan,0.0,1,0,2026-07-16,Bupati Gresik,serah putus bupati gresik naik pangkat periode 1 juli 2026 pensiun pns naik jenjang jabat fungsional putus tugas ajar tanggal 16 juli 2016
2077610658062090530,Lintasperkoro,"Postur APBD Gresik Tahun Anggaran 2026

Bupati Gresik, Fandi Akhmad Yani menerbitkan Peraturan Bupati Gresik Nomor 7 Tahun 2026 Tentang Perubahan Atas Peraturan Bupati Nomor 104 Tahun 2025 Tentang Penjabaran Anggaran Pendapatan Dan Belanja Daerah TA 2026
https://t.co/2O6ZFizn1Q",postur apbd gresik tahun anggaran 2026 bupati gresik fandi akhmad yani menerbitkan peraturan bupati gresik nomor 7 tahun 2026 tentang perubahan atas peraturan bupati nomor 104 tahun 2025 tentang penjabaran anggaran pendapatan dan belanja daerah ta 2026,netral,0.994,pemerintahan,0.0,0,0,2026-07-16,Bupati Gresik,postur apbd gresik tahun anggar 2026 bupati gresik fandi akhmad yani terbit atur bupati gresik nomor 7 tahun 2026 ubah atas atur bupati nomor 104 tahun 2025 jabar anggar dapat belanja daerah ta 2026
2076884473233183055,lampiran_id,"Sambut 200 Mahasiswa KKN Unair 2026, Bupati Gresik Tekankan Pentingnya Pengalaman Lapangan
https://t.co/66cTGVYrXU",sambut 200 mahasiswa kkn unair 2026 bupati gresik tekankan pentingnya pengalaman lapangan,netral,0.995,pemerintahan,0.0,0,0,2026-07-14,Bupati Gresik,sambut 200 mahasiswa kkn unair 2026 bupati gresik tekan penting alam lapang
2076884424223060176,lampiran_id,"Buka MPLS Ramah Anak, Bupati Gresik Luncurkan Program Sekolah Moderasi Beragama di SMPN 1 Gresik
https://t.co/dsxos7YIq0",buka mpls ramah anak bupati gresik luncurkan program sekolah moderasi beragama di smpn 1 gresik,netral,0.991,pemerintahan,0.0,0,0,2026-07-14,Bupati Gresik,buka mpls ramah anak bupati gresik luncur program sekolah moderasi agama smpn 1 gresik
2076576004395729081,fmsuaragresik,"Buka MPLS Ramah Anak, Bupati Gresik Jadikan UPT SMPN 1 Pelopor Sekolah Moderasi Beragama | Berita Selengkapnya di website https://t.co/lTM94tH3hO https://t.co/RUcFGLv26y",buka mpls ramah anak bupati gresik jadikan upt smpn 1 pelopor sekolah moderasi beragama berita selengkapnya di website,netral,0.994,pemerintahan,1.0,0,0,2026-07-13,Bupati Gresik,buka mpls ramah anak bupati gresik jadi upt smpn 1 pelopor sekolah moderasi agama berita lengkap website
2076510537811419295,Lintasperkoro,"Agus Priyono Gugat Kapolres dan Kejari hingga Bupati Gresik
https://t.co/0EGZxPphQE",agus priyono gugat kapolres dan kejari hingga bupati gresik,netral,0.995,pemerintahan,0.0,0,0,2026-07-13,Bupati Gresik,agus priyono gugat kapolres kejar hingga bupati gresik
2076209238255550897,Lintasperkoro,"Kekayaan Bupati Gresik, Fandi Akhmad Yani terus melesat dari tahun ke tahun. Padahal, gaji sebulan yang diterima Bupati yang disapa Gus Yani tersebut hanya Rp 2,1 juta. 

https://t.co/gLrzkOicmJ",kekayaan bupati gresik fandi akhmad yani terus melesat dari tahun ke tahun padahal gaji sebulan yang diterima bupati yang disapa gus yani tersebut hanya rp 21 juta,negatif,0.909,pemerintahan,0.0,0,0,2026-07-12,Bupati Gresik,kaya bupati gresik fandi akhmad yani terus lesat tahun tahun padahal gaji bulan terima bupati sapa gus yani sebut rp 21 juta
2076638450170912906,lampiran_id,"Pastikan Program Tepat Sasaran, DPRD Gresik Gelar Monev di Sangkapura Bawean
https://t.co/flGJIXimtW",pastikan program tepat sasaran dprd gresik gelar monev di sangkapura bawean,netral,0.995,pemerintahan,0.0,0,0,2026-07-13,DPRD Gresik,pasti program tepat sasar dprd gresik gelar monev sangkapura bawean
2076245659594985818,jawapos,"Pelapor Dugaan Pelanggaran Etik Ketua Komisi II DPRD Gresik Paparkan Empat Dugaan Pelanggaran
https://t.co/ZPCS5PSqI3",pelapor dugaan pelanggaran etik ketua komisi ii dprd gresik paparkan empat dugaan pelanggaran,netral,0.994,pemerintahan,0.0,0,0,2026-07-12,DPRD Gresik,lapor duga langgar etik ketua komisi ii dprd gresik papar empat duga langgar
2078311258345148539,HumasGresik,"Sinergi Polres Gresik dukung penuh ketahanan pangan daerah melalui penyerahan bantuan alat mesin pertanian (Alsintan) kepada para petani di Kabupaten Gresik 🤝🌾
#PolresGresik #KetahananPangan #Alsintan #PetaniSejahtera https://t.co/8O27JlYA2L",sinergi polres gresik dukung penuh ketahanan pangan daerah melalui penyerahan bantuan alat mesin pertanian alsintan kepada para petani di kabupaten gresik polresgresik ketahananpangan alsintan petanisejahtera,netral,0.992,umum,0.0,1,0,2026-07-18,Polres Gresik,sinergi polres gresik dukung penuh tahan pangan daerah lalu serah bantu alat mesin tani alsintan tani kabupaten gresik polresgresik ketahananpangan alsintan petanisejahtera
2078310598685995086,HumasGresik,"Kanit Kamsel bersama Anggota Satlantas Polres Gresik melaksanakan sosialisasi keselamatan berlalu lintas dan pengenalan rambu-rambu lalu lintas kepada siswa-siswi SD Negeri 4 Petrokimia Gresik.

#SatlantasPolresGresik #PolriUntukMasyarakat #EdukasiLaluLintas https://t.co/tGQKRp6jAW",kanit kamsel bersama anggota satlantas polres gresik melaksanakan sosialisasi keselamatan berlalu lintas dan pengenalan ramburambu lalu lintas kepada siswasiswi sd negeri 4 petrokimia gresik satlantaspolresgresik polriuntukmasyarakat edukasilalulintas,netral,0.997,industri,0.0,1,0,2026-07-18,Polres Gresik,kanit kamsel sama anggota satlantas polres gresik laksana sosialisasi selamat lalu lintas kenal ramburambu lalu lintas siswasiswi sd negeri 4 petrokimia gresik satlantaspolresgresik polriuntukmasyarakat edukasilalulintas
2078224808702251487,Pid_humasminut,"Personel Satlantas Polres Gresik Polda Jatim memberikan pengawalan darurat terhadap mobil yang membawa seorang ibu hendak melahirkan, Sabtu malam (11/7). Saat melaksanakan patroli di Jalan Dr. Wahidin, Gresik, Aipda Bambang S dan Aipda Enrou Amalex menerima permintaan bantuan dar https://t.co/kytVbsReJW",personel satlantas polres gresik polda jatim memberikan pengawalan darurat terhadap mobil yang membawa seorang ibu hendak melahirkan sabtu malam 117 saat melaksanakan patroli di jalan dr wahidin gresik aipda bambang s dan aipda enrou amalex menerima permintaan bantuan dar,netral,0.998,infrastruktur,0.0,0,0,2026-07-17,Polres Gresik,personel satlantas polres gresik polda jatim beri awal darurat mobil bawa orang ibu hendak lahir sabtu malam 117 laksana patroli jalan wahidin gresik aipda bambang s aipda enrou amalex terima minta bantu dar
2078110373484372112,polsek_sw_besar,"Personel Satlantas Polres Gresik membantu seorang siswa SD yang tersesat usai pulang sekolah di sekitar Pos Lantas GKB Gresik, Selasa (14/7) sekitar pukul 10.30 WIB. Saat patroli, petugas menemukan Azraqi Raffan, siswa UPT SDN 29 Randuagung #PeduliMelayaniIndonesia https://t.co/sicneSYfvR",personel satlantas polres gresik membantu seorang siswa sd yang tersesat usai pulang sekolah di sekitar pos lantas gkb gresik selasa 147 sekitar pukul 1030 wib saat patroli petugas menemukan azraqi raffan siswa upt sdn 29 randuagung pedulimelayaniindonesia,netral,0.997,pendidikan,0.0,0,0,2026-07-17,Polres Gresik,personel satlantas polres gresik bantu orang siswa sd sesat usai pulang sekolah pos lantas gkb gresik selasa 147 pukul 1030 wib patroli tugas temu azraqi raffan siswa upt sdn 29 randuagung pedulimelayaniindonesia
2078106784229998912,PolsekPondokGDE,"Personel Satlantas Polres Gresik Polda Jatim memberikan pengawalan darurat terhadap mobil yang membawa seorang ibu hendak melahirkan, Sabtu malam (11/7). Saat melaksanakan patroli di Jalan Dr. Wahidin, Gresik,  #PeduliMelayaniIndonesia https://t.co/boQZTUOvls",personel satlantas polres gresik polda jatim memberikan pengawalan darurat terhadap mobil yang membawa seorang ibu hendak melahirkan sabtu malam 117 saat melaksanakan patroli di jalan dr wahidin gresik pedulimelayaniindonesia,netral,0.998,infrastruktur,0.0,0,0,2026-07-17,Polres Gresik,personel satlantas polres gresik polda jatim beri awal darurat mobil bawa orang ibu hendak lahir sabtu malam 117 laksana patroli jalan wahidin gresik pedulimelayaniindonesia
2078103848946929683,PolsekPondokGDE,"Personel Satlantas Polres Gresik membantu seorang siswa SD yang tersesat usai pulang sekolah di sekitar Pos Lantas GKB Gresik, Selasa (14/7) sekitar pukul 10.30 WIB. Saat patroli, petugas menemukan Azraqi Raffan, siswa UPT SDN 29 Randuagung,  #PeduliMelayaniIndonesia https://t.co/Qv6YmsVtg4",personel satlantas polres gresik membantu seorang siswa sd yang tersesat usai pulang sekolah di sekitar pos lantas gkb gresik selasa 147 sekitar pukul 1030 wib saat patroli petugas menemukan azraqi raffan siswa upt sdn 29 randuagung pedulimelayaniindonesia,netral,0.997,pendidikan,0.0,0,0,2026-07-17,Polres Gresik,personel satlantas polres gresik bantu orang siswa sd sesat usai pulang sekolah pos lantas gkb gresik selasa 147 pukul 1030 wib patroli tugas temu azraqi raffan siswa upt sdn 29 randuagung pedulimelayaniindonesia
2078096767753781690,SektorSepatan,"Personel Satlantas Polres Gresik membantu seorang siswa SD yang tersesat usai pulang sekolah di sekitar Pos Lantas GKB Gresik, Selasa (14/7) sekitar pukul 10.30 WIB. Saat patroli, petugas menemukan Azraqi Raffan, siswa UPT SDN 29 Randuagung, #PeduliMelayaniIndonesia https://t.co/vFYs0kBjx9",personel satlantas polres gresik membantu seorang siswa sd yang tersesat usai pulang sekolah di sekitar pos lantas gkb gresik selasa 147 sekitar pukul 1030 wib saat patroli petugas menemukan azraqi raffan siswa upt sdn 29 randuagung pedulimelayaniindonesia,netral,0.997,pendidikan,0.0,0,0,2026-07-17,Polres Gresik,personel satlantas polres gresik bantu orang siswa sd sesat usai pulang sekolah pos lantas gkb gresik selasa 147 pukul 1030 wib patroli tugas temu azraqi raffan siswa upt sdn 29 randuagung pedulimelayaniindonesia
2078095827155992850,PolsekKarangas1,"Personel Satlantas Polres Gresik membantu seorang siswa SD yang tersesat usai pulang sekolah di sekitar Pos Lantas GKB Gresik, Selasa (14/7) sekitar pukul 10.30 WIB. https://t.co/6vkbx9KtEd",personel satlantas polres gresik membantu seorang siswa sd yang tersesat usai pulang sekolah di sekitar pos lantas gkb gresik selasa 147 sekitar pukul 1030 wib,netral,0.997,pendidikan,0.0,0,0,2026-07-17,Polres Gresik,personel satlantas polres gresik bantu orang siswa sd sesat usai pulang sekolah pos lantas gkb gresik selasa 147 pukul 1030 wib
2078082246280646685,HumasJatiasih,"Personel Satlantas Polres Gresik membantu seorang siswa SD yang tersesat usai pulang sekolah di sekitar Pos Lantas GKB Gresik, Selasa (14/7) sekitar pukul 10.30 WIB. https://t.co/OIkW56s35c",personel satlantas polres gresik membantu seorang siswa sd yang tersesat usai pulang sekolah di sekitar pos lantas gkb gresik selasa 147 sekitar pukul 1030 wib,netral,0.997,pendidikan,1.0,0,0,2026-07-17,Polres Gresik,personel satlantas polres gresik bantu orang siswa sd sesat usai pulang sekolah pos lantas gkb gresik selasa 147 pukul 1030 wib
2078071262325432517,lantasresgresik,Kanit Kamsel bersama Anggota Satlantas Polres Gresik melaksanakan sosialisasi keselamatan berlalu lintas dan pengenalan rambu-rambu lalu lintas kepada siswa-siswi SD Negeri 4 Petrokimia Gresik. https://t.co/II7vaIiySZ,kanit kamsel bersama anggota satlantas polres gresik melaksanakan sosialisasi keselamatan berlalu lintas dan pengenalan ramburambu lalu lintas kepada siswasiswi sd negeri 4 petrokimia gresik,netral,0.997,industri,0.0,0,0,2026-07-17,Polres Gresik,kanit kamsel sama anggota satlantas polres gresik laksana sosialisasi selamat lalu lintas kenal ramburambu lalu lintas siswasiswi sd negeri 4 petrokimia gresik
2078068455866355752,lantasresgresik,"Mengawali hari Jumat dengan pelayanan dan kepedulian, Anggota Satlantas Polres Gresik melaksanakan pengaturan arus lalu lintas sekaligus kegiatan Jumat Berkah Berbagi kepada para jemaah Salat Jumat di Masjid Baitussalam, Kebomas, Gresik. https://t.co/e8y1EUrDjL",mengawali hari jumat dengan pelayanan dan kepedulian anggota satlantas polres gresik melaksanakan pengaturan arus lalu lintas sekaligus kegiatan jumat berkah berbagi kepada para jemaah salat jumat di masjid baitussalam kebomas gresik,netral,0.931,umum,0.0,0,0,2026-07-17,Polres Gresik,awal hari jumat layan peduli anggota satlantas polres gresik laksana atur arus lalu lintas sekaligus giat jumat berkah bagi jemaah salat jumat masjid baitussalam kebomas gresik
2078067894139994328,pamulang_polsek,"Personel Satlantas Polres Gresik membantu seorang siswa SD yang tersesat usai pulang sekolah di sekitar Pos Lantas GKB Gresik, Selasa (14/7) sekitar pukul 10.30 WIB. Saat patroli, petugas menemukan Azraqi Raffan, siswa UPT SDN 29 Randuagung, berjalan seorang diri https://t.co/5yDmP3iu60",personel satlantas polres gresik membantu seorang siswa sd yang tersesat usai pulang sekolah di sekitar pos lantas gkb gresik selasa 147 sekitar pukul 1030 wib saat patroli petugas menemukan azraqi raffan siswa upt sdn 29 randuagung berjalan seorang diri,netral,0.996,infrastruktur,0.0,0,0,2026-07-17,Polres Gresik,personel satlantas polres gresik bantu orang siswa sd sesat usai pulang sekolah pos lantas gkb gresik selasa 147 pukul 1030 wib patroli tugas temu azraqi raffan siswa upt sdn 29 randuagung jalan orang diri
2078064138472108306,polres_soetta,"Personel Satlantas Polres Gresik Polda Jatim memberikan pengawalan darurat terhadap mobil yang membawa seorang ibu hendak melahirkan, Sabtu malam (11/7). Saat melaksanakan patroli di Jalan Dr. Wahidin, Gresik https://t.co/yRuIoQUbEo",personel satlantas polres gresik polda jatim memberikan pengawalan darurat terhadap mobil yang membawa seorang ibu hendak melahirkan sabtu malam 117 saat melaksanakan patroli di jalan dr wahidin gresik,netral,0.998,infrastruktur,0.0,0,0,2026-07-17,Polres Gresik,personel satlantas polres gresik polda jatim beri awal darurat mobil bawa orang ibu hendak lahir sabtu malam 117 laksana patroli jalan wahidin gresik
2078063442444132603,polres_soetta,"Personel Satlantas Polres Gresik membantu seorang siswa SD yang tersesat usai pulang sekolah di sekitar Pos Lantas GKB Gresik, Selasa (14/7) sekitar pukul 10.30 WIB. https://t.co/vmQWX55qNc",personel satlantas polres gresik membantu seorang siswa sd yang tersesat usai pulang sekolah di sekitar pos lantas gkb gresik selasa 147 sekitar pukul 1030 wib,netral,0.997,pendidikan,0.0,0,0,2026-07-17,Polres Gresik,personel satlantas polres gresik bantu orang siswa sd sesat usai pulang sekolah pos lantas gkb gresik selasa 147 pukul 1030 wib
2078061459142271412,HumasGresik,"@e100ss Selamat Sore Sobat Polri terimakasih laporannya kami datangi dan selanjutnya dilakukan pengaturan lalin dan evakuasi korban, apabila mengalami kejadian silakan lapor ke Polsek terdekat dan Call Center 110 / melalui WA Polres Gresik 08118002006",selamat sore sobat polri terimakasih laporannya kami datangi dan selanjutnya dilakukan pengaturan lalin dan evakuasi korban apabila mengalami kejadian silakan lapor ke polsek terdekat dan call center 110 melalui wa polres gresik 08118002006,netral,0.995,umum,0.0,0,0,2026-07-17,Polres Gresik,selamat sore sobat polri terimakasih lapor datang lanjut laku atur lalin evakuasi korban apabila alami jadi sila lapor polsek dekat call center 110 lalu wa polres gresik 08118002006
2078059615951172061,SEKPATTALLASANG,"Personel Satlantas Polres Gresik membantu seorang siswa SD yang tersesat usai pulang sekolah di sekitar Pos Lantas GKB Gresik, Selasa (14/7)

Terus Berkomitmen Mengabdi Menjalankan Tugas Untuk Masyarakat serta #PeduliMelayaniIndonesia

dikutip dari akun @satlantasgresik. https://t.co/r3IkFtw3vT",personel satlantas polres gresik membantu seorang siswa sd yang tersesat usai pulang sekolah di sekitar pos lantas gkb gresik selasa 147 terus berkomitmen mengabdi menjalankan tugas untuk masyarakat serta pedulimelayaniindonesia dikutip dari akun,netral,0.997,infrastruktur,0.0,0,0,2026-07-17,Polres Gresik,personel satlantas polres gresik bantu orang siswa sd sesat usai pulang sekolah pos lantas gkb gresik selasa 147 terus komitmen abdi jalan tugas masyarakat pedulimelayaniindonesia kutip akun
2078058520826741132,polsek_skjd,"Personel Satlantas Polres Gresik membantu seorang siswa SD yang tersesat usai pulang sekolah di sekitar Pos Lantas GKB Gresik, Selasa (14/7) sekitar pukul 10.30 WIB. Terus Berkomitmen Mengabdi Menjalankan Tugas Untuk Masyarakat serta #PeduliMelayaniIndonesia https://t.co/NBlXuOvrzJ",personel satlantas polres gresik membantu seorang siswa sd yang tersesat usai pulang sekolah di sekitar pos lantas gkb gresik selasa 147 sekitar pukul 1030 wib terus berkomitmen mengabdi menjalankan tugas untuk masyarakat serta pedulimelayaniindonesia,netral,0.994,infrastruktur,0.0,0,0,2026-07-17,Polres Gresik,personel satlantas polres gresik bantu orang siswa sd sesat usai pulang sekolah pos lantas gkb gresik selasa 147 pukul 1030 wib terus komitmen abdi jalan tugas masyarakat pedulimelayaniindonesia
2075803266789842970,subregjawaP,"infrastruktur pendukung, ruang kontrol/monitoring, hingga melihat secara langsung aktivitas operasional terminal nonpetikemas.

Melalui kunjungan lapangan tersebut bertujuan untuk melihat secara langsung kesiapan Pelabuhan Gresik dalam mengelola operasional terminal",infrastruktur pendukung ruang kontrolmonitoring hingga melihat secara langsung aktivitas operasional terminal nonpetikemas melalui kunjungan lapangan tersebut bertujuan untuk melihat secara langsung kesiapan pelabuhan gresik dalam mengelola operasional terminal,netral,0.992,infrastruktur,0.0,0,0,2026-07-11,pelabuhan Gresik,infrastruktur dukung ruang kontrolmonitoring hingga lihat langsung aktivitas operasional terminal nonpetikemas lalu kunjung lapang sebut tuju lihat langsung kesiap labuh gresik kelola operasional terminal
2075802326707966141,subregjawaP,"peningkatan produktivitas, hingga strategi perusahaan dalam menjaga keberlanjutan operasional.

Usai agenda diskusi, rombongan melanjutkan peninjauan lapangan ke sejumlah area operasional Pelabuhan Gresik. Kegiatan tersebut meliputi kunjungan ke area dermaga, peralatan dan",peningkatan produktivitas hingga strategi perusahaan dalam menjaga keberlanjutan operasional usai agenda diskusi rombongan melanjutkan peninjauan lapangan ke sejumlah area operasional pelabuhan gresik kegiatan tersebut meliputi kunjungan ke area dermaga peralatan dan,netral,0.996,infrastruktur,0.0,0,0,2026-07-11,pelabuhan Gresik,tingkat produktivitas hingga strategi usaha jaga lanjut operasional usai agenda diskusi rombong lanjut tinjau lapang jumlah area operasional labuh gresik giat sebut liput kunjung area dermaga alat
2075800124362780851,subregjawaP,ke Pelabuhan Gresik yang dikelola PT Pelabuhan Indonesia (Persero) atau Pelindo pada Kamis (9/7).,ke pelabuhan gresik yang dikelola pt pelabuhan indonesia persero atau pelindo pada kamis 97,netral,0.997,infrastruktur,0.0,0,0,2026-07-11,pelabuhan Gresik,labuh gresik kelola pt labuh indonesia persero pelindo kamis 97
2076574688244039971,lampiran_id,"PiAR Desak Dr. Rian Pramana Suwanda Pilih Jabatan: Rektor Universitas Gresik atau ASN?
https://t.co/99JjycqNMn",piar desak dr rian pramana suwanda pilih jabatan rektor universitas gresik atau asn,netral,0.997,pendidikan,0.0,0,0,2026-07-13,Universitas Gresik,piar desak rian pramana suwanda pilih jabat rektor universitas gresik asn
2078040833430036776,PolisiSerpong,"Menyadari setiap detik sangat berharga, kedua personel segera menyalakan sirene dan membuka jalan menuju RSUD Ibnu Sina Gresik. Setibanya di rumah sakit, petugas langsung berkoordinasi dengan tim medis hingga proses evakuasi berjalan cepat.",menyadari setiap detik sangat berharga kedua personel segera menyalakan sirene dan membuka jalan menuju rsud ibnu sina gresik setibanya di rumah sakit petugas langsung berkoordinasi dengan tim medis hingga proses evakuasi berjalan cepat,netral,0.989,pemerintahan,0.0,0,0,2026-07-17,RSUD Ibnu Sina Gresik,sadar detik sangat harga dua personel segera nyala sirene buka jalan tuju rsud ibnu sina gresik tiba rumah sakit tugas langsung koordinasi tim medis hingga proses evakuasi jalan cepat
2078033821833085201,Humasressanggau,"Menyadari setiap detik sangat berharga, kedua personel segera menyalakan sirene dan membuka jalan menuju RSUD Ibnu Sina Gresik. Setibanya di rumah sakit, petugas langsung berkoordinasi dengan tim medis hingga proses evakuasi berjalan cepat.",menyadari setiap detik sangat berharga kedua personel segera menyalakan sirene dan membuka jalan menuju rsud ibnu sina gresik setibanya di rumah sakit petugas langsung berkoordinasi dengan tim medis hingga proses evakuasi berjalan cepat,netral,0.989,pemerintahan,0.0,1,0,2026-07-17,RSUD Ibnu Sina Gresik,sadar detik sangat harga dua personel segera nyala sirene buka jalan tuju rsud ibnu sina gresik tiba rumah sakit tugas langsung koordinasi tim medis hingga proses evakuasi jalan cepat
2078015964055298406,IniTrenggalek,"Menyadari setiap detik sangat berharga, kedua personel segera menyalakan sirene dan membuka jalan menuju RSUD Ibnu Sina Gresik. Setibanya di rumah sakit, petugas langsung berkoordinasi dengan tim medis hingga proses evakuasi berjalan cepat.",menyadari setiap detik sangat berharga kedua personel segera menyalakan sirene dan membuka jalan menuju rsud ibnu sina gresik setibanya di rumah sakit petugas langsung berkoordinasi dengan tim medis hingga proses evakuasi berjalan cepat,netral,0.989,pemerintahan,0.0,1,0,2026-07-17,RSUD Ibnu Sina Gresik,sadar detik sangat harga dua personel segera nyala sirene buka jalan tuju rsud ibnu sina gresik tiba rumah sakit tugas langsung koordinasi tim medis hingga proses evakuasi jalan cepat
2077280519289754103,DivHumas_Polri,"Personel Satlantas Polres Gresik Polda Jatim memberikan pengawalan darurat terhadap mobil yang membawa seorang ibu hendak melahirkan, Sabtu malam (11/7). Saat melaksanakan patroli di Jalan Dr. Wahidin, Gresik, Aipda Bambang S dan Aipda Enrou Amalex menerima permintaan bantuan dari pengemudi Toyota Avanza yang membawa seorang ibu asal Sidoarjo dalam kondisi darurat persalinan.

Menyadari setiap detik sangat berharga, kedua personel segera menyalakan sirene dan membuka jalan menuju RSUD Ibnu Sina Gresik. Setibanya di rumah sakit, petugas langsung berkoordinasi dengan tim medis hingga proses evakuasi berjalan cepat. Berkat respons cepat dan kerja sama petugas, ibu dan bayi berhasil mendapatkan penanganan medis serta diselamatkan dengan selamat.",personel satlantas polres gresik polda jatim memberikan pengawalan darurat terhadap mobil yang membawa seorang ibu hendak melahirkan sabtu malam 117 saat melaksanakan patroli di jalan dr wahidin gresik aipda bambang s dan aipda enrou amalex menerima permintaan bantuan dari pengemudi toyota avanza yang membawa seorang ibu asal sidoarjo dalam kondisi darurat persalinan menyadari setiap detik sangat berharga kedua personel segera menyalakan sirene dan membuka jalan menuju rsud ibnu sina gresik setibanya di rumah sakit petugas langsung berkoordinasi dengan tim medis hingga proses evakuasi berjalan cepat berkat respons cepat dan kerja sama petugas ibu dan bayi berhasil mendapatkan penanganan medis serta diselamatkan dengan selamat,netral,0.915,pemerintahan,283.0,47,4,2026-07-15,RSUD Ibnu Sina Gresik,personel satlantas polres gresik polda jatim beri awal darurat mobil bawa orang ibu hendak lahir sabtu malam 117 laksana patroli jalan wahidin gresik aipda bambang s aipda enrou amalex terima minta bantu kemudi toyota avanza bawa orang ibu asal sidoarjo kondisi darurat salin sadar detik sangat harga dua personel segera nyala sirene buka jalan tuju rsud ibnu sina gresik tiba rumah sakit tugas langsung koordinasi tim medis hingga proses evakuasi jalan cepat berkat respons cepat kerja sama tugas ibu bayi hasil dapat tangan medis selamat selamat
2075885679318561213,nugresik,"Hijrah Preneur Fest 2026 Resmi Dibuka, Kolaborasi Lintas Sektor Perkuat Daya Saing UMKM Gresik https://t.co/9zmBo5RsGt",hijrah preneur fest 2026 resmi dibuka kolaborasi lintas sektor perkuat daya saing umkm gresik,netral,0.867,ekonomi,0.0,0,0,2026-07-11,UMKM Gresik,hijrah preneur fest 2026 resmi buka kolaborasi lintas sektor kuat daya saing umkm gresik
2078032021583233458,daruzarmedian,"@credOLIN Weh, di petrokimia Gresik ternyata.",weh di petrokimia gresik ternyata,netral,0.782,industri,1.0,1,0,2026-07-17,Petrokimia Gresik,weh petrokimia gresik nyata
2078026924509876354,petrogresik,"Selamat kepada para pemenang Kuis HUT Petrokimia Gresik! 🎉

Terima kasih atas antusiasme luar biasa dalam mengikuti Kuis HUT Petrokimia Gresik yaa Sahabat. PetroMin senang banget melihat begitu banyak Sahabat yang ikut meramaikan perayaan ini. 💚

Selamat kepada para pemenang:
🏆 @devandra_adritama
🏆 @fillesoleilor
🏆 @taupikkarliah
🏆 @rumijalaludin_
🏆 @handika.pratamaputra

Bagi para pemenang, silakan segera menghubungi admin melalui DM untuk proses konfirmasi hadiah. 📩

Untuk Sahabat yang belum beruntung, jangan berkecil hati ya! 
Sampai jumpa di #WaktuPGBagianKuis berikutnyaa😉

Mari terus tumbuh bersama mewujudkan masa depan yang lebih baik. 🌱💚

#PetrokimiaGresik #SolusiAgroindustri #HUT54PetrokimiaGresik #GrowingTheFuture #WaktuPGBagianKuis",selamat kepada para pemenang kuis hut petrokimia gresik terima kasih atas antusiasme luar biasa dalam mengikuti kuis hut petrokimia gresik yaa sahabat petromin senang banget melihat begitu banyak sahabat yang ikut meramaikan perayaan ini selamat kepada para pemenang pratamaputra bagi para pemenang silakan segera menghubungi admin melalui dm untuk proses konfirmasi hadiah untuk sahabat yang belum beruntung jangan berkecil hati ya sampai jumpa di waktupgbagiankuis berikutnyaa mari terus tumbuh bersama mewujudkan masa depan yang lebih baik petrokimiagresik solusiagroindustri hut54petrokimiagresik growingthefuture waktupgbagiankuis,positif,0.869,industri,0.0,0,0,2026-07-17,Petrokimia Gresik,selamat menang kuis hut petrokimia gresik terima kasih atas antusiasme luar biasa ikut kuis hut petrokimia gresik yaa sahabat petromin senang banget lihat banyak sahabat ikut ramai raya selamat menang pratamaputra menang sila segera hubung admin lalu dm proses konfirmasi hadiah sahabat untung jangan kecil hati jumpa waktupgbagiankuis berikutnyaa terus tumbuh sama wujud masa depan lebih baik petrokimiagresik solusiagroindustri hut54petrokimiagresik growingthefuture waktupgbagiankuis
2077585069288616109,credOLIN,"Today I cycled 5K keliling komplek sebagai, pemanasan sebelum workout.
Iya, beneran udah panas sih. 
Lihat aja foto terakhir. 😅

💙💚✨
#RandomVisual https://t.co/wKYGDhDuz9",today i cycled 5k keliling komplek sebagai pemanasan sebelum workout iya beneran udah panas sih lihat aja foto terakhir randomvisual,negatif,0.905,umum,17.0,7,1,2026-07-16,Petrokimia Gresik,today i cycled 5k keliling komplek panas workout iya beneran udah panas sih lihat foto akhir randomvisual
2077717210009883073,petrogresik,"Sahabat, dalam rangka memperingati Hari Jaminan Ketahanan Pangan (HAJATAN), Petrokimia Gresik bersama Kementerian Koordinator Bidang Pangan menyalurkan 600 paket sembako kepada masyarakat dan pengemudi ojek online di Gresik. ✨

Bantuan diberikan kepada 400 warga sekitar perusahaan, termasuk nelayan, serta 200 pengemudi ojek online. Kegiatan ini menjadi wujud kepedulian sekaligus bagian dari rangkaian HUT ke-54 Petrokimia Gresik yaa Sahabat. 💚

Melalui kolaborasi bersama pemerintah, Petrokimia Gresik terus berkomitmen menghadirkan manfaat nyata bagi masyarakat, baik melalui dukungan terhadap produktivitas pertanian maupun program sosial yang berdampak langsung.

Semoga semangat berbagi dan gotong royong ini terus tumbuh untuk memperkuat ketahanan pangan Indonesia. 🌱

#PetrokimiaGresik #SolusiAgroindustri #GrowingTheFuture #HAJATAN #HariJaminanKetahananPangan",sahabat dalam rangka memperingati hari jaminan ketahanan pangan hajatan petrokimia gresik bersama kementerian koordinator bidang pangan menyalurkan 600 paket sembako kepada masyarakat dan pengemudi ojek online di gresik bantuan diberikan kepada 400 warga sekitar perusahaan termasuk nelayan serta 200 pengemudi ojek online kegiatan ini menjadi wujud kepedulian sekaligus bagian dari rangkaian hut ke54 petrokimia gresik yaa sahabat melalui kolaborasi bersama pemerintah petrokimia gresik terus berkomitmen menghadirkan manfaat nyata bagi masyarakat baik melalui dukungan terhadap produktivitas pertanian maupun program sosial yang berdampak langsung semoga semangat berbagi dan gotong royong ini terus tumbuh untuk memperkuat ketahanan pangan indonesia petrokimiagresik solusiagroindustri growingthefuture hajatan harijaminanketahananpangan,positif,0.589,industri,2.0,0,0,2026-07-16,Petrokimia Gresik,sahabat rangka ingat hari jamin tahan pangan hajat petrokimia gresik sama menteri koordinator bidang pangan salur 600 paket sembako masyarakat kemudi ojek online gresik bantu beri 400 warga usaha masuk nelayan 200 kemudi ojek online giat jadi wujud peduli sekaligus bagi rangkai hut ke54 petrokimia gresik yaa sahabat lalu kolaborasi sama perintah petrokimia gresik terus komitmen hadir manfaat nyata masyarakat baik lalu dukung produktivitas tani maupun program sosial dampak langsung moga semangat bagi gotong royong terus tumbuh kuat tahan pangan indonesia petrokimiagresik solusiagroindustri growingthefuture hajat harijaminanketahananpangan
2077640562363273656,NatasyaW61331,"Zulkifli Hasan meninjau langsung fasilitas Dermaga Petrokimia Gresik untuk mendukung distribusi pangan yang lebih efisien.

#MenkoPangan
#PartaiAmanatNasional
#ZulkifliHasan
#Zulhas
#GD_Zulhas https://t.co/XVfTT0SC35",zulkifli hasan meninjau langsung fasilitas dermaga petrokimia gresik untuk mendukung distribusi pangan yang lebih efisien menkopangan partaiamanatnasional zulkiflihasan zulhas gd_zulhas,netral,0.996,industri,0.0,0,0,2026-07-16,Petrokimia Gresik,zulkifli hasan tinjau langsung fasilitas dermaga petrokimia gresik dukung distribusi pangan lebih efisien menkopangan partaiamanatnasional zulkiflihasan zulhas gd zulhas
2077636929793966186,sampengnih,"Zulkifli Hasan meninjau kesiapan Dermaga Petrokimia Gresik sebagai bagian dari upaya memperkuat distribusi pangan nasional.

#MenkoPangan
#PartaiAmanatNasional
#ZulkifliHasan
#Zulhas
#GD_Zulhas https://t.co/Y4OhWqoKVy",zulkifli hasan meninjau kesiapan dermaga petrokimia gresik sebagai bagian dari upaya memperkuat distribusi pangan nasional menkopangan partaiamanatnasional zulkiflihasan zulhas gd_zulhas,netral,0.997,industri,1.0,0,0,2026-07-16,Petrokimia Gresik,zulkifli hasan tinjau kesiap dermaga petrokimia gresik bagi upaya kuat distribusi pangan nasional menkopangan partaiamanatnasional zulkiflihasan zulhas gd zulhas
2077599803639554126,lalapopoy3,"Zulkifli Hasan meninjau Dermaga Petrokimia Gresik untuk memastikan logistik pangan nasional berjalan lancar.

#MenkoPangan
#PartaiAmanatNasional
#ZulkifliHasan
#Zulhas
#GD_Zulhas https://t.co/rR2Sh11bT3",zulkifli hasan meninjau dermaga petrokimia gresik untuk memastikan logistik pangan nasional berjalan lancar menkopangan partaiamanatnasional zulkiflihasan zulhas gd_zulhas,netral,0.996,infrastruktur,0.0,0,0,2026-07-16,Petrokimia Gresik,zulkifli hasan tinjau dermaga petrokimia gresik pasti logistik pangan nasional jalan lancar menkopangan partaiamanatnasional zulkiflihasan zulhas gd zulhas
2077598803750965578,lalapopoy2,"Zulkifli Hasan meninjau Dermaga Petrokimia Gresik untuk memastikan logistik pangan berjalan lebih efisien dan mendukung ketahanan pangan nasional.

https://t.co/Adgtq9DYqB

#MenkoPangan
#PartaiAmanatNasional
#ZulkifliHasan
#Zulhas
#GD_Zulhas https://t.co/f20ZB33FXv",zulkifli hasan meninjau dermaga petrokimia gresik untuk memastikan logistik pangan berjalan lebih efisien dan mendukung ketahanan pangan nasional menkopangan partaiamanatnasional zulkiflihasan zulhas gd_zulhas,netral,0.992,infrastruktur,0.0,0,0,2026-07-16,Petrokimia Gresik,zulkifli hasan tinjau dermaga petrokimia gresik pasti logistik pangan jalan lebih efisien dukung tahan pangan nasional menkopangan partaiamanatnasional zulkiflihasan zulhas gd zulhas
2077597603802579083,MKocip,"Zulkifli Hasan meninjau Dermaga Petrokimia Gresik untuk memastikan logistik pangan nasional berjalan lancar.

#MenkoPangan
#PartaiAmanatNasional
#ZulkifliHasan
#Zulhas
#GD_Zulhas https://t.co/6vgo6z5gZP",zulkifli hasan meninjau dermaga petrokimia gresik untuk memastikan logistik pangan nasional berjalan lancar menkopangan partaiamanatnasional zulkiflihasan zulhas gd_zulhas,netral,0.996,infrastruktur,0.0,0,0,2026-07-16,Petrokimia Gresik,zulkifli hasan tinjau dermaga petrokimia gresik pasti logistik pangan nasional jalan lancar menkopangan partaiamanatnasional zulkiflihasan zulhas gd zulhas
2077596981883724087,A2Dong4,"Zulkifli Hasan meninjau Dermaga Petrokimia Gresik untuk memastikan logistik pangan nasional berjalan lancar.

#MenkoPangan
#PartaiAmanatNasional
#ZulkifliHasan
#Zulhas
#GD_Zulhas https://t.co/4G4LPwLC3o",zulkifli hasan meninjau dermaga petrokimia gresik untuk memastikan logistik pangan nasional berjalan lancar menkopangan partaiamanatnasional zulkiflihasan zulhas gd_zulhas,netral,0.996,infrastruktur,0.0,0,0,2026-07-16,Petrokimia Gresik,zulkifli hasan tinjau dermaga petrokimia gresik pasti logistik pangan nasional jalan lancar menkopangan partaiamanatnasional zulkiflihasan zulhas gd zulhas
2077596032779829592,ChakyNich,"Zulkifli Hasan meninjau Dermaga Petrokimia Gresik untuk memastikan logistik pangan berjalan lebih efisien dan mendukung ketahanan pangan nasional.

https://t.co/OLjiM3EPik

#MenkoPangan
#PartaiAmanatNasional
#ZulkifliHasan
#Zulhas
#GD_Zulhas https://t.co/byKWAUtFbZ",zulkifli hasan meninjau dermaga petrokimia gresik untuk memastikan logistik pangan berjalan lebih efisien dan mendukung ketahanan pangan nasional menkopangan partaiamanatnasional zulkiflihasan zulhas gd_zulhas,netral,0.992,infrastruktur,0.0,0,0,2026-07-16,Petrokimia Gresik,zulkifli hasan tinjau dermaga petrokimia gresik pasti logistik pangan jalan lebih efisien dukung tahan pangan nasional menkopangan partaiamanatnasional zulkiflihasan zulhas gd zulhas
2077384782980481497,petrogresik,"Sahabat, Terminal Untuk Kepentingan Sendiri (TUKS) milik Petrokimia Gresik meraih Predikat Pelabuhan Terbaik Nasional dalam asesmen Green and Smart Port pada ajang GSPI ASRI 2026. 🏆✨

Penghargaan yang diserahkan langsung oleh Menteri Koordinator Bidang Pangan, Zulkifli Hasan ini menjadi apresiasi atas komitmen Petrokimia Gresik dalam menghadirkan pengelolaan pelabuhan yang hijau, cerdas, aman, dan berkelanjutan.

TUKS memegang peran penting dalam menjaga kelancaran pasokan bahan baku dan distribusi pupuk guna mendukung kedaulatan pangan nasional. Dengan nilai asesmen mencapai 94%, TUKS Petrokimia Gresik terus memperkuat peran tersebut melalui layanan yang andal dan inovatif. 🌱🚢

Mari bersama mendukung langkah-langkah inovatif demi mewujudkan kedaulatan pangan Indonesia. 💚🇮🇩

#PetrokimiaGresik #SolusiAgroindustri #GreenSmartPort #GSPIASRI2026 #KetahananPangan",sahabat terminal untuk kepentingan sendiri tuks milik petrokimia gresik meraih predikat pelabuhan terbaik nasional dalam asesmen green and smart port pada ajang gspi asri 2026 penghargaan yang diserahkan langsung oleh menteri koordinator bidang pangan zulkifli hasan ini menjadi apresiasi atas komitmen petrokimia gresik dalam menghadirkan pengelolaan pelabuhan yang hijau cerdas aman dan berkelanjutan tuks memegang peran penting dalam menjaga kelancaran pasokan bahan baku dan distribusi pupuk guna mendukung kedaulatan pangan nasional dengan nilai asesmen mencapai 94 tuks petrokimia gresik terus memperkuat peran tersebut melalui layanan yang andal dan inovatif mari bersama mendukung langkahlangkah inovatif demi mewujudkan kedaulatan pangan indonesia petrokimiagresik solusiagroindustri greensmartport gspiasri2026 ketahananpangan,positif,0.789,infrastruktur,0.0,0,0,2026-07-15,Petrokimia Gresik,sahabat terminal penting sendiri tuks milik petrokimia gresik raih predikat labuh baik nasional asesmen green and smart port ajang gspi asri 2026 harga serah langsung menteri koordinator bidang pangan zulkifli hasan jadi apresiasi atas komitmen petrokimia gresik hadir kelola labuh hijau cerdas aman lanjut tuks pegang peran penting jaga lancar pasok bahan baku distribusi pupuk dukung daulat pangan nasional nilai asesmen capai 94 tuks petrokimia gresik terus kuat peran sebut lalu layan andal inovatif sama dukung langkahlangkah inovatif wujud daulat pangan indonesia petrokimiagresik solusiagroindustri greensmartport gspiasri2026 ketahananpangan
2077296962949509349,kodim0817gresik,"Menko Bidang Pangan Kunjungi Gresik, Perkuat Sinergi Ketahanan Pangan Nasional Bersama Petrokimia Gresik https://t.co/Qyt3kWO25l https://t.co/rdb0XIVHau",menko bidang pangan kunjungi gresik perkuat sinergi ketahanan pangan nasional bersama petrokimia gresik,netral,0.981,industri,0.0,0,0,2026-07-15,Petrokimia Gresik,menko bidang pangan kunjung gresik kuat sinergi tahan pangan nasional sama petrokimia gresik
2076974965367431292,nugresik,SMK Assa’adah Bungah Jalin Peluang Teaching Factory Bersama Petrokimia Gresik https://t.co/joRv4OfL6g,smk assaadah bungah jalin peluang teaching factory bersama petrokimia gresik,netral,0.988,industri,0.0,0,0,2026-07-14,Petrokimia Gresik,smk assaadah bungah jalin peluang teaching factory sama petrokimia gresik
2076940795244925204,petrogresik,"Sahabat, peringatan HUT ke-54 Petrokimia Gresik tak hanya menjadi momen untuk merayakan perjalanan perusahaan, tetapi juga mempererat kebersamaan keluarga besar Petrokimia Gresik melalui kegiatan Fun Walk. ☺️✨

Setiap langkah menjadi pengingat bahwa kesehatan adalah modal utama untuk terus berkarya. Dukungan keluarga pun menjadi energi yang menguatkan setiap Insan Petro dalam memberikan kontribusi terbaik bagi perusahaan. 💪😁

Semoga semangat hidup sehat, kebersamaan, dan silaturahmi yang terjalin terus tumbuh, mengiringi langkah Petrokimia Gresik untuk semakin maju, tangguh, dan memberikan manfaat bagi negeri. 🌱🙏

#PetrokimiaGresik #SolusiAgroindustri #HUT54PetrokimiaGresik #GrowingTheFuture #FunWalk",sahabat peringatan hut ke54 petrokimia gresik tak hanya menjadi momen untuk merayakan perjalanan perusahaan tetapi juga mempererat kebersamaan keluarga besar petrokimia gresik melalui kegiatan fun walk setiap langkah menjadi pengingat bahwa kesehatan adalah modal utama untuk terus berkarya dukungan keluarga pun menjadi energi yang menguatkan setiap insan petro dalam memberikan kontribusi terbaik bagi perusahaan semoga semangat hidup sehat kebersamaan dan silaturahmi yang terjalin terus tumbuh mengiringi langkah petrokimia gresik untuk semakin maju tangguh dan memberikan manfaat bagi negeri petrokimiagresik solusiagroindustri hut54petrokimiagresik growingthefuture funwalk,positif,0.78,infrastruktur,1.0,0,0,2026-07-14,Petrokimia Gresik,sahabat ingat hut ke54 petrokimia gresik tak jadi momen raya jalan usaha erat sama keluarga besar petrokimia gresik lalu giat fun walk langkah jadi ingat sehat modal utama terus karya dukung keluarga jadi energi kuat insan petro beri kontribusi baik usaha moga semangat hidup sehat sama silaturahmi jalin terus tumbuh iring langkah petrokimia gresik makin maju tangguh beri manfaat negeri petrokimiagresik solusiagroindustri hut54petrokimiagresik growingthefuture funwalk
2076879080339935283,petrogresik,"Kinerja Komunikasi Petrokimia Gresik kembali meraih pengakuan di tingkat nasional melalui ajang The 5th Indonesia DEI & ESG Awards (IDEAS) 2026, nih Sahabat.🏆✨

Tiga penghargaan berhasil diraih, yaitu Silver Winner kategori DEI Communication Program melalui program EI Squad, serta dua Bronze Winner kategori ESG Communication Program melalui program komunikasi pemberdayaan masyarakat dan penguatan komunikasi internal perusahaan.

Capaian ini menjadi semangat bagi Petrokimia Gresik untuk terus menghadirkan komunikasi yang inklusif, membangun kepercayaan, serta memberikan dampak positif bagi karyawan, masyarakat, dan seluruh pemangku kepentingan. 🌱

Mari terus tumbuhkan komunikasi yang kolaboratif, dan penuh makna untuk menciptakan manfaat yang lebih luas bagi negeri! ✨

#PetrokimiaGresik #SolusiAgroindustri #IDEAS2026 #DEI #ESG",kinerja komunikasi petrokimia gresik kembali meraih pengakuan di tingkat nasional melalui ajang the 5th indonesia dei esg awards ideas 2026 nih sahabat tiga penghargaan berhasil diraih yaitu silver winner kategori dei communication program melalui program ei squad serta dua bronze winner kategori esg communication program melalui program komunikasi pemberdayaan masyarakat dan penguatan komunikasi internal perusahaan capaian ini menjadi semangat bagi petrokimia gresik untuk terus menghadirkan komunikasi yang inklusif membangun kepercayaan serta memberikan dampak positif bagi karyawan masyarakat dan seluruh pemangku kepentingan mari terus tumbuhkan komunikasi yang kolaboratif dan penuh makna untuk menciptakan manfaat yang lebih luas bagi negeri petrokimiagresik solusiagroindustri ideas2026 dei esg,positif,0.831,ekonomi,1.0,0,0,2026-07-14,Petrokimia Gresik,kerja komunikasi petrokimia gresik raih aku tingkat nasional lalu ajang the 5th indonesia dei esg awards ideas 2026 nih sahabat tiga harga hasil raih silver winner kategori dei communication program lalu program ei squad bronze winner kategori esg communication program lalu program komunikasi daya masyarakat kuat komunikasi internal usaha capai jadi semangat petrokimia gresik terus hadir komunikasi inklusif bangun percaya beri dampak positif karyawan masyarakat seluruh mang penting terus tumbuh komunikasi kolaboratif penuh makna cipta manfaat lebih luas negeri petrokimiagresik solusiagroindustri ideas2026 dei esg
2076641836014469547,Iqbalnuandra,"@lefteyes__ Siap boscu ,Petrokimia Gresik ale 🤙",siap boscu petrokimia gresik ale,positif,0.66,industri,0.0,1,0,2026-07-13,Petrokimia Gresik,siap boscu petrokimia gresik ale
2077925173366583697,rickyho_1989,"Indonesia’s cement industry delivered another surprisingly strong month in June, with national sales volumes rising 13% YoY to 5.69 million tonnes, bringing first-half growth to an impressive 11%. Considering the country’s sluggish macro environment, tight fiscal conditions and relatively weak property market, these figures suggest construction activity remains far more resilient than many investors had anticipated.

The strength was broad-based rather than concentrated in a single region. Java, which accounts for more than half of national demand, grew 13% YoY, while markets outside Java expanded an even stronger 14%. Sulawesi stood out with 31% growth, East Indonesia rose 27%, and Sumatra increased 13%, indicating that construction activity is becoming increasingly widespread rather than solely driven by Jakarta and the surrounding metropolitan areas.

One possible factor supporting demand is the nationwide construction of Koperasi Desa Merah Putih (KDMP) facilities. The government’s ambitious rollout of thousands of village cooperative centers requires warehouses, retail outlets, storage facilities and supporting infrastructure across Indonesia. While it is unlikely to explain the entire industry growth, the scale of the program could be providing an incremental boost to cement demand, particularly outside Java where many of these facilities are being developed.

Another notable trend is the continued outperformance of bulk cement, which grew 20% YoY versus 11% for bagged cement. Bulk cement is primarily consumed by infrastructure, industrial and large commercial projects, suggesting government projects, mining investment and industrial construction remain important demand drivers. This also implies the recovery is not purely driven by residential housing demand.

Company performance, however, tells a more nuanced story. Indocement (INTP) delivered stronger volume growth of 15% YoY compared with Semen Indonesia (SMGR) at 10%, implying INTP continues to gain market share in several key regions. At the same time, non-Big Two producers expanded volumes by 18%, significantly outpacing the industry leaders. This highlights that competition remains intense, particularly in regions where smaller players continue to expand capacity and compete aggressively on pricing.

The key question for investors is whether this volume strength ultimately translates into earnings. Indonesia’s cement industry has historically suffered from structural overcapacity, meaning strong shipment growth does not automatically lead to higher profitability if producers compete away the gains through price discounts. Volume growth is encouraging, but pricing discipline will remain the most important variable determining earnings recovery.

For those who really love value plays, this sector stands out as a compelling candidate. It currently trades at an undemanding valuation of just 3.3x EV/EBITDA, a sharp discount compared to its double-digit average over the past decade. This suggests that much of the structural concern is already priced in, leaving room for upside if industry conditions continue to improve.

Overall, these numbers reinforce the view that Indonesian construction activity remains healthier than headline macro indicators suggest. If demand continues to grow at a double-digit pace while pricing remains rational, both SMGR and INTP could see improving earnings momentum over the coming quarters. However, investors should continue monitoring industry pricing, utilization rates and competitive behavior, as sustained profitability will depend not only on selling more cement, but also on preserving margins in an industry that has long struggled with excess supply.",indonesias cement industry delivered another surprisingly strong month in june with national sales volumes rising 13 yoy to 569 million tonnes bringing firsthalf growth to an impressive 11 considering the countrys sluggish macro environment tight fiscal conditions and relatively weak property market these figures suggest construction activity remains far more resilient than many investors had anticipated the strength was broadbased rather than concentrated in a single region java which accounts for more than half of national demand grew 13 yoy while markets outside java expanded an even stronger 14 sulawesi stood out with 31 growth east indonesia rose 27 and sumatra increased 13 indicating that construction activity is becoming increasingly widespread rather than solely driven by jakarta and the surrounding metropolitan areas one possible factor supporting demand is the nationwide construction of koperasi desa merah putih kdmp facilities the governments ambitious rollout of thousands of village cooperative centers requires warehouses retail outlets storage facilities and supporting infrastructure across indonesia while it is unlikely to explain the entire industry growth the scale of the program could be providing an incremental boost to cement demand particularly outside java where many of these facilities are being developed another notable trend is the continued outperformance of bulk cement which grew 20 yoy versus 11 for bagged cement bulk cement is primarily consumed by infrastructure industrial and large commercial projects suggesting government projects mining investment and industrial construction remain important demand drivers this also implies the recovery is not purely driven by residential housing demand company performance however tells a more nuanced story indocement intp delivered stronger volume growth of 15 yoy compared with semen indonesia smgr at 10 implying intp continues to gain market share in several key regions at the same time nonbig two producers expanded volumes by 18 significantly outpacing the industry leaders this highlights that competition remains intense particularly in regions where smaller players continue to expand capacity and compete aggressively on pricing the key question for investors is whether this volume strength ultimately translates into earnings indonesias cement industry has historically suffered from structural overcapacity meaning strong shipment growth does not automatically lead to higher profitability if producers compete away the gains through price discounts volume growth is encouraging but pricing discipline will remain the most important variable determining earnings recovery for those who really love value plays this sector stands out as a compelling candidate it currently trades at an undemanding valuation of just 33x evebitda a sharp discount compared to its doubledigit average over the past decade this suggests that much of the structural concern is already priced in leaving room for upside if industry conditions continue to improve overall these numbers reinforce the view that indonesian construction activity remains healthier than headline macro indicators suggest if demand continues to grow at a doubledigit pace while pricing remains rational both smgr and intp could see improving earnings momentum over the coming quarters however investors should continue monitoring industry pricing utilization rates and competitive behavior as sustained profitability will depend not only on selling more cement but also on preserving margins in an industry that has long struggled with excess supply,netral,0.58,pendidikan,100.0,6,13,2026-07-17,Semen Indonesia,indonesias cement industry delivered another surprisingly strong month in june with national sales volumes rising 13 yoy to 569 million tonnes bringing firsthalf growth to an impressive 11 considering the countrys sluggish macro environment tight fiscal conditions and relatively weak property market these figures suggest construction activity remains far more resilient than many investors had anticipated the strength was broadbased rather than concentrated in a single region java which accounts for more than half of national demand grew 13 yoy while markets outside java expanded an even stronger 14 sulawesi stood out with 31 growth east indonesia rose 27 and sumatra increased 13 indicating that construction activity is becoming increasingly widespread rather than solely driven by jakarta and the surrounding metropolitan areas one possible factor supporting demand is the nationwide construction of koperasi desa merah putih kdmp facilities the governments ambitious rollout of thousands of village cooperative centers requires warehouses retail outlets storage facilities and supporting infrastructure across indonesia while it is unlikely to explain the entire industry growth the scale of the program could be providing an incremental boost to cement demand particularly outside java where many of these facilities are being developed another notable trend is the continued outperformance of bulk cement which grew 20 yoy versus 11 for bagged cement bulk cement is primarily consumed by infrastructure industrial and large commercial projects suggesting government projects mining investment and industrial construction remain important demand drivers this also implies the recovery is not purely driven by residential housing demand company performance however tells a more nuanced story indocement intp delivered stronger volume growth of 15 yoy compared with semen indonesia smgr at 10 implying intp continues to gain market share in several key regions at the same time nonbig two producers expanded volumes by 18 significantly outpacing the industry leaders this highlights that competition remains intense particularly in regions where smaller players continue to expand capacity and compete aggressively on pricing the key question for investors is whether this volume strength ultimately translates into earnings indonesias cement industry has historically suffered from structural overcapacity meaning strong shipment growth does not automatically lead to higher profitability if producers compete away the gains through price discounts volume growth is encouraging but pricing discipline will remain the most important variable determining earnings recovery for those who really love value plays this sector stands out as a compelling candidate it currently trades at an undemanding valuation of just 33x evebitda a sharp discount compared to its doubledigit average over the past decade this suggests that much of the structural concern is already priced in leaving room for upside if industry conditions continue to improve overall these numbers reinforce the view that indonesian construction activity remains healthier than headline macro indicators suggest if demand continues to grow at a doubledigit pace while pricing remains rational both smgr and intp could see improving earnings momentum over the coming quarters however investors should continue monitoring industry pricing utilization rates and competitive behavior as sustained profitability will depend not only on selling more cement but also on preserving margins in an industry that has long struggled with excess supply
2077444177240166643,PerkedelSayap26,"Sek sek agrinas ini sebenernya BUMN yang murni komersial atau pelayanan publik?

Kalo pertamina, PLN, bulog mereka contoh dari public service obligation

Kalo murni komersial itu kayak garuda, bank mandiri, semen indonesia

Nah kalo agrinas nih gimana",sek sek agrinas ini sebenernya bumn yang murni komersial atau pelayanan publik kalo pertamina pln bulog mereka contoh dari public service obligation kalo murni komersial itu kayak garuda bank mandiri semen indonesia nah kalo agrinas nih gimana,netral,0.551,industri,0.0,0,0,2026-07-15,Semen Indonesia,sek sek agrinas sebenernya bumn murni komersial layan publik kalo pertamina pln bulog contoh public service obligation kalo murni komersial kayak garuda bank mandiri semen indonesia nah kalo agrinas nih gimana
2076959227940315356,luckyma38167115,INFORMASI TENTANG DUNIA SAHAM DAN KEUANGAN: PT Semen Indonesia bubarkan PT SBI Bangun Nusantar... https://t.co/6Q5L7MCIrh,informasi tentang dunia saham dan keuangan pt semen indonesia bubarkan pt sbi bangun nusantar,netral,0.997,industri,0.0,0,0,2026-07-14,Semen Indonesia,informasi dunia saham uang pt semen indonesia bubar pt sbi bangun nusantar
2076929529457852823,edorusia,"Semen Indonesia Sudah Pakai Dana Rights Issue Rp3,29 Triliun

https://t.co/isIxAcs38D

#stockmarket 
#stockmarketnews 
#cement",semen indonesia sudah pakai dana rights issue rp329 triliun stockmarket stockmarketnews cement,netral,0.998,industri,0.0,0,0,2026-07-14,Semen Indonesia,semen indonesia pakai dana rights issue rp329 triliun stockmarket stockmarketnews cement
2076901129305371097,pecintareybahan,"BREAKING SMGR Resmi Bubarkan PT SBI Bangun Nusantara Lewat RUPSLB

PT Semen Indonesia (Persero) Tbk (SMGR) membubarkan dan melikuidasi PT SBI Bangun Nusantara (SBN), yang merupakan cicit perusahaan melalui entitas anak PT Solusi Bangun Indonesia Tbk (SMCB). Pembubaran diputuskan dalam Rapat Umum Pemegang Saham Luar Biasa (RUPSLB) pada 13 Juli 2026, dan Dudi Pramedi ditunjuk sebagai likuidator.",breaking smgr resmi bubarkan pt sbi bangun nusantara lewat rupslb pt semen indonesia persero tbk smgr membubarkan dan melikuidasi pt sbi bangun nusantara sbn yang merupakan cicit perusahaan melalui entitas anak pt solusi bangun indonesia tbk smcb pembubaran diputuskan dalam rapat umum pemegang saham luar biasa rupslb pada 13 juli 2026 dan dudi pramedi ditunjuk sebagai likuidator,netral,0.995,industri,0.0,0,0,2026-07-14,Semen Indonesia,breaking smgr resmi bubar pt sbi bangun nusantara lewat rupslb pt semen indonesia persero tbk smgr bubar likuidasi pt sbi bangun nusantara sbn rupa cicit usaha lalu entitas anak pt solusi bangun indonesia tbk smcb bubar putus rapat umum pegang saham luar biasa rupslb 13 juli 2026 dudi pramedi tunjuk likuidator
2076894461343535563,idx_channel,"PT Semen Indonesia (Persero) Tbk (SMGR) atau SIG melaporkan pembubaran PT SBI Bangun Nusantara (SBN), entitas cicit perseroan melalui PT Solusi Bangun Indonesia Tbk (SMCB) lewat proses likuidasi.

Dalam keterbukaan informasi Selasa (14/7/2026) disebutkan bahwa kepemilikan SIG di SMCB mencapai 83,52 persen. 

Adapun keputusan pembubaran SBN ditetapkan melalui Rapat Umum Pemegang Saham Luar Biasa (RUPSLB) SBN pada 13 Juli 2026.

RUPSLB yang digelar oleh pemegang saham SBN, yakni PT Aroma Sejahtera Indonesia (ASI) dan PT Aroma Cipta Anugrahtama (ACA), menyetujui pembubaran yang diikuti proses likuidasi SBN yang berlaku efektif sejak tanggal keputusan rapat.

Baca selengkapnya di
https://t.co/H8ibzdCArn

Atau klik link di Bio @idx_channel

Foto: dok SIG

#idxchannel #idxchannelcommunity #SIG #SMGR #SMCB",pt semen indonesia persero tbk smgr atau sig melaporkan pembubaran pt sbi bangun nusantara sbn entitas cicit perseroan melalui pt solusi bangun indonesia tbk smcb lewat proses likuidasi dalam keterbukaan informasi selasa 1472026 disebutkan bahwa kepemilikan sig di smcb mencapai 8352 persen adapun keputusan pembubaran sbn ditetapkan melalui rapat umum pemegang saham luar biasa rupslb sbn pada 13 juli 2026 rupslb yang digelar oleh pemegang saham sbn yakni pt aroma sejahtera indonesia asi dan pt aroma cipta anugrahtama aca menyetujui pembubaran yang diikuti proses likuidasi sbn yang berlaku efektif sejak tanggal keputusan rapat baca selengkapnya di atau klik link di bio foto dok sig idxchannel idxchannelcommunity sig smgr smcb,netral,0.986,industri,3.0,0,0,2026-07-14,Semen Indonesia,pt semen indonesia persero tbk smgr sig lapor bubar pt sbi bangun nusantara sbn entitas cicit persero lalu pt solusi bangun indonesia tbk smcb lewat proses likuidasi buka informasi selasa 1472026 sebut milik sig smcb capai 8352 persen adapun putus bubar sbn tetap lalu rapat umum pegang saham luar biasa rupslb sbn 13 juli 2026 rupslb gelar pegang saham sbn pt aroma sejahtera indonesia asi pt aroma cipta anugrahtama aca tuju bubar ikut proses likuidasi sbn laku efektif sejak tanggal putus rapat baca lengkap klik link bio foto dok sig idxchannel idxchannelcommunity sig smgr smcb
2076642791309168879,aqilajlt,"gol nangis pulang kerja.
masyaAllah gue dapet opportunity besar dari banyak company bahkan PT yang naungin Semen Indonesia, PR Agency, NGO, bilingual.

tapi qadarullah belum berjodoh untuk diambil. aku lg plongin hati ku ajaa. karna aku tau rencana Allah indah kalo aku sabar. https://t.co/lfwXNShJuH",gol nangis pulang kerja masyaallah gue dapet opportunity besar dari banyak company bahkan pt yang naungin semen indonesia pr agency ngo bilingual tapi qadarullah belum berjodoh untuk diambil aku lg plongin hati ku ajaa karna aku tau rencana allah indah kalo aku sabar,positif,0.99,industri,7.0,0,0,2026-07-13,Semen Indonesia,gol nang pulang kerja masyaallah gue dapet opportunity besar banyak company bahkan pt naungin semen indonesia pr agency ngo bilingual qadarullah jodoh ambil aku lg plongin hati ku ajaa karna aku tau rencana allah indah kalo aku sabar
2075927515479392341,rinalpov,"5/ PT Len Industri ⚡
Dari rugi Rp228 M → laba Rp314 M
Industri manufaktur makin kuat!
PT Semen Indonesia 🏗️
Dari rugi Rp66 M → laba Rp106 M
Bahan bangunan makin solid!",5 pt len industri dari rugi rp228 m laba rp314 m industri manufaktur makin kuat pt semen indonesia dari rugi rp66 m laba rp106 m bahan bangunan makin solid,netral,0.953,industri,0.0,1,0,2026-07-11,Semen Indonesia,5 pt len industri rugi rp228 m laba rp314 m industri manufaktur makin kuat pt semen indonesia rugi rp66 m laba rp106 m bahan bangun makin solid
2077558841433325813,ilmutambang_id,"ANTAM bakal membeli seluruh produksi emas dari smelter Freeport Gresik yang diproyeksikan mencapai 50 ton per tahun💰 

Menurut kamu, langkah ini akan dorong kinerja industri logam mulia Indonesia gak kawan?🤩

#IlmuTambang #Antam #FreeportIndonesia #EmasIndonesia #ANTM https://t.co/Tl2tGL7BSH",antam bakal membeli seluruh produksi emas dari smelter freeport gresik yang diproyeksikan mencapai 50 ton per tahun menurut kamu langkah ini akan dorong kinerja industri logam mulia indonesia gak kawan ilmutambang antam freeportindonesia emasindonesia antm,netral,0.988,industri,0.0,0,0,2026-07-16,Freeport Gresik,antam bakal beli seluruh produksi emas smelter freeport gresik proyeksi capai 50 ton per tahun kamu langkah dorong kerja industri logam mulia indonesia gak kawan ilmutambang antam freeportindonesia emasindonesia antm
2077980587697283281,blissthethicsss,"Hari ini job fair terakhir di Icon Mall Gresik!!

ini adalah penampakan dari beberapa PMA China yg ada di KEK JIIPE, Gresik

1. PT Xinyi Glass Indonesia
2. PT Xinyi Solar Indonesia
3. PT Xinyi Energi Material Indonesia
4. PT Hailiang Nova Material Indonesia
5. PT Hebang
6. PT STL Chemical Indonesia
7. PT Geabh Join Technology Indonesia

Beberapa perusahaan PMA di JIIPE Gresik masih dalam tahap pembangunan, jadi jangan ragu buat apply langsung ya, guys! terbuka untuk  Freshgraduate🤩

Beberapa posisi memang mengharuskan kandidat mengikuti training di China, mulai dari beberapa bulan hingga ada yang mencapai 2 tahun, tergantung kebutuhan perusahaan dan posisi yang dilamar.

Kalau kalian berminat, gaskeun aja datang langsung ke Icon Mall Gresik buat cari info dan apply. Semoga rezekinya ada di sana!",hari ini job fair terakhir di icon mall gresik ini adalah penampakan dari beberapa pma china yg ada di kek jiipe gresik 1 pt xinyi glass indonesia 2 pt xinyi solar indonesia 3 pt xinyi energi material indonesia 4 pt hailiang nova material indonesia 5 pt hebang 6 pt stl chemical indonesia 7 pt geabh join technology indonesia beberapa perusahaan pma di jiipe gresik masih dalam tahap pembangunan jadi jangan ragu buat apply langsung ya guys terbuka untuk freshgraduate beberapa posisi memang mengharuskan kandidat mengikuti training di china mulai dari beberapa bulan hingga ada yang mencapai 2 tahun tergantung kebutuhan perusahaan dan posisi yang dilamar kalau kalian berminat gaskeun aja datang langsung ke icon mall gresik buat cari info dan apply semoga rezekinya ada di sana,netral,0.542,industri,25.0,8,8,2026-07-17,JIIPE,hari job fair akhir icon mall gresik tampak beberapa pma china kek jiipe gresik 1 pt xinyi glass indonesia 2 pt xinyi solar indonesia 3 pt xinyi energi material indonesia 4 pt hailiang nova material indonesia 5 pt hebang 6 pt stl chemical indonesia 7 pt geabh join technology indonesia beberapa usaha pma jiipe gresik tahap bangun jadi jangan ragu buat apply langsung guys buka freshgraduate beberapa posisi memang harus kandidat ikut training china mulai beberapa bulan hingga capai 2 tahun gantung butuh usaha posisi lamar kalau kalian minat gaskeun datang langsung icon mall gresik buat cari info apply moga rezeki sana
2077413472019845589,Neverrmooree,"@Bolo_Panda Emang uda jalan kah produksinya? 
Smelter KEK Jiipe kan?",emang uda jalan kah produksinya smelter kek jiipe kan,positif,0.517,infrastruktur,0.0,1,0,2026-07-15,JIIPE,emang uda jalan produksi smelter kek jiipe kan
2076987104283025880,blissthethicsss,"tergantung km lamare ndek mana kak
kl PMA China daerah JIIPE kebanyakan yg kerja itu orang Gresik, lamarnya aja dari website disnaker gresik kok😂
kecuali lek posisi admin atau yg harus bahasa mandarin itu terbuka buat semua kota tp kl untuk yg posisi non mandarin wajib ber ktp gresik dan lamarnya dr webnya disnaker gresik",tergantung km lamare ndek mana kak kl pma china daerah jiipe kebanyakan yg kerja itu orang gresik lamarnya aja dari website disnaker gresik kok kecuali lek posisi admin atau yg harus bahasa mandarin itu terbuka buat semua kota tp kl untuk yg posisi non mandarin wajib ber ktp gresik dan lamarnya dr webnya disnaker gresik,negatif,0.932,industri,0.0,0,0,2026-07-14,JIIPE,gantung km lamare ndek mana kak kl pma china daerah jiipe banyak kerja orang gresik lamar website disnaker gresik kok lek posisi admin bahasa mandarin buka buat semua kota kl posisi non mandarin wajib ber ktp gresik lamar webnya disnaker gresik
2076921109765865899,fatya_sabilla,"Ketiga, investasi mega proyek hilirisasi bisa jadi mangkrak. Ingat kan kalau Freeport baru aja kelar ngebangun smelter katoda tembaga raksasa di Gresik (JIIPE)?",ketiga investasi mega proyek hilirisasi bisa jadi mangkrak ingat kan kalau freeport baru aja kelar ngebangun smelter katoda tembaga raksasa di gresik jiipe,negatif,0.583,ekonomi,0.0,1,0,2026-07-14,JIIPE,tiga investasi mega proyek hilir jadi mangkrak ingat kan kalau freeport baru kelar ngebangun smelter katoda tembaga raksasa gresik jiipe
2076672693005676892,Achmad306656290,@Randy3009851792 Sik kerja di jiipe a zamroni,sik kerja di jiipe a zamroni,netral,0.942,industri,0.0,1,0,2026-07-13,JIIPE,sik kerja jiipe a zamroni
2076505886202413553,readieo,"@sarahnatasyah_ Kak coba bapaknya daftar perusahaan2 yg lagi kerjakan project, biasanya butuh org electrical. Kontraktor2 project di JIIPE gresik misalnya.",kak coba bapaknya daftar perusahaan2 yg lagi kerjakan project biasanya butuh org electrical kontraktor2 project di jiipe gresik misalnya,netral,0.995,industri,0.0,1,0,2026-07-13,JIIPE,kak coba bapak daftar perusahaan2 kerja project biasa butuh org electrical kontraktor2 project jiipe gresik misal
2076343906535637160,renold97,"@tralaw666 @madokafc1 Ngomongin ekspansi, kalo liat gmap, banyak kawasan industri raksasa dibangun diera Jokowi, smelter nikel , Krakatau Steel Posco, Kek Batang, Kendal, JIIPE Gresik , Nongsa Digital Park, KEK Batam Aero Techic https://t.co/YJEGO5jTE3",ngomongin ekspansi kalo liat gmap banyak kawasan industri raksasa dibangun diera jokowi smelter nikel krakatau steel posco kek batang kendal jiipe gresik nongsa digital park kek batam aero techic,netral,0.858,industri,1.0,1,0,2026-07-12,JIIPE,ngomongin ekspansi kalo liat gmap banyak kawasan industri raksasa bangun era jokowi smelter nikel krakatau steel posco kek batang kendal jiipe gresik nongsa digital park kek batam aero techic
2077668613042192866,kabarbaikdotco,"Selain Jaga Kamtibmas, Polisi Ini Sukses Bertani Melon di Tengah Kota Industri Gresik, Cuan Puluhan Juta
 https://t.co/t3z9T9lNS0

#kabarbaikdotco #menyapanusantara #gresik #viral #newsupdate https://t.co/0i2VOmMG2u",selain jaga kamtibmas polisi ini sukses bertani melon di tengah kota industri gresik cuan puluhan juta kabarbaikdotco menyapanusantara gresik viral newsupdate,netral,0.993,industri,0.0,0,0,2026-07-16,industri Gresik,jaga kamtibmas polisi sukses tan melon tengah kota industri gresik cuan puluh juta kabarbaikdotco menyapanusantara gresik viral newsupdate
2077631758598881419,rxzkammr_,@Levi_JKT48 PERSEGRES Gresik alias RZM REZA MAULANA PEMENANGNYA,persegres gresik alias rzm reza maulana pemenangnya,netral,0.991,olahraga,0.0,0,0,2026-07-16,Persegres,gres gresik alias rzm reza maulana menang
2077218092615381102,giIangmahesa,https://t.co/JpN4ganc9W,,netral,0.0,umum,3.0,0,0,2026-07-15,Persegres,
2076603546255131086,Iqbalnuandra,@itsqibal @BCS_EASTJAVA76 @UGCS_1999 @CRVSD2005 Petrokimia Gresik/Gresik United/Persegres klub elek 😜,petrokimia gresikgresik unitedpersegres klub elek,netral,0.997,industri,8.0,1,6,2026-07-13,Persegres,petrokimia gresikgresik unitedpersegres klub elek
2078177913565036750,hazanafa,"JUM'AT 17.07.26
NGAJI KITAB AD-DURARUL BAHIYYAH
SIFAT WAJIB ALLAH KE 3 : BAQO' DAN SIFAT MUSTAHIL FANA'

YOUTUBE SARINYALA CHANNEL
https://t.co/1eSunj39nK

FACEBOOK ZAINI ALAWI
https://t.co/AwjuIjtHnQ

Masjid Raudhatul Jannah Lekergunung Singosari Kebomas Gresik",jumat 170726 ngaji kitab addurarul bahiyyah sifat wajib allah ke 3 baqo dan sifat mustahil fana youtube sarinyala channel facebook zaini alawi masjid raudhatul jannah lekergunung singosari kebomas gresik,netral,0.991,umum,0.0,0,0,2026-07-17,Kebomas Gresik,jumat 170726 ngaji kitab addurarul bahiyyah sifat wajib allah 3 baqo sifat mustahil fana youtube sarinyala channel facebook zaini alawi masjid raudhatul jannah lekergunung singosari kebomas gresik
2077823727295934949,hazanafa,"KAMIS 16.07.26
NGAJI KITAB LUBABUL HADITS
BAJ 21 HADITS 1 : 4 KEUTAMAAN DZIKRULLAH

YOUTUBE SARINYALA CHANNEL
https://t.co/uN1UASh0jT

FACEBOOK ZAINI ALAWI
https://t.co/RZS2huB8Dl

Setiap Kamis ba'da Isya' di Aula Sarinyala Gang Rolas Indro Kebomas Gresik",kamis 160726 ngaji kitab lubabul hadits baj 21 hadits 1 4 keutamaan dzikrullah youtube sarinyala channel facebook zaini alawi setiap kamis bada isya di aula sarinyala gang rolas indro kebomas gresik,netral,0.996,umum,0.0,0,0,2026-07-16,Kebomas Gresik,kamis 160726 ngaji kitab lubabul hadits baj 21 hadits 1 4 utama dzikrullah youtube sarinyala channel facebook zaini alawi kamis bada isya aula sarinyala gang rolas indro kebomas gresik
2077609380103725330,e100ss,"11.20: 
1. Simpang Lakarsantri macet;
2. Bringkang Mengantri macet imbas perbaikan jalan;
3. Kebomas Gresik arah Terminal Bunder macet imbas perbaikan jalan. (ss-tm)",1120 1 simpang lakarsantri macet 2 bringkang mengantri macet imbas perbaikan jalan 3 kebomas gresik arah terminal bunder macet imbas perbaikan jalan sstm,netral,0.887,infrastruktur,0.0,0,0,2026-07-16,Kebomas Gresik,1120 1 simpang lakarsantri macet 2 bringkang antri macet imbas baik jalan 3 kebomas gresik arah terminal bunder macet imbas baik jalan sstm
2077425373655245183,hazanafa,"NGAJI KITAB BULUGHUL MARAM
HADITS 338 - 340 SHAF SENDIRIAN, RUKU' IMAM DAN BERJALAN MENUJU SHAF

YOUTUBE SARINYALA CHANNEL
https://t.co/2akvjHZ8Mp

FACEBOOK ZAINI ALAWI
https://t.co/KHY6pttzIX

Musholla Raudhatul Jannah RT 7 RW 2 Indro Kebomas Gresik",ngaji kitab bulughul maram hadits 338 340 shaf sendirian ruku imam dan berjalan menuju shaf youtube sarinyala channel facebook zaini alawi musholla raudhatul jannah rt 7 rw 2 indro kebomas gresik,netral,0.996,infrastruktur,1.0,0,0,2026-07-15,Kebomas Gresik,ngaji kitab bulughul maram hadits 338 340 shaf sendiri ruku imam jalan tuju shaf youtube sarinyala channel facebook zaini alawi musholla raudhatul jannah rt 7 rw 2 indro kebomas gresik
2077273682955944064,hazanafa,"SELASA 14.07.26
NGAJI KITAB MATAN TAQRIB
MELAMAR GADIS DAN JANDA, MASSA IDDAH

YOUTUBE SARINYALA CHANNEL
https://t.co/tl76H8Td6X

FACEBOOK ZAINI ALAWI
https://t.co/OwWsBmFKU8

MUSHOLLA DARUT TAQWA RT 1 RW 4 INDRO KEBOMAS GRESIK",selasa 140726 ngaji kitab matan taqrib melamar gadis dan janda massa iddah youtube sarinyala channel facebook zaini alawi musholla darut taqwa rt 1 rw 4 indro kebomas gresik,netral,0.997,umum,1.0,0,0,2026-07-15,Kebomas Gresik,selasa 140726 ngaji kitab matan taqrib lamar gadis janda massa iddah youtube sarinyala channel facebook zaini alawi musholla darut taqwa rt 1 rw 4 indro kebomas gresik
2077260399356063970,e100ss,"12.13: 
1. Bringkang Menganti Gresik macet imbas perbaikan jalan, lalu lintas diatur bergantian;
2. Exit Tol Kebomas Gresik arah Bunder macet imbas perbaikan jalan. (ss-tm)",1213 1 bringkang menganti gresik macet imbas perbaikan jalan lalu lintas diatur bergantian 2 exit tol kebomas gresik arah bunder macet imbas perbaikan jalan sstm,netral,0.925,infrastruktur,0.0,0,0,2026-07-15,Kebomas Gresik,1213 1 bringkang anti gresik macet imbas baik jalan lalu lintas atur ganti 2 exit tol kebomas gresik arah bunder macet imbas baik jalan sstm
2076690850340647342,hazanafa,"📢 PENGUMUMAN
RUTINAN SHOLAWATAN

JAMA'AH SHOLAWAT ADHIMIYYAH
(Dzikrul Mubarok Syaikhuna Kahar) Kabupaten Gresik

🗓 Selasa, 14 Juli 2026
🕗 Ba'da Isya'
📍@Aula Sarinyala Gang Rolas, Indro, Kebomas, Gresik.

Monggo Rawuh &amp; Ngalap Berkah Bersama.

📺 Live Facebook : Zaini Alawi https://t.co/2qtoYjwkZY",pengumuman rutinan sholawatan jamaah sholawat adhimiyyah dzikrul mubarok syaikhuna kahar kabupaten gresik selasa 14 juli 2026 bada isya sarinyala gang rolas indro kebomas gresik monggo rawuh amp ngalap berkah bersama live facebook zaini alawi,netral,0.922,umum,1.0,0,0,2026-07-13,Kebomas Gresik,umum rutin sholawatan jamaah sholawat adhimiyyah dzikrul mubarok syaikhuna kahar kabupaten gresik selasa 14 juli 2026 bada isya sarinyala gang rolas indro kebomas gresik monggo rawuh amp ngalap berkah sama live facebook zaini alawi
2076689778452676755,hazanafa,"📖 NGAJI RUTIN
KITAB MATAN TAQRIB

🗓 Selasa, 14 Juli 2026
🕰 Ba'da Maghrib
📍 MUSHOLLA DARUT TAQWA Indro Kebomas Gresik

👤 AL-FAQIR AHMAD ZAINI ALAWI (Khodim Jama'ah Sarinyala Kabupaten Gresik &amp; Ketua Tanfidziyah PRNU Indro Kebomas Gresik 

📡 Live Facebook : Zaini Alawi https://t.co/05OfSEkCFh",ngaji rutin kitab matan taqrib selasa 14 juli 2026 bada maghrib musholla darut taqwa indro kebomas gresik alfaqir ahmad zaini alawi khodim jamaah sarinyala kabupaten gresik amp ketua tanfidziyah prnu indro kebomas gresik live facebook zaini alawi,netral,0.995,umum,1.0,0,0,2026-07-13,Kebomas Gresik,ngaji rutin kitab matan taqrib selasa 14 juli 2026 bada maghrib musholla darut taqwa indro kebomas gresik alfaqir ahmad zaini alawi khodim jamaah sarinyala kabupaten gresik amp ketua tanfidziyah prnu indro kebomas gresik live facebook zaini alawi
2078062106604093695,abdillaharf,"Rute satset, start jam 8 pagi, Driyorejo Gresik, bypass Krian, Singosari Malang, jam 4 udah finish PP. Mata pedes. Perut perih. 

😭😭😭",rute satset start jam 8 pagi driyorejo gresik bypass krian singosari malang jam 4 udah finish pp mata pedes perut perih,negatif,0.941,umum,0.0,0,0,2026-07-17,Driyorejo Gresik,rute satset start jam 8 pagi driyorejo gresik bypass krian singosari malang jam 4 udah finish pp mata pedes perut perih
2078009430768296276,kabarbaikdotco,"Seorang pengendara sepeda motor asal Surabaya meninggal dunia dalam insiden kecelakaan maut di Jalan Raya Semambung, Driyorejo, Gresik, Jumat (17/7) pagi. Korban kehilangan nyawa usai terlindas truk boks.
 https://t.co/TUl3kQmtnS",seorang pengendara sepeda motor asal surabaya meninggal dunia dalam insiden kecelakaan maut di jalan raya semambung driyorejo gresik jumat 177 pagi korban kehilangan nyawa usai terlindas truk boks,netral,0.989,infrastruktur,0.0,0,0,2026-07-17,Driyorejo Gresik,orang kendara sepeda motor asal surabaya tinggal dunia insiden celaka maut jalan raya mambung driyorejo gresik jumat 177 pagi korban hilang nyawa usai lindas truk boks
2077177461943763052,e100ss,"06.44: 
1. Simpang Gedangan Sidoarjo arah Surabaya padat;
2. Menganti Gresik arah Lakarsantri macet. (ss-tm)",0644 1 simpang gedangan sidoarjo arah surabaya padat 2 menganti gresik arah lakarsantri macet sstm,netral,0.922,infrastruktur,3.0,0,0,2026-07-14,Menganti Gresik,0644 1 simpang gedang sidoarjo arah surabaya padat 2 anti gresik arah lakarsantri macet sstm
2076861104178000318,chillbros_,"open adopsi ya teman-teman free!! 
his name is vivi, betina and 8 months  

📍dom Menganti Gresik yaa📷 #adopsi #adopsikucing #kucing #zonakucing #zonaadopsi #freeadopt #freeadopsi #adopt #kitten #cat #catadopt https://t.co/7HcHMgpoew",open adopsi ya temanteman free his name is vivi betina and 8 months dom menganti gresik yaa adopsi adopsikucing kucing zonakucing zonaadopsi freeadopt freeadopsi adopt kitten cat catadopt,netral,0.583,umum,0.0,1,1,2026-07-14,Menganti Gresik,open adopsi temanteman free his name is vivi betina and 8 months dom anti gresik yaa adopsi adopsikucing kucing zonakucing zonaadopsi freeadopt freeadopsi adopt kitten cat catadopt
2076859614285664526,chillbros_,"open adopsi ya teman-teman free!! 
her name is cimi, betina and 2 months  

📍dom Menganti Gresik yaa📷 #adopsi #adopsikucing #kucing #zonakucing #zonaadopsi #freeadopt #freeadopsi #adopt #kitten #cat #catadopt https://t.co/D42lnMbxhm",open adopsi ya temanteman free her name is cimi betina and 2 months dom menganti gresik yaa adopsi adopsikucing kucing zonakucing zonaadopsi freeadopt freeadopsi adopt kitten cat catadopt,netral,0.486,umum,0.0,0,1,2026-07-14,Menganti Gresik,open adopsi temanteman free her name is cimi betina and 2 months dom anti gresik yaa adopsi adopsikucing kucing zonakucing zonaadopsi freeadopt freeadopsi adopt kitten cat catadopt
2076526831302578406,edisulaiman1988,@IndiHome Selamat siang kak. Ini wifi aku dari kemaren sore tidak bisa tidak ada jaringan  kak. Mau cari yang servis tapi tak tahu nomer yang bisa dihubungi . Alamat saya desa panjunan duduksampeyan gresik kak mohon di respon kak,selamat siang kak ini wifi aku dari kemaren sore tidak bisa tidak ada jaringan kak mau cari yang servis tapi tak tahu nomer yang bisa dihubungi alamat saya desa panjunan duduksampeyan gresik kak mohon di respon kak,netral,0.985,umum,0.0,1,0,2026-07-13,Duduksampeyan Gresik,selamat siang kak wifi aku kemaren sore jaring kak mau cari servis tak tahu nomer hubung alamat desa panjunan duduksampeyan gresik kak mohon respon kak
2076451630145515551,e100ss,"06.40: 
1. Gunungsari arah Joyoboyo macet, imbas ada mobil bermasalah di dekat TL Jalan Golf 1;
2. Exit Tol Waru arah Bundaran Waru macet;
3. Simpang tiga Lakarsantri-Citraland arah Wiyung padat;
4. Jalan Panjang Jiwo arah Jagir Wonokromo padat;
5. Raya Waru arah Bundaran Waru padat merambat;
6. Duduksampeyan Gresik arah Lamongan macet, imbas kecelakaan truk dan mobil. (ss-ji)",0640 1 gunungsari arah joyoboyo macet imbas ada mobil bermasalah di dekat tl jalan golf 1 2 exit tol waru arah bundaran waru macet 3 simpang tiga lakarsantricitraland arah wiyung padat 4 jalan panjang jiwo arah jagir wonokromo padat 5 raya waru arah bundaran waru padat merambat 6 duduksampeyan gresik arah lamongan macet imbas kecelakaan truk dan mobil ssji,netral,0.931,infrastruktur,1.0,0,0,2026-07-12,Duduksampeyan Gresik,0640 1 gunungsari arah joyoboyo macet imbas mobil masalah dekat tl jalan golf 1 2 exit tol waru arah bundar waru macet 3 simpang tiga lakarsantricitraland arah wiyung padat 4 jalan panjang jiwo arah jagir wonokromo padat 5 raya waru arah bundar waru padat rambat 6 duduksampeyan gresik arah lamongan macet imbas celaka truk mobil ssji
2077996866709701086,nugresik,"Sinergi dengan Belasan Sekolah, PAC IPNU IPPNU Ujungpangkah Gresik Sukses Kawal MPLS dan MATAMUDA https://t.co/uTqsqSAn7F",sinergi dengan belasan sekolah pac ipnu ippnu ujungpangkah gresik sukses kawal mpls dan matamuda,netral,0.896,pendidikan,0.0,0,0,2026-07-17,Ujungpangkah Gresik,sinergi bas sekolah pac ipnu ippnu ujungpangkah gresik sukses kawal mpls matamuda
2078053267708506533,nugresik,MATAMUDA MI Nurul Ulum Sidomukti Bungah Gresik Tanamkan Karakter dan Semangat Belajar Murid Baru https://t.co/jgjbWJksKA,matamuda mi nurul ulum sidomukti bungah gresik tanamkan karakter dan semangat belajar murid baru,netral,0.963,umum,0.0,0,0,2026-07-17,Bungah Gresik,matamuda mi nurul ulum sidomukti bungah gresik tanam karakter semangat ajar murid baru
2077713265506017552,nugresik,Lazisnu Sidomukti Bungah Gresik Salurkan Beasiswa Rp6 Juta kepada Lima Lembaga Pendidikan https://t.co/I3Yw1rODbw,lazisnu sidomukti bungah gresik salurkan beasiswa rp6 juta kepada lima lembaga pendidikan,netral,0.997,pendidikan,0.0,0,0,2026-07-16,Bungah Gresik,lazisnu sidomukti bungah gresik salur beasiswa rp6 juta lima lembaga didik
2075873511634039251,e100ss,"16.21: Ada pohon tumbang di Bungah Gresik arah Surabaya. Putri pendengar SS melaporkan, pohon tersebut menimpa truk kontainer, posisinya diantara head truk dan muatan. Lalu lintas MACET. Sugeng pendengar SS melaporkan, ekor antreannya sudah sampai Jembatan Bungah. Sudah ada Polisi di lokasi. Lalu lintas diatur contraflow. Waspadai ketika melintas, Kawan. (ss-af)",1621 ada pohon tumbang di bungah gresik arah surabaya putri pendengar ss melaporkan pohon tersebut menimpa truk kontainer posisinya diantara head truk dan muatan lalu lintas macet sugeng pendengar ss melaporkan ekor antreannya sudah sampai jembatan bungah sudah ada polisi di lokasi lalu lintas diatur contraflow waspadai ketika melintas kawan ssaf,netral,0.915,infrastruktur,11.0,0,1,2026-07-11,Bungah Gresik,1621 pohon tumbang bungah gresik arah surabaya putri dengar ss lapor pohon sebut timpa truk kontainer posisi antara head truk muat lalu lintas macet sugeng dengar ss lapor ekor antre jembatan bungah polisi lokasi lalu lintas atur contraflow waspada lintas kawan ssaf
2077508596296982677,PDAMSurabaya,"@KChaeewon @e100ss Halo kak KChaeewon, sbg informasi utk Menganti ikut PDAM Gresik ya kak 🙏🏽
Terima kasih.",halo kak kchaeewon sbg informasi utk menganti ikut pdam gresik ya kak terima kasih,netral,0.996,umum,0.0,0,0,2026-07-15,PDAM Gresik,halo kak kchaeewon sbg informasi anti ikut pdam gresik kak terima kasih
2080959813237002429,GresikMenfess,@lucaxyzz 🤣 tour pak,tour pak,positif,0.793,umum,0.0,,,2026-07-25,Gresik,tour pak
2080957306976751701,kawanhewan,@vandy_46 @Ratatoille_Myus wajahnya sad banget. kaya si paling sial sedunia.,wajahnya sad banget kaya si paling sial sedunia,negatif,0.997,umum,0.0,,,2026-07-25,Gresik,wajah sad banget kaya si paling sial dunia
2080955685223981532,GresikMenfess,@lucaxyzz next solo surabaya atau gresik om,next solo surabaya atau gresik om,netral,0.832,umum,0.0,,,2026-07-25,Gresik,next solo surabaya gresik om
2080954786418213242,askk2272257,"Yg mau ditemenin open bo gresik 
all care, chat aja yaaaa #openbogresik #bogresik https://t.co/tV4wQ2IX42",yg mau ditemenin open bo gresik all care chat aja yaaaa openbogresik bogresik,netral,0.996,umum,0.0,,,2026-07-25,Gresik,mau ditemenin open bo gresik all care chat yaaaa openbogresik bogresik
2080953473210949971,tomcruisee1995,Wts Jasa joki skripsi/thesis (kecuali teknik) bisa COD tanya2 dulu. area surabaya sidoarjo gresik pengerjaan cepat bisa DM yaa #zonauang,wts jasa joki skripsithesis kecuali teknik bisa cod tanya2 dulu area surabaya sidoarjo gresik pengerjaan cepat bisa dm yaa zonauang,netral,0.989,umum,1.0,,,2026-07-25,Gresik,wts jasa joki skripsithesis teknik cod tanya2 dulu area surabaya sidoarjo gresik kerja cepat dm yaa zonauang
2080951257683153242,hugmewarmlyy,"Menolak kerja di Gresik karena jauh
Tapi menerima kerja di Timika 😘
Konsepku ini apa ya",menolak kerja di gresik karena jauh tapi menerima kerja di timika konsepku ini apa ya,negatif,0.934,umum,2.0,,,2026-07-25,Gresik,tolak kerja gresik jauh terima kerja timika konsep apa
2080940871877607786,KangEsCampur,"Bimbingan skripsi brainstorming offline
Ketemu di kampus 🫡
#zonauang

Spesialis Joki Skripsi Surabaya Malang Gresik
Prodi ekonomi pendidikan manajemen hukum akuntansi psikologi dll

Bisa bimbingan hingga acc free ✅️

#bealanja New Galaxy Z Fold Visi Perkokoh NKRI Dingin Braw! https://t.co/HnMVuV7xvA",bimbingan skripsi brainstorming offline ketemu di kampus zonauang spesialis joki skripsi surabaya malang gresik prodi ekonomi pendidikan manajemen hukum akuntansi psikologi dll bisa bimbingan hingga acc free bealanja new galaxy z fold visi perkokoh nkri dingin braw,netral,0.989,pendidikan,0.0,,,2026-07-25,Gresik,bimbing skripsi brainstorming offline ketemu kampus zonauang spesialis joki skripsi surabaya malang gresik prodi ekonomi didik manajemen hukum akuntansi psikologi bimbing hingga acc free bealanja new galaxy z fold visi kokoh nkri dingin braw
2080551940543652080,meryenung,"Rekomendasi joki tugas offline 🫵🏼
#zonauang
Sesekali bolo

Open joki skripsi dan tesis
Terbit jurnal
Prodi soshum inc Ekonomi, Manajemen, Akuntansi, Pendidikan, Psikologi, Hukum dll

Full cover ✅

Joki Surabaya Malang 🫶🏻

#zonajajan #bealanja Wardah Colour Circuit #PahamTarifWNI",rekomendasi joki tugas offline zonauang sesekali bolo open joki skripsi dan tesis terbit jurnal prodi soshum inc ekonomi manajemen akuntansi pendidikan psikologi hukum dll full cover joki surabaya malang zonajajan bealanja wardah colour circuit pahamtarifwni,netral,0.99,umum,0.0,,,2026-07-24,Gresik,rekomendasi joki tugas offline zonauang sekal bolo open joki skripsi tesis terbit jurnal prodi soshum inc ekonomi manajemen akuntansi didik psikologi hukum full cover joki surabaya malang zonajajan bealanja wardah colour circuit pahamtarifwni
2080925762518196499,mahaeternal,"@shouldbehcn dom Menganti kaakk, perbatasan Surabaya Gresik, ini satu indo emng dingin deh kayanya 😭😭😭",dom menganti kaakk perbatasan surabaya gresik ini satu indo emng dingin deh kayanya,positif,0.805,umum,0.0,,,2026-07-25,Gresik,dom anti kaakk batas surabaya gresik satu indo emng dingin deh kaya
2080922381942681877,chnshinchan,@leesunqy aku mencari di gresik dulu kaa kalau misal ga dapet lgsg menunggu bulan sept ajaa 😭 soalnya di daerah rantau ku katanya bakal ada jugaa sihh😭,aku mencari di gresik dulu kaa kalau misal ga dapet lgsg menunggu bulan sept ajaa soalnya di daerah rantau ku katanya bakal ada jugaa sihh,netral,0.497,umum,0.0,,,2026-07-25,Gresik,aku cari gresik dulu kaa kalau misal dapet lgsg tunggu bulan sept ajaa soal daerah rantau ku kata bakal jugaa sihh
2080921771323297989,chnshinchan,@leesunqy NTUH CUPSLEEVE KAH? kalau iyaa aku udah dapat di gresik kaa wkwkwk😭🤚🏽 aku sedang menunggu postcard + stiker😋,ntuh cupsleeve kah kalau iyaa aku udah dapat di gresik kaa wkwkwk aku sedang menunggu postcard stiker,netral,0.99,umum,0.0,,,2026-07-25,Gresik,ntuh cupsleeve kalau iyaa aku udah gresik kaa wkwkwk aku sedang tunggu postcard stiker
2080913306005754324,kawanhewan,@mamakbagol Astaga. Semoga segera sembuh ya barong. Pakai wet food yg lembut ya kk,astaga semoga segera sembuh ya barong pakai wet food yg lembut ya kk,positif,0.976,umum,1.0,,,2026-07-25,Gresik,astaga moga segera sembuh barong pakai wet food lembut kk
2080912253248053758,kawanhewan,@catsareblessing So how to wipe it's ass? Confused 🤔,so how to wipe its ass confused,netral,0.667,umum,0.0,,,2026-07-25,Gresik,so how to wipe its ass confused
2080911705346125977,kawanhewan,@rince_life @snowyndutt Cowok metrosexual,cowok metrosexual,netral,0.856,umum,1.0,,,2026-07-25,Gresik,cowok metrosexual
2080910915688632562,kawanhewan,@Ratatoille_Myus @vandy_46 Mau ketawa baca komen ini tapi takut dosa,mau ketawa baca komen ini tapi takut dosa,negatif,0.998,umum,0.0,,,2026-07-25,Gresik,mau ketawa baca komen takut dosa
2080908797758116211,starkouv,Kangen nasi bebek di gresik ;---;,kangen nasi bebek di gresik,positif,0.995,umum,0.0,,,2026-07-25,Gresik,kangen nasi bebek gresik
2080908254264390094,PTJASAMARGA,"13.47 WIB #Kecelakaan_Mojokerto_Surabaya Gresik KM 729 arah Madiun, melibatkan kendaraan Truk Tangki dan Truk Coltdiesel di bahu luar/kiri, dalam penanganan petugas.",1347 wib kecelakaan_mojokerto_surabaya gresik km 729 arah madiun melibatkan kendaraan truk tangki dan truk coltdiesel di bahu luarkiri dalam penanganan petugas,netral,0.997,umum,0.0,,,2026-07-25,Gresik,1347 wib celaka mojokerto surabaya gresik km 729 arah madiun libat kendara truk tangki truk coltdiesel bahu luarkiri tangan tugas
2080907577370804242,chnshinchan,that “outlet tertentu” GRESIK KETAR KETIR BOSS😭😭😭🤚🏽🤚🏽🤚🏽,that outlet tertentu gresik ketar ketir boss,positif,0.559,umum,0.0,,,2026-07-25,Gresik,that outlet tentu gresik ketar tir boss
2080895988575949229,Kopikenangan_ID,"CATAT TANGGALNYA, KOPKEN HOLIC ⚠️

Mulai 27 Juli 2026, kamu bisa dapatkan Special Gift with Purchase Set untuk pembelian A Sip of Sunshine Series via aplikasi Kopi Kenangan.

Tersedia juga Cup Sleeve* untuk minuman ukuran LARGE & ICE selama persediaan masih ada! Jangan kelewatan ya karena TERBATAS! ☀️

*Syarat & Ketentuan Berlaku

#KopiKenangan
#KopiKenanganxNCTHAECHAN",catat tanggalnya kopken holic mulai 27 juli 2026 kamu bisa dapatkan special gift with purchase set untuk pembelian a sip of sunshine series via aplikasi kopi kenangan tersedia juga cup sleeve untuk minuman ukuran large ice selama persediaan masih ada jangan kelewatan ya karena terbatas syarat ketentuan berlaku kopikenangan kopikenanganxncthaechan,netral,0.942,umum,7222.0,,,2026-07-25,Gresik,catat tanggal kopken holic mulai 27 juli 2026 kamu dapat special gift with purchase set beli a sip of sunshine series via aplikasi kopi kenang sedia cup sleeve minum ukur large ice lama sedia jangan lewat batas syarat tentu laku kopikenangan kopikenanganxncthaechan
2080905631981294038,Bintang81508171,"@yetracha_ sini, aku otw dari gresik 🤣",sini aku otw dari gresik,netral,0.994,umum,0.0,,,2026-07-25,Gresik,sini aku otw gresik
2080896328356462803,arachnologic,I'm in Gresik for work and I forgot to bring my tablet pen so I'm saving this until Thursday rip,im in gresik for work and i forgot to bring my tablet pen so im saving this until thursday rip,netral,0.968,umum,1.0,,,2026-07-25,Gresik,im in gresik for work and i forgot to bring my tablet pen so im saving this until thursday rip
2080306957098078647,arachnologic,"Continuing tomorrow (mata gua tinggal 5 watt)
Baela, with book hair and eyes but Bethany's imagery because Bethany is and will remain the best cast for Baela and I will not hear otherwise
@newizards's yume I asked bro if he wanted book or show Baela and bro said ""mix em"" https://t.co/0ImH4NHL36",continuing tomorrow mata gua tinggal 5 watt baela with book hair and eyes but bethanys imagery because bethany is and will remain the best cast for baela and i will not hear otherwise s yume i asked bro if he wanted book or show baela and bro said mix em,netral,0.659,umum,9.0,,,2026-07-23,Gresik,continuing tomorrow mata gua tinggal 5 watt baela with book hair and eyes but bethanys imagery because bethany is and will remain the best cast for baela and i will not hear otherwise s yume i asked bro if he wanted book or show baela and bro said mix em
2080887965388333440,kodim0817gresik,Semangat Fair Play Warnai Opening Tennis Tournament Kapolres Gresik Cup 2026 Season 2 https://t.co/FBOrmqzcTw https://t.co/w5trfaMxiy,semangat fair play warnai opening tennis tournament kapolres gresik cup 2026 season 2,netral,0.526,umum,0.0,,,2026-07-25,Gresik,semangat fair play warna opening tennis tournament kapolres gresik cup 2026 season 2
2080886326786924859,bkncwofavoritmu,@bakpauchikyenn Adem an gresik,adem an gresik,positif,0.992,umum,0.0,,,2026-07-25,Gresik,adem an gresik
2080878409341972748,askk2272257,"Yg mau ditemenin open bo gresik 
all care, chat aja yaaaa #openbogresik #bogresik https://t.co/ZHtTIGBSkC",yg mau ditemenin open bo gresik all care chat aja yaaaa openbogresik bogresik,netral,0.996,umum,0.0,,,2026-07-25,Gresik,mau ditemenin open bo gresik all care chat yaaaa openbogresik bogresik
2080872998404604152,deewyhaze,@kkarinacore Gresik so HOTTT,gresik so hottt,positif,0.99,umum,0.0,,,2026-07-25,Gresik,gresik so hottt
2080871463641600047,userr270103,Riviuw tol gresik terus di chat pakleke sg nggarap🤓🤓🤓,riviuw tol gresik terus di chat pakleke sg nggarap,netral,0.995,infrastruktur,0.0,,,2026-07-25,Gresik,riviuw tol gresik terus chat pakleke sg nggarap
2080869217939955837,eksklusif6,https://t.co/YzBXfIHShj https://t.co/Y2Vqpi9CVx,,netral,0.0,umum,0.0,,,2026-07-25,Gresik,
2080857947627008143,AiptuSupar49750,"Anggota Polsek Balongpanggang melaksanakan pengecekan Tanaman kangkung di Ds. Bandungsekaran Kec.Balongpanggang  Kab. Gresik

#astacita 
#swasembadapangan 
#ketahananpangan #ketahananpanganpoldajatim 
#divhumaspolri 
#birosdmpoldajatim 
#polresgresik 
#gresik https://t.co/7sXfgYyYCe",anggota polsek balongpanggang melaksanakan pengecekan tanaman kangkung di ds bandungsekaran kecbalongpanggang kab gresik astacita swasembadapangan ketahananpangan ketahananpanganpoldajatim divhumaspolri birosdmpoldajatim polresgresik gresik,netral,0.996,umum,1.0,,,2026-07-25,Gresik,anggota polsek balongpanggang laksana kece tanam kangkung ds bandungsekaran kecbalongpanggang kab gresik astacita swasembadapangan ketahananpangan ketahananpanganpoldajatim divhumaspolri birosdmpoldajatim polresgresik gresik
2080857850226835777,AiptuSupar49750,"Anggota Polsek Balongpanggang melaksanakan pengecekan Tanaman kangkung di Ds. Bandungsekaran Kec.Balongpanggang  Kab. Gresik

#astacita 
#swasembadapangan 
#ketahananpangan #ketahananpanganpoldajatim 
#divhumaspolri 
#birosdmpoldajatim 
#polresgresik 
#gresik https://t.co/ILa3S5aZoW",anggota polsek balongpanggang melaksanakan pengecekan tanaman kangkung di ds bandungsekaran kecbalongpanggang kab gresik astacita swasembadapangan ketahananpangan ketahananpanganpoldajatim divhumaspolri birosdmpoldajatim polresgresik gresik,netral,0.996,umum,1.0,,,2026-07-25,Gresik,anggota polsek balongpanggang laksana kece tanam kangkung ds bandungsekaran kecbalongpanggang kab gresik astacita swasembadapangan ketahananpangan ketahananpanganpoldajatim divhumaspolri birosdmpoldajatim polresgresik gresik
2080857756161253660,AiptuSupar49750,"Anggota Polsek Balongpanggang melaksanakan pengecekan Tanaman kangkung di Ds. Bandungsekaran Kec.Balongpanggang  Kab. Gresik

#astacita 
#swasembadapangan 
#ketahananpangan #ketahananpanganpoldajatim 
#divhumaspolri 
#birosdmpoldajatim 
#polresgresik 
#gresik https://t.co/xMyOFaXh8y",anggota polsek balongpanggang melaksanakan pengecekan tanaman kangkung di ds bandungsekaran kecbalongpanggang kab gresik astacita swasembadapangan ketahananpangan ketahananpanganpoldajatim divhumaspolri birosdmpoldajatim polresgresik gresik,netral,0.996,umum,1.0,,,2026-07-25,Gresik,anggota polsek balongpanggang laksana kece tanam kangkung ds bandungsekaran kecbalongpanggang kab gresik astacita swasembadapangan ketahananpangan ketahananpanganpoldajatim divhumaspolri birosdmpoldajatim polresgresik gresik
2080873204508426473,intothessunn,mau kerja di sby/gresik aja plsssss plssss plsssss,mau kerja di sbygresik aja plsssss plssss plsssss,netral,0.965,umum,0.0,,,2026-07-25,Gresik,mau kerja sbygresik plsssss plssss plsssss
2080853083777827207,kawanhewan,"Kucing : Tidur → panggilan alam → makan → Repeat🔂

Sementara kita: overthinking dari jam 7 pagi.😔

Lengkap nya di konten video.

#kucing #anabul #kucinggresik #dokterhewan #memekucing https://t.co/JgZrbpSBhC",kucing tidur panggilan alam makan repeat sementara kita overthinking dari jam 7 pagi lengkap nya di konten video kucing anabul kucinggresik dokterhewan memekucing,netral,0.993,industri,0.0,,,2026-07-25,Gresik,kucing tidur panggil alam makan repeat overthinking jam 7 pagi lengkap nya konten video kucing anabul kucinggresik dokterhewan kucing
2080851204486385996,kawanhewan,"@buzuzima0 Nitip sendal dulu, siapa tahu ada insight tambahan 
Atau jadi ajang tawuran. Hahahahah",nitip sendal dulu siapa tahu ada insight tambahan atau jadi ajang tawuran hahahahah,negatif,0.935,umum,0.0,,,2026-07-25,Gresik,nitip sendal dulu siapa tahu insight tambah jadi ajang tawur hahahahah
2080851139864740344,shakiraamanda78,pengecekan Tanaman kangkung di Ds. Bandungsekaran Kec.Balongpanggang  Kab. Gresik https://t.co/4mC5cxxUIo,pengecekan tanaman kangkung di ds bandungsekaran kecbalongpanggang kab gresik,netral,0.994,umum,0.0,,,2026-07-25,Gresik,kece tanam kangkung ds bandungsekaran kecbalongpanggang kab gresik
2080850827569438859,ultramenksms,"@wildfLauwer_ itu salmon juga, salmon dari gresik🥰",itu salmon juga salmon dari gresik,positif,0.67,umum,1.0,,,2026-07-25,Gresik,salmon salmon gresik
2080850320486445438,Ilyasfurqon3,"Pengecekan kangkung di Ds. Bandungsekaran Kec.Balongpanggang  Kab. Gresik untuk program ketahanan pangan

#astacita 
#swasembadapangan 
#ketahananpangan #ketahananpanganpoldajatim 
#ssdmpolri 
#divhumaspolri 
#birosdmpoldajatim 
#bidhumaspoldajatim 
#polresgresik 
#gresik https://t.co/daoeW6Z2WS",pengecekan kangkung di ds bandungsekaran kecbalongpanggang kab gresik untuk program ketahanan pangan astacita swasembadapangan ketahananpangan ketahananpanganpoldajatim ssdmpolri divhumaspolri birosdmpoldajatim bidhumaspoldajatim polresgresik gresik,netral,0.993,umum,0.0,,,2026-07-25,Gresik,kece kangkung ds bandungsekaran kecbalongpanggang kab gresik program tahan pangan astacita swasembadapangan ketahananpangan ketahananpanganpoldajatim ssdmpolri divhumaspolri birosdmpoldajatim bidhumaspoldajatim polresgresik gresik
2080848552990015925,ellenajaa,gresik adem bgt,gresik adem bgt,positif,0.995,umum,0.0,,,2026-07-25,Gresik,gresik adem banget
2080847358775185607,thiraamixueee,"@Newnadeeks Kak, gresik mana kak😭",kak gresik mana kak,netral,0.795,umum,0.0,,,2026-07-25,Gresik,kak gresik mana kak
2080845683574104551,cintalibur,@Newnadeeks Aku belum pernah ke Gresik! Kak Nadee suka kah tinggal di sana? Suasanya gimana?,aku belum pernah ke gresik kak nadee suka kah tinggal di sana suasanya gimana,netral,0.968,umum,0.0,,,2026-07-25,Gresik,aku pernah gresik kak nadee suka tinggal sana suasa gimana
2080843669951938813,KoFPLI_GRESIK,@sby_team datang dari kota milan,datang dari kota milan,positif,0.508,umum,0.0,,,2026-07-25,Gresik,datang kota mil
2080841430952742929,lonelyboytimur,@Newnadeeks Agak heran ya gresik bisa sedingin ini✌️✌️✌️,agak heran ya gresik bisa sedingin ini,negatif,0.985,umum,1.0,,,2026-07-25,Gresik,heran gresik sedingin
2080840709314318553,credOLIN,"@thunderthieff Selamat pagi dari Gresik, Kak.",selamat pagi dari gresik kak,netral,0.987,umum,1.0,,,2026-07-25,Gresik,selamat pagi gresik kak
2080818874518524005,credOLIN,"Sabtu,
Dalam genggaman rasa yang tak kunjung menentu,
Hingga lupa terakhir kali membuka pintu.

Jalanan itu terjal dan berbatu,
Namun tak membawa pada tujuan yang satu.
Sang penanda waktu.

Hanya berlalu,
Dan menjelma sebagai hantu.

💚💙✨
#RandomVisual https://t.co/wcifgN32bU",sabtu dalam genggaman rasa yang tak kunjung menentu hingga lupa terakhir kali membuka pintu jalanan itu terjal dan berbatu namun tak membawa pada tujuan yang satu sang penanda waktu hanya berlalu dan menjelma sebagai hantu randomvisual,netral,0.852,infrastruktur,23.0,,,2026-07-25,Gresik,sabtu genggam rasa tak kunjung tentu hingga lupa akhir kali buka pintu jalan terjal batu tak bawa tuju satu sang tanda waktu lalu jelma hantu randomvisual
2080840639202382264,arachnologic,I have a fever and I still have to go to Gresik for work today…,i have a fever and i still have to go to gresik for work today,netral,0.58,umum,1.0,,,2026-07-25,Gresik,i have a fever and i still have to go to gresik for work today
2080839549287387280,credOLIN,@strxwberryst Salam dari Gresik buat merbabu yaa.,salam dari gresik buat merbabu yaa,positif,0.867,umum,0.0,,,2026-07-25,Gresik,salam gresik buat merbabu yaa
2080839467112583543,credOLIN,"@GaBetayfordo Selamat pagi dari Gresik, Kak.",selamat pagi dari gresik kak,netral,0.987,umum,0.0,,,2026-07-25,Gresik,selamat pagi gresik kak
2080838630747361731,kkarinacore,@deewyhaze keajaiban gresik segitu,keajaiban gresik segitu,positif,0.755,umum,0.0,,,2026-07-25,Gresik,ajaib gresik segitu
2078678843968368905,hazanafa,JADWAL RUTINAN JAMA'AH SARINYALA KABUPATEN GRESIK https://t.co/yK3f4GFZlI,jadwal rutinan jamaah sarinyala kabupaten gresik,netral,0.996,umum,1.0,,,2026-07-19,Kabupaten Gresik,jadwal rutin jamaah sarinyala kabupaten gresik
2078566770559058224,zicomer02,"@ChilikKhus56451 Gresik mana, aku Gresik kota",gresik mana aku gresik kota,negatif,0.986,umum,0.0,,,2026-07-18,Gresik Kota,gresik mana aku gresik kota
2078691220860416330,calicokite,"WTS GUNWOOK KUROMI &amp; GUNWOOK POB KTOWN YITS. prefer take all (offer karena nggak ngikutin pasaran) 

🍊 exc pack &amp; adm
🏠 gresik, jawa timur https://t.co/7nEoaphPX6",wts gunwook kuromi amp gunwook pob ktown yits prefer take all offer karena nggak ngikutin pasaran exc pack amp adm gresik jawa timur,netral,0.982,ekonomi,0.0,,,2026-07-19,Gresik Jawa Timur,wts gunwook kuromi amp gunwook pob ktown yits prefer take all offer ngikutin pasar exc pack amp adm gresik jawa timur
2078426880815120756,lampiran_id,"Dispendik Gresik Sosialisasikan Outsourcing Tenaga Penunjang Sekolah
https://t.co/VicEnYRT6j",dispendik gresik sosialisasikan outsourcing tenaga penunjang sekolah,netral,0.998,pendidikan,0.0,,,2026-07-18,Dispendik Gresik,dispendik gresik sosialisasi outsourcing tenaga tunjang sekolah
2078477966632481271,lantasresgresik,"Patroli Hiling kali ini berlangsung di Jl. Kartini, Gresik. Dalam kegiatan tersebut, Anggota Satlantas Polres Gresik masih menemukan pengendara yang tidak memakai helm, tidak memasang spion, hingga merokok saat berkendara. https://t.co/ny9JgJCJHJ",patroli hiling kali ini berlangsung di jl kartini gresik dalam kegiatan tersebut anggota satlantas polres gresik masih menemukan pengendara yang tidak memakai helm tidak memasang spion hingga merokok saat berkendara,netral,0.997,umum,0.0,,,2026-07-18,Polres Gresik,patroli hiling kali langsung jl kartini gresik giat sebut anggota satlantas polres gresik temu kendara pakai helm pasang spion hingga rokok kendara
2078420007437164771,PolsektroTabang,"Personel Satlantas Polres Gresik membantu seorang siswa SD yang tersesat usai pulang sekolah di sekitar Pos Lantas GKB Gresik, Selasa (14/7) sekitar pukul 10.30 WIB. https://t.co/YOUyvnWlEJ",personel satlantas polres gresik membantu seorang siswa sd yang tersesat usai pulang sekolah di sekitar pos lantas gkb gresik selasa 147 sekitar pukul 1030 wib,netral,0.997,pendidikan,1.0,,,2026-07-18,Polres Gresik,personel satlantas polres gresik bantu orang siswa sd sesat usai pulang sekolah pos lantas gkb gresik selasa 147 pukul 1030 wib
2078415610195968354,HumasGresik,"- 19-20 Juli 2026 Pemasangan dan pengecekan rambu Lalu Linta
- 21 Juli 2026 Pelaksanaan trial manajemen lalu lintas
- 22 Juli 2026 di mulai pelaksanaan pekerjaan Rigid  Exit  Tol Manyar s3kaligus penerapan manajemen lalulintas",1920 juli 2026 pemasangan dan pengecekan rambu lalu linta 21 juli 2026 pelaksanaan trial manajemen lalu lintas 22 juli 2026 di mulai pelaksanaan pekerjaan rigid exit tol manyar s3kaligus penerapan manajemen lalulintas,netral,0.995,infrastruktur,0.0,,,2026-07-18,Polres Gresik,1920 juli 2026 pasang kece rambu lalu linta 21 juli 2026 laksana trial manajemen lalu lintas 22 juli 2026 mulai laksana kerja rigid exit tol manyar s3kaligus terap manajemen lalulintas
2078415493908812016,HumasGresik,"Hallo Sobat Polri
Dalam rangka Pengerjaan Cor/Rigid Pavement pada Exit Tol Manyar akan ada pengalian arus Lalu Lintas mulai tanggal :
- 18 Juli 2026 Perapian bahu jalan dan pembongkaran median
 
.
.
.

#polresgresik #poldajatim #polresgresikkabupaten #infogresik #gresikupdate https://t.co/v69UfTrJAV",hallo sobat polri dalam rangka pengerjaan corrigid pavement pada exit tol manyar akan ada pengalian arus lalu lintas mulai tanggal 18 juli 2026 perapian bahu jalan dan pembongkaran median polresgresik poldajatim polresgresikkabupaten infogresik gresikupdate,netral,0.997,infrastruktur,0.0,,,2026-07-18,Polres Gresik,hallo sobat polri rangka kerja corrigid pavement exit tol manyar ali arus lalu lintas mulai tanggal 18 juli 2026 api bahu jalan bongkar median polresgresik poldajatim polresgresikkabupaten infogresik gresikupdate
2078458688642457948,slyshypeach,"@Joeaaan99 Wkwkwkwk sejak ada proyek jiipe disini jadi banyak chinese mainland karena ada pabrik kaca gede. Nggak di indomaret, mall, sbux ketemunya orang mainland hhh",wkwkwkwk sejak ada proyek jiipe disini jadi banyak chinese mainland karena ada pabrik kaca gede nggak di indomaret mall sbux ketemunya orang mainland hhh,positif,0.91,industri,0.0,,,2026-07-18,JIIPE,wkwkwkwk sejak proyek jiipe sini jadi banyak chinese mainland pabrik kaca gede indomaret mall sbux ketemu orang mainland hhh
2078674367836537292,grisseecmsts,"Coba ah spik2 yang punya es degan langgananku, ternyata pernah main untuk Persegres GU",coba ah spik2 yang punya es degan langgananku ternyata pernah main untuk persegres gu,netral,0.523,olahraga,0.0,,,2026-07-19,Persegres,coba ah spik2 punya es degan langgan nyata pernah main gres gu
2078501359633215898,miq_ball08,"@mhdlma @JukiHoki Pas zaman ISL komentator selalu nyebut ""Persegres Gresik atau Gresik United""",pas zaman isl komentator selalu nyebut persegres gresik atau gresik united,netral,0.925,olahraga,0.0,,,2026-07-18,Persegres,pas zaman isl komentator selalu nyebut gres gresik gresik united
2078682618347094349,e100ss,"10.25: Info awal #kecelakaan truk muatan kayu terperosok di Manyar Gresik, dekat gerbang perumahan PPS. Adyakaksa pendengar SS melaporkan, ekor truk menutup satu lajur. Sudah ada Polisi di lokasi. Lalu lintas berpotensi macet. Kronologi dan data lengkap belum diketahui. (ss-af) https://t.co/0fdagoOUxT",1025 info awal kecelakaan truk muatan kayu terperosok di manyar gresik dekat gerbang perumahan pps adyakaksa pendengar ss melaporkan ekor truk menutup satu lajur sudah ada polisi di lokasi lalu lintas berpotensi macet kronologi dan data lengkap belum diketahui ssaf,netral,0.994,infrastruktur,0.0,,,2026-07-19,Manyar Gresik,1025 info awal celaka truk muat kayu perosok manyar gresik dekat gerbang rumah pps adyakaksa dengar ss lapor ekor truk tutup satu lajur polisi lokasi lalu lintas potensi macet kronologi data lengkap tahu ssaf
2078384059391365187,e100ss,"14.38: Info #kebakaran alang-alang di Kota Baru Driyorejo Gresik, sebelah utara SPBU. Satyo pendengar SS melaporkan, sudah ada petugas Damkar di lokasi. Waspada asap tebal ketika melintas, Kawan. (ss-af) https://t.co/ydZHmBFEh9",1438 info kebakaran alangalang di kota baru driyorejo gresik sebelah utara spbu satyo pendengar ss melaporkan sudah ada petugas damkar di lokasi waspada asap tebal ketika melintas kawan ssaf,netral,0.993,bencana,13.0,,,2026-07-18,Driyorejo Gresik,1438 info bakar alangalang kota baru driyorejo gresik belah utara spbu satyo dengar ss lapor tugas damkar lokasi waspada asap tebal lintas kawan ssaf
2081197427965722735,jawapos,"Bobol Dinding Swalayan di Dukun Gresik, Pelaku Gasak Brankas dan Rokok
https://t.co/ooMhvFiTg3",bobol dinding swalayan di dukun gresik pelaku gasak brankas dan rokok,netral,0.849,umum,0.0,,,2026-07-26,Gresik,bobol dinding swalayan dukun gresik laku gasak brankas rokok
2081195713611042976,Marimas_framboz,"Ada semen gresik, ada semen merah putih, semua tau kalo semen gresik lebih terpercaya dan terkenal, tp sbg purchasing aku bakal dapat komisi kalo aku pake semen merah putih.

Aku tetep pakai semen gresik unyuk bagian outdoor dan pondasi, tp harus lebih banyak semen merah putih😋",ada semen gresik ada semen merah putih semua tau kalo semen gresik lebih terpercaya dan terkenal tp sbg purchasing aku bakal dapat komisi kalo aku pake semen merah putih aku tetep pakai semen gresik unyuk bagian outdoor dan pondasi tp harus lebih banyak semen merah putih,positif,0.963,industri,0.0,,,2026-07-26,Gresik,semen gresik semen merah putih semua tau kalo semen gresik lebih percaya kenal sbg purchasing aku bakal komisi kalo aku pake semen merah putih aku tetep pakai semen gresik unyuk bagi outdoor pondasi lebih banyak semen merah putih
2081192152055558642,DickyArifiyant1,"@KoFPLI_GRESIK @LigaBRFI @doddydoayz @ArtaDeden Alhamdulillah berlabuh di Kofpli Gresik.

Matahari terbit dari timur.
Menerangi sawah dan sumur.
Bersama Kofpli Gresik kita bertempur.
Target ke Liga 1 pantang mundur.

Hajaarrr.. 💪",alhamdulillah berlabuh di kofpli gresik matahari terbit dari timur menerangi sawah dan sumur bersama kofpli gresik kita bertempur target ke liga 1 pantang mundur hajaarrr,positif,0.966,olahraga,1.0,,,2026-07-26,Gresik,alhamdulillah labuh kofpli gresik matahari terbit timur rang sawah sumur sama kofpli gresik tempur target liga 1 pantang mundur hajaarrr
2081187380112007228,GIA_Corpu,"Terima kasih Kab Gresik 😍

#GIACorpu https://t.co/JlpOny4vj0",terima kasih kab gresik giacorpu,positif,0.811,umum,1.0,,,2026-07-26,Gresik,terima kasih kab gresik giacorpu
2081186773124931807,credOLIN,@skupreme Selamat pagi dari Gresik.,selamat pagi dari gresik,netral,0.879,umum,0.0,,,2026-07-26,Gresik,selamat pagi gresik
2081171187120636412,credOLIN,"Sementara,
Minggu berganti tanpa bisa menunggu,
Seperti lelap yang dihentikan hentakan lagu,
Dalam mimpi terdalam penuh pagu.

Seperti batas, memisahkan kenyataan, memasangkan membelenggu.

Tapi, lihatlah semburat langit itu,
Hadir sekali lagi tanpa ragu.

💛🧡✨

#RandomVisual https://t.co/Kr2zvzLecf",sementara minggu berganti tanpa bisa menunggu seperti lelap yang dihentikan hentakan lagu dalam mimpi terdalam penuh pagu seperti batas memisahkan kenyataan memasangkan membelenggu tapi lihatlah semburat langit itu hadir sekali lagi tanpa ragu randomvisual,negatif,0.735,industri,19.0,,,2026-07-26,Gresik,minggu ganti tunggu lelap henti hentakan lagu mimpi dalam penuh pagu batas pisah nyata pasang belenggu lihat semburat langit hadir sekali ragu randomvisual
2081184117182664808,credOLIN,"@akutemaram Selamat pagi dari Gresik, Kak.",selamat pagi dari gresik kak,netral,0.987,umum,0.0,,,2026-07-26,Gresik,selamat pagi gresik kak
2081183966048944146,kawanhewan,"@MamakPantiMeong Wajahnya udah bilang “Mak, libur dong”",wajahnya udah bilang mak libur dong,negatif,0.979,umum,0.0,,,2026-07-26,Gresik,wajah udah bilang mak libur dong
2081183488406118470,samoocaat,Pc gresik berkabut soalnya banyak asep pabriknya,pc gresik berkabut soalnya banyak asep pabriknya,netral,0.976,industri,0.0,,,2026-07-26,Gresik,pc gresik kabut soal banyak asep pabrik
2080906011456520647,jajijujejojeje,"gmm kalo ngeluarin pc di indo apa jadi ini kah pc bogor, pc bandung, pc sumatera, pc kalimantan, pc depok, pc tanggerang, pc jakarta, pc sulawesi.. soalnya kan kalo pc jepang tuh osaka, tokyo, nagoya😀😀😀",gmm kalo ngeluarin pc di indo apa jadi ini kah pc bogor pc bandung pc sumatera pc kalimantan pc depok pc tanggerang pc jakarta pc sulawesi soalnya kan kalo pc jepang tuh osaka tokyo nagoya,netral,0.785,umum,823.0,,,2026-07-25,Gresik,gmm kalo ngeluarin pc indo apa jadi pc bogor pc bandung pc sumatera pc kalimantan pc depok pc tanggerang pc jakarta pc sulawesi soal kan kalo pc jepang tuh osaka tokyo nagoya
2081182255956042079,KoFPLI_GRESIK,@LigaBRFI lebih tertarik baca formulanya kwkwkw,lebih tertarik baca formulanya kwkwkw,negatif,0.853,olahraga,0.0,,,2026-07-26,Gresik,lebih tarik baca formula kwkwkw
2081181327781712365,KoFPLI_GRESIK,"3 Rekrutan baru kami yang akan berjuang bersama KGR di @LigaBRFI 2 musim 26/27

@DickyArifiyant1 @doddydoayz @ArtaDeden

Siapakah yang akan mereka gantikan? https://t.co/aHqhsO2dLV",3 rekrutan baru kami yang akan berjuang bersama kgr di 2 musim 2627 siapakah yang akan mereka gantikan,netral,0.987,olahraga,3.0,,,2026-07-26,Gresik,3 rekrut baru juang sama kgr 2 musim 2627 siapa ganti
2077573166940242198,KoFPLI_GRESIK,"tebak siapa yg deal done ini ? 😂

@FPL_Bechanda @GarudaFFC @LigaBRFI https://t.co/oYQXu5044n",tebak siapa yg deal done ini,negatif,0.789,olahraga,9.0,,,2026-07-16,Gresik,tebak siapa deal done
2081177614790869429,credOLIN,"@ohbitterwine Iya gapapa, Kak besok lagi.
Salam dari Gresik yaa.",iya gapapa kak besok lagi salam dari gresik yaa,netral,0.932,umum,0.0,,,2026-07-26,Gresik,iya gapapa kak besok salam gresik yaa
2081177515067125772,credOLIN,"@p8dripepi Hihii iya yaa, Kak.
Gresik juga kok.
Selamat pagii.",hihii iya yaa kak gresik juga kok selamat pagii,netral,0.979,umum,0.0,,,2026-07-26,Gresik,hihii iya yaa kak gresik kok selamat pagi
2081176313554239594,AiptuSupar49750,"Anggota Polsek Duduksampeyan melaksanakan pengecekan pemeliharaan Tambak ikan di Ds. Pandanan Kec. Duduksampeyan Kab. Gresik

#astacita 
#swasembadapangan 
#ketahananpangan #ketahananpanganpoldajatim 
#ssdmpolri 
#birosdmpoldajatim 
#bidhumaspoldajatim 
#polresgresik 
#gresik https://t.co/pTNgNAbkfc",anggota polsek duduksampeyan melaksanakan pengecekan pemeliharaan tambak ikan di ds pandanan kec duduksampeyan kab gresik astacita swasembadapangan ketahananpangan ketahananpanganpoldajatim ssdmpolri birosdmpoldajatim bidhumaspoldajatim polresgresik gresik,netral,0.994,umum,1.0,,,2026-07-26,Gresik,anggota polsek duduksampeyan laksana kece pelihara tambak ikan ds pandan kec duduksampeyan kab gresik astacita swasembadapangan ketahananpangan ketahananpanganpoldajatim ssdmpolri birosdmpoldajatim bidhumaspoldajatim polresgresik gresik
2081176074009092365,AiptuSupar49750,"Anggota Polsek Duduksampeyan melaksanakan pengecekan pemeliharaan Tambak ikan di Ds. Pandanan Kec. Duduksampeyan Kab. Gresik

#astacita 
#swasembadapangan 
#ketahananpangan #ketahananpanganpoldajatim 
#ssdmpolri 
#birosdmpoldajatim 
#bidhumaspoldajatim 
#polresgresik 
#gresik https://t.co/aA5aRgXDMg",anggota polsek duduksampeyan melaksanakan pengecekan pemeliharaan tambak ikan di ds pandanan kec duduksampeyan kab gresik astacita swasembadapangan ketahananpangan ketahananpanganpoldajatim ssdmpolri birosdmpoldajatim bidhumaspoldajatim polresgresik gresik,netral,0.994,umum,1.0,,,2026-07-26,Gresik,anggota polsek duduksampeyan laksana kece pelihara tambak ikan ds pandan kec duduksampeyan kab gresik astacita swasembadapangan ketahananpangan ketahananpanganpoldajatim ssdmpolri birosdmpoldajatim bidhumaspoldajatim polresgresik gresik
2081176018438811739,AiptuSupar49750,"Anggota Polsek Duduksampeyan melaksanakan pengecekan pemeliharaan Tambak ikan di Ds. Pandanan Kec. Duduksampeyan Kab. Gresik

#astacita 
#swasembadapangan 
#ketahananpangan #ketahananpanganpoldajatim 
#ssdmpolri 
#birosdmpoldajatim 
#bidhumaspoldajatim 
#polresgresik 
#gresik https://t.co/6FgIsqmIug",anggota polsek duduksampeyan melaksanakan pengecekan pemeliharaan tambak ikan di ds pandanan kec duduksampeyan kab gresik astacita swasembadapangan ketahananpangan ketahananpanganpoldajatim ssdmpolri birosdmpoldajatim bidhumaspoldajatim polresgresik gresik,netral,0.994,umum,1.0,,,2026-07-26,Gresik,anggota polsek duduksampeyan laksana kece pelihara tambak ikan ds pandan kec duduksampeyan kab gresik astacita swasembadapangan ketahananpangan ketahananpanganpoldajatim ssdmpolri birosdmpoldajatim bidhumaspoldajatim polresgresik gresik
2081174988707520814,kawanhewan,@luvforpaw Latian nya ikut penerbangan Citilink yaaa??,latian nya ikut penerbangan citilink yaaa,netral,0.956,umum,0.0,,,2026-07-26,Gresik,latian nya ikut terbang citilink yaaa
2081174031773139296,credOLIN,"@Threshold_99 Selamat pagi dari Gresik, Kak.
Pagi ini ada kegiatan di gereja.",selamat pagi dari gresik kak pagi ini ada kegiatan di gereja,netral,0.972,umum,1.0,,,2026-07-26,Gresik,selamat pagi gresik kak pagi giat gereja
2081173897152778650,credOLIN,"@Drakunyet Selamat pagi dari Gresik, Kak.",selamat pagi dari gresik kak,netral,0.987,umum,1.0,,,2026-07-26,Gresik,selamat pagi gresik kak
2081173820774482284,credOLIN,"@Yupi_Geprek Selamat pagi dari Gresik, Kak.",selamat pagi dari gresik kak,netral,0.987,umum,0.0,,,2026-07-26,Gresik,selamat pagi gresik kak
2081173455668740600,credOLIN,"@papaojol Gapapa, Kak jogging date bisa kapan².
Selamat pagi dari Gresik:",gapapa kak jogging date bisa kapan² selamat pagi dari gresik,positif,0.766,umum,0.0,,,2026-07-26,Gresik,gapapa kak jogging date kapan selamat pagi gresik
2081172981020058025,kawanhewan,@snowyndutt Mikirin kapan minta wedud yaaa?,mikirin kapan minta wedud yaaa,negatif,0.675,umum,0.0,,,2026-07-26,Gresik,mikirin kapan minta wedud yaaa
2081165422737625200,shakiraamanda78,Pengecekan pemeliharaan Tambak ikan di Ds. Pandanan Kec. Duduksampeyan Kab. Gresik https://t.co/xZ4I0mhn0g,pengecekan pemeliharaan tambak ikan di ds pandanan kec duduksampeyan kab gresik,netral,0.93,umum,0.0,,,2026-07-25,Gresik,kece pelihara tambak ikan ds pandan kec duduksampeyan kab gresik
2081164665292476739,Ilyasfurqon3,"Pengecekan Tambak ikan di Ds. Pandanan Kec. Duduksampeyan Kab. Gresik untuk mendukung program ketahanan pangan

#astacita 
#swasembadapangan 
#ketahananpangan #ketahananpanganpoldajatim 
#ssdmpolri 
#divhumaspolri 
#birosdmpoldajatim 
#bidhumaspoldajatim 
#polresgresik 
#gresik https://t.co/qP8o8v4SDA",pengecekan tambak ikan di ds pandanan kec duduksampeyan kab gresik untuk mendukung program ketahanan pangan astacita swasembadapangan ketahananpangan ketahananpanganpoldajatim ssdmpolri divhumaspolri birosdmpoldajatim bidhumaspoldajatim polresgresik gresik,netral,0.994,umum,0.0,,,2026-07-25,Gresik,kece tambak ikan ds pandan kec duduksampeyan kab gresik dukung program tahan pangan astacita swasembadapangan ketahananpangan ketahananpanganpoldajatim ssdmpolri divhumaspolri birosdmpoldajatim bidhumaspoldajatim polresgresik gresik
2081157163259736084,miraclevanter,surabaya gresik ketinggalan (mau jg),surabaya gresik ketinggalan mau jg,netral,0.992,umum,0.0,,,2026-07-25,Gresik,surabaya gresik tinggal mau jg
2080986032137556012,connnonon,"to. ㅂㄴㄷ에게
콘서트를할꺼면
서울부산대구인천광주대전울산세종수원성남고양용인부천안산안양남양주화성평택의정부시흥파주김포광명군포오산이천안성구리의왕하남양주포천여주동두천과천가평양평연천춘천원주강릉동해태백속초삼척홍천횡성영월평창정선철원화천양구인제고성양양청주충주제천보은옥천영동증평진천괴산음성단양천안공주보령아산서산논산계룡당진금산부여서천청양홍성예산태안전주군산익산정읍남원김제완주진안무주장수임실순창고창부안목포여수순천나주광양담양곡성구례고흥보성화순장흥강진해남영암무안함평영광장성완도진도신안포항경주김천안동구미영주영천상주문경경산의성청송영양영덕청도고령성주칠곡예천봉화울진울릉창원진주통영사천김해밀양거제양산의령함안창녕고성남해하동산청함양거창합천제주
까지 한번씩 다 와줘라",to ㅂㄴㄷ에게 콘서트를할꺼면 서울부산대구인천광주대전울산세종수원성남고양용인부천안산안양남양주화성평택의정부시흥파주김포광명군포오산이천안성구리의왕하남양주포천여주동두천과천가평양평연천춘천원주강릉동해태백속초삼척홍천횡성영월평창정선철원화천양구인제고성양양청주충주제천보은옥천영동증평진천괴산음성단양천안공주보령아산서산논산계룡당진금산부여서천청양홍성예산태안전주군산익산정읍남원김제완주진안무주장수임실순창고창부안목포여수순천나주광양담양곡성구례고흥보성화순장흥강진해남영암무안함평영광장성완도진도신안포항경주김천안동구미영주영천상주문경경산의성청송영양영덕청도고령성주칠곡예천봉화울진울릉창원진주통영사천김해밀양거제양산의령함안창녕고성남해하동산청함양거창합천제주 까지 한번씩 다 와줘라,positif,0.839,umum,2885.0,,,2026-07-25,Gresik,to       
2081110008868245624,amatchalattie,"@cringeberat Dulu aku pas smp kalo hari jumat malah jam 6 pas udah harus masuk sekolah. Banyak temen yang rumahnya gresik berangkatnya literally abis subuhan. Aku dom surabaya btw 😭

Mana beneran jam 6 udah harus naruh tas di lobi dan gabole masuk ke lapangan alias udah fix dihukum telat 🥲",dulu aku pas smp kalo hari jumat malah jam 6 pas udah harus masuk sekolah banyak temen yang rumahnya gresik berangkatnya literally abis subuhan aku dom surabaya btw mana beneran jam 6 udah harus naruh tas di lobi dan gabole masuk ke lapangan alias udah fix dihukum telat,negatif,0.555,pendidikan,0.0,,,2026-07-25,Gresik,dulu aku pas smp kalo hari jumat malah jam 6 pas udah masuk sekolah banyak temen rumah gresik berangkat literally abis subuh aku dom surabaya btw mana beneran jam 6 udah naruh tas lobi gabole masuk lapang alias udah fix hukum telat
2081076759374729496,theluckiestboy,"@Nian173 mungkin kalah karo wilayah sing nduwe pelabuhan mas, soale gresik lamongan tuban iseh luas juga tanahe nggo KEK",mungkin kalah karo wilayah sing nduwe pelabuhan mas soale gresik lamongan tuban iseh luas juga tanahe nggo kek,negatif,0.984,infrastruktur,0.0,,,2026-07-25,Gresik,mungkin kalah karo wilayah sing nduwe labuh mas soale gresik lamongan tuban iseh luas tanahe nggo kek
2081056331050696825,reytenstiel,@rylandgrce Mara: belah dada gue isinya gresik 😭,mara belah dada gue isinya gresik,negatif,0.945,umum,1.0,,,2026-07-25,Gresik,mara belah dada gue isi gresik
2081054912084156512,anemuja,touchdown gresik,touchdown gresik,positif,0.929,umum,0.0,,,2026-07-25,Gresik,touchdown gresik
2081044100611211672,cantigs,Gais ada yang tau ga buat jasa pindahan buat angkut barang gitu jogja gresik,gais ada yang tau ga buat jasa pindahan buat angkut barang gitu jogja gresik,negatif,0.902,umum,3.0,,,2026-07-25,Gresik,gais tau buat jasa pindah buat angkut barang gitu jogja gresik
2081039094965022993,kawanhewan,@be_my_lunch Moody,moody,positif,0.965,umum,3.0,,,2026-07-25,Gresik,moody
2081038584144969971,kawanhewan,@RealDhyra Tambah rokok sebatang plus burung kicau mania,tambah rokok sebatang plus burung kicau mania,netral,0.936,umum,0.0,,,2026-07-25,Gresik,tambah rokok batang plus burung kicau mania
2081037912364154922,kawanhewan,@dwynwhy Ini poster film horror? Karya Joko Anwar?,ini poster film horror karya joko anwar,netral,0.996,umum,0.0,,,2026-07-25,Gresik,poster film horror karya joko anwar
2081037742931079324,kawanhewan,@nocontextscats Desperately need attention!,desperately need attention,netral,0.949,umum,0.0,,,2026-07-25,Gresik,desperately need attention
2081037301870743680,kawanhewan,@savirabellaaa Setiap hari adalah weekend bagi dia,setiap hari adalah weekend bagi dia,netral,0.493,umum,1.0,,,2026-07-25,Gresik,hari weekend
2081036120243011606,kawanhewan,@snowyndutt Tinggal di solo baru ya kk?,tinggal di solo baru ya kk,netral,0.967,umum,1.0,,,2026-07-25,Gresik,tinggal solo baru kk
2081035999547650264,kawanhewan,"@munyilthecat ""Banyak banget oren beraneka ukuran"" = kode keras kalau area kamu sudah dikuasai dinasti oren. Mereka tidak main-main.",banyak banget oren beraneka ukuran kode keras kalau area kamu sudah dikuasai dinasti oren mereka tidak mainmain,positif,0.863,pemerintahan,0.0,,,2026-07-25,Gresik,banyak banget oren aneka ukur kode keras kalau area kamu asai dinasti oren mainmain
2081032656037573001,theaudway,"Kl pas di Gresik suami full makan sehat serba kukus, tanpa nasi kecuali dikasih orang. Weekend jatahnya cheat day. Fix, aku lah pembawa pengaruh buruk kuliner 🫠",kl pas di gresik suami full makan sehat serba kukus tanpa nasi kecuali dikasih orang weekend jatahnya cheat day fix aku lah pembawa pengaruh buruk kuliner,negatif,0.992,umum,0.0,,,2026-07-25,Gresik,kl pas gresik suami full makan sehat serba kukus nasi kasih orang weekend jatah cheat day fix aku lah bawa pengaruh buruk kuliner
2081028092995453233,kawanhewan,@nocontextscats Are you sure?,are you sure,netral,0.884,umum,0.0,,,2026-07-25,Gresik,are you sure
2081024135669412125,kawanhewan,@mamakbagol Selamat atas debut nya kk,selamat atas debut nya kk,positif,0.842,umum,1.0,,,2026-07-25,Gresik,selamat atas debut nya kk
2081023614204404208,cantigs,Ada yang orang gresik ga disini dom sidayu kalo bisa,ada yang orang gresik ga disini dom sidayu kalo bisa,netral,0.943,umum,3.0,,,2026-07-25,Gresik,orang gresik sini dom sidayu kalo
2081023289884029368,itsabels,@sisilainpetrik gedian umr gresik timbang gaji mungil ku 😭😭🤣😭🤣,gedian umr gresik timbang gaji mungil ku,netral,0.88,umum,0.0,,,2026-07-25,Gresik,gedi umr gresik timbang gaji mungil ku
2081022920353317054,sisilainpetrik,"@itsabels onok mbak, umr gresik yo tapi feene",onok mbak umr gresik yo tapi feene,netral,0.546,umum,0.0,,,2026-07-25,Gresik,onok mbak umr gresik yo feene
2081018523346931838,fabel5models,"@hugmewarmlyy Gresik sini , biar aku bimbingan Jurnal nya deket mana tau auto Q2 😅🙏🏻🤣",gresik sini biar aku bimbingan jurnal nya deket mana tau auto q2,netral,0.97,umum,0.0,,,2026-07-25,Gresik,gresik sini biar aku bimbing jurnal nya deket mana tau auto q2
2081016062234272127,LintberLin,@xdirtymaidx Dom gresik ka?,dom gresik ka,netral,0.992,umum,0.0,,,2026-07-25,Gresik,dom gresik ka
2081015548993835462,kawanhewan,@JukiHoki Iya bang. sekenyangnya binatang berapa sih? Jauh bang sama kerakusan koruptor.,iya bang sekenyangnya binatang berapa sih jauh bang sama kerakusan koruptor,negatif,0.997,umum,0.0,,,2026-07-25,Gresik,iya bang kenyang binatang berapa sih jauh bang sama rakus koruptor
2081015278314705341,seaweedoff,@occyeansnic @ngektut @akuilkomtau @sinceliars @jaoeliow mmf yh gresik,mmf yh gresik,netral,0.965,umum,0.0,,,2026-07-25,Gresik,mmf yh gresik
2081015076669083829,kawanhewan,"@dipanggillnoleh Kasihan banget Oto. Semoga malam ini sudah lebih tenang dan dia mau makan lagi. Sabar ya, nanti pasti balik normal kalau rumah sudah sepi",kasihan banget oto semoga malam ini sudah lebih tenang dan dia mau makan lagi sabar ya nanti pasti balik normal kalau rumah sudah sepi,negatif,0.996,umum,0.0,,,2026-07-25,Gresik,kasihan banget oto moga malam lebih tenang mau makan sabar balik normal kalau rumah sepi
2081005517024149706,jessicathayyaaa,@flyupiiw jastip kirim ke gresik,jastip kirim ke gresik,netral,0.992,umum,0.0,,,2026-07-25,Gresik,jastip kirim gresik
2080999914646208950,blissthethicsss,@bkndms gresik mana? Soalnya aku utara gprnh ngerasain dingin😭,gresik mana soalnya aku utara gprnh ngerasain dingin,positif,0.917,umum,0.0,,,2026-07-25,Gresik,gresik mana soal aku utara gprnh ngerasain dingin
2080997642990244118,arteyyya,"[ PRE ORDER FANMADE KEYCHAIN MINITEEN CHARM BEAD BATCH 2 ]

★ keychain bus ver, charm uk normal &amp; uk short, full miniteen, lanyard, custom with letter

form order: https://t.co/wDRoGwTeZ6…

☑️ bersih ina (exc shiploc ph)
📆 close order 6 agustus
📍 GO dom gresik",pre order fanmade keychain miniteen charm bead batch 2 keychain bus ver charm uk normal amp uk short full miniteen lanyard custom with letter form order bersih ina exc shiploc ph close order 6 agustus go dom gresik,netral,0.993,umum,1.0,,,2026-07-25,Gresik,pre order fanmade keychain miniteen charm bead batch 2 keychain bus ver charm uk normal amp uk short full miniteen lanyard custom with letter form order bersih ina exc shiploc ph close order 6 agustus go dom gresik
2080863573044281504,cartbyhshpaw,"[ PRE ORDER FANMADE KEYCHAIN MINITEEN CHARM BEAD BATCH 2 ]

★ keychain bus ver, charm uk normal &amp; uk short, full miniteen, lanyard, custom with letter

form order: https://t.co/hZqGSJz5ep

☑️ bersih ina (exc shiploc ph)
📆 close order 6 agustus
📍 GO dom gresik

#hanshuapaw_po https://t.co/Vsnw07oQAT",pre order fanmade keychain miniteen charm bead batch 2 keychain bus ver charm uk normal amp uk short full miniteen lanyard custom with letter form order bersih ina exc shiploc ph close order 6 agustus go dom gresik hanshuapaw_po,netral,0.994,umum,3.0,,,2026-07-25,Gresik,pre order fanmade keychain miniteen charm bead batch 2 keychain bus ver charm uk normal amp uk short full miniteen lanyard custom with letter form order bersih ina exc shiploc ph close order 6 agustus go dom gresik hanshuapaw po
2080990327754850438,rawkitan,@nhparlert lah pas itu di gresik ga si,lah pas itu di gresik ga si,positif,0.776,umum,0.0,,,2026-07-25,Gresik,lah pas gresik si
2080988096775250234,nhparlert,first time banget malam ini di gresik 😭😭😭😭,first time banget malam ini di gresik,positif,0.989,umum,1.0,,,2026-07-25,Gresik,first time banget malam gresik
2080983263141896443,bidhumas_jatim,"Tennis Tournament Point to Point Season 2 – Kapolres Gresik Cup 2026 menjadi ajang menunjukkan semangat juang, sportivitas, dan kebersamaan. Menang atau kalah adalah hal biasa, namun mental juara, fair play, dan silaturahmi adalah kemenangan yang sesungguhnya. https://t.co/JAQB71AbqW",tennis tournament point to point season 2 kapolres gresik cup 2026 menjadi ajang menunjukkan semangat juang sportivitas dan kebersamaan menang atau kalah adalah hal biasa namun mental juara fair play dan silaturahmi adalah kemenangan yang sesungguhnya,positif,0.976,umum,0.0,,,2026-07-25,Gresik,tennis tournament point to point season 2 kapolres gresik cup 2026 jadi ajang tunjuk semangat juang sportivitas sama menang kalah biasa mental juara fair play silaturahmi menang sungguh
2080981067113333062,gresikutdFC,"Setelah menuntaskan musim bersama Gresik United dan sempat mencicipi Liga 1 bersama Semen Padang musim lalu, Wahyu Agong kembali memperkuat Laskar Joko Samudro.

Welcome back, Wahyu!

#GresikUnited #LaskarJokoSamudro #WahyuAgong https://t.co/1xLrtK4YCC",setelah menuntaskan musim bersama gresik united dan sempat mencicipi liga 1 bersama semen padang musim lalu wahyu agong kembali memperkuat laskar joko samudro welcome back wahyu gresikunited laskarjokosamudro wahyuagong,netral,0.981,industri,3.0,,,2026-07-25,Gresik,tuntas musim sama gresik united sempat cicip liga 1 sama semen padang musim lalu wahyu agong kuat laskar joko samudro welcome back wahyu gresikunited laskarjokosamudro wahyuagong
2080980963795022235,jessicathayyaaa,@unmagnetism im from gresik,im from gresik,positif,0.65,umum,0.0,,,2026-07-25,Gresik,im from gresik
2080980656201621568,gresikutdFC,"Setelah menuntaskan musim bersama Gresik United dan sempat mencicipi Liga 1 bersama Semen Padang musim lalu, Wahyu Agong kembali memperkuat Laskar Joko Samudro.

Welcome back, Wahyu!

#GresikUnited #LaskarJokoSamudro #WahyuAgong https://t.co/aaojV80LQQ",setelah menuntaskan musim bersama gresik united dan sempat mencicipi liga 1 bersama semen padang musim lalu wahyu agong kembali memperkuat laskar joko samudro welcome back wahyu gresikunited laskarjokosamudro wahyuagong,netral,0.981,industri,0.0,,,2026-07-25,Gresik,tuntas musim sama gresik united sempat cicip liga 1 sama semen padang musim lalu wahyu agong kuat laskar joko samudro welcome back wahyu gresikunited laskarjokosamudro wahyuagong
2080980436298392007,_Itsyol,"Gresik New Open Beb 🫶 
#availgresik #bogresik 
#openbogresik https://t.co/QEOl6DIg73",gresik new open beb availgresik bogresik openbogresik,netral,0.995,umum,1.0,,,2026-07-25,Gresik,gresik new open beb availgresik bogresik openbogresik
2080978723185238525,DickyArifiyant1,"@SambatFPL Sy udah punya tim utk Liga BRFI, join 2 pekan lalu join di Kofpli Gresik bang.

Klo msh memerlukan member utk BRFI sy bisa rekomendasikan teman sy yg blm punya Tim 🙏",sy udah punya tim utk liga brfi join 2 pekan lalu join di kofpli gresik bang klo msh memerlukan member utk brfi sy bisa rekomendasikan teman sy yg blm punya tim,netral,0.992,olahraga,0.0,,,2026-07-25,Gresik,sy udah punya tim liga brfi join 2 pekan lalu join kofpli gresik bang klo msh perlu member brfi sy rekomendasi teman sy punya tim
2080976744920781174,Dawuh_Mas,iki arek gresik sek akeh seng dolenan X ta,iki arek gresik sek akeh seng dolenan x ta,negatif,0.975,umum,0.0,,,2026-07-25,Gresik,iki arek gresik sek akeh seng dolenan x ta
2078813169125126560,joglodejava,"Tragedi ini bermula jauh sebelum hari eksekusi tiba. Di sebuah rumah kontrakan sederhana di Dusun Plampang, Desa Putat Lor, Kecamatan Menganti, Kabupaten Gresik, keluarga kecil ini hidup dalam tekanan ekonomi yang kronis.

Sang ayah, Muhammad Qo'dad Af'alul Kirom (29 tahun), yang akrab disapa Afan, adalah seorang pengangguran. Namun, ketiadaan pekerjaannya bukanlah semata-mata karena nasib buruk. Afan memiliki rekam jejak kelam sebagai mantan narapidana (residivis) kasus penyalahgunaan narkotika di Polrestabes Surabaya. Status residivis inilah yang membuatnya ditolak di mana-mana saat melamar pekerjaan formal. Ia terjebak dalam pengangguran yang merusak fondasi keluarganya.

Kemiskinan ini memicu konflik rumah tangga yang parah. Publik awalnya mengira kepergian sang istri (berinisial D) adalah semata-mata karena ia ingin kembali ke dunia malam sebagai Pemandu Lagu (LC). Namun, fakta penyidikan mengungkap realita yang lebih gelap: sang istri adalah korban Kekerasan Dalam Rumah Tangga (KDRT). Ketiadaan nafkah yang diperparah dengan sikap temperamental dan perlakuan kasar Afan membuat D mencapai puncak keputusasaannya.

TITIK NADIR DAN PROYEKSI KETAKUTAN (26-28 APRIL 2023)

Pada Rabu, 26 April 2023, setelah pertengkaran hebat yang kesekian kalinya, sang istri memutuskan kabur untuk menyelamatkan diri. Sayangnya, dalam pelarian yang tergesa-gesa itu, ia meninggalkan AZ bersama sang ayah.

Selama dua hari berikutnya (Kamis hingga Jumat), Afan mengasuh AZ sendirian di tengah kondisi tanpa uang, terisolasi, dan merasa harga dirinya hancur berantakan. Di masa-masa kritis inilah, logika Afan mulai terdistorsi oleh depresi situasional.

Ia memproyeksikan ketakutan dan kegagalannya sendiri kepada masa depan AZ. Afan sangat terbebani oleh stigma profesi istrinya sebagai LC dan fakta bahwa mereka hidup miskin. Ia yakin masa depan putrinya akan sangat kelam dan akan menjadi korban perundungan (bullying). Di tengah keputusasaan itu, muncul sebuah pemikiran fatal yang dilandasi pemahaman agama yang disalahartikan: anak kecil yang belum baligh dijamin masuk surga karena belum berdosa.

Niat membunuh pun lahir. Bukan dari kebencian, melainkan dari bentuk ""kepedulian yang salah arah"" sebuah delusi untuk ""menyelamatkan"" anaknya dari kejamnya dunia.

JEJAK DIGITAL SEBUAH RENCANA KELAM (JUMAT MALAM, 28 APRIL 2023)

Jumat malam, niat itu mengkristal menjadi sebuah rencana pembunuhan berencana. Saat AZ sudah tertidur lelap, Afan terjaga karena insomnia. Di keheningan malam, ia menggunakan ponsel cerdasnya untuk berselancar di mesin pencari Google.

Jejak digital forensik merekam pencarian mengerikan yang diketik berulang kali oleh Afan: ""Cara membunh anak dengan cepat"" dan ""Cara membunh agar tidak kesakitan"".

Terdapat jeda waktu beberapa jam sejak pencarian digital tersebut hingga waktu eksekusi. Afan sebenarnya memiliki waktu untuk berpikir jernih dan membatalkan niatnya. Namun, ia justru menggunakan waktu itu untuk mematangkan rencana dan memilih senjata, memastikan korban benar-benar terlelap agar eksekusi berjalan tanpa perlawanan.

EKSEKUSI YANG MEMBABI BUTA (SABTU SUBUH, 29 APRIL 2023)

Sabtu subuh, sekitar pukul 04.30 WIB, suasana Dusun Plampang masih sangat sepi. Rencana di kepala Afan bertransformasi menjadi tindakan fisik. Ia melangkah ke dapur, mengambil sebilah pisau dengan panjang sekitar 30 sentimeter, dan kembali ke kamar tempat putrinya tertidur pulas dalam posisi tengkurap.

Tanpa ragu, Afan menghujamkan pisau itu ke punggung korban. Serangan yang tiba-tiba membuat AZ terbangun, merintih, dan meronta menahan sakit luar biasa. Bukannya tersadar atau merasa iba mendengar rintihan darah dagingnya, logika Afan yang sudah terdistorsi membuatnya semakin kalap. Ia terus menusukkan pisau itu berkali-kali secara membabi buta.",tragedi ini bermula jauh sebelum hari eksekusi tiba di sebuah rumah kontrakan sederhana di dusun plampang desa putat lor kecamatan menganti kabupaten gresik keluarga kecil ini hidup dalam tekanan ekonomi yang kronis sang ayah muhammad qodad afalul kirom 29 tahun yang akrab disapa afan adalah seorang pengangguran namun ketiadaan pekerjaannya bukanlah sematamata karena nasib buruk afan memiliki rekam jejak kelam sebagai mantan narapidana residivis kasus penyalahgunaan narkotika di polrestabes surabaya status residivis inilah yang membuatnya ditolak di manamana saat melamar pekerjaan formal ia terjebak dalam pengangguran yang merusak fondasi keluarganya kemiskinan ini memicu konflik rumah tangga yang parah publik awalnya mengira kepergian sang istri berinisial d adalah sematamata karena ia ingin kembali ke dunia malam sebagai pemandu lagu lc namun fakta penyidikan mengungkap realita yang lebih gelap sang istri adalah korban kekerasan dalam rumah tangga kdrt ketiadaan nafkah yang diperparah dengan sikap temperamental dan perlakuan kasar afan membuat d mencapai puncak keputusasaannya titik nadir dan proyeksi ketakutan 2628 april 2023 pada rabu 26 april 2023 setelah pertengkaran hebat yang kesekian kalinya sang istri memutuskan kabur untuk menyelamatkan diri sayangnya dalam pelarian yang tergesagesa itu ia meninggalkan az bersama sang ayah selama dua hari berikutnya kamis hingga jumat afan mengasuh az sendirian di tengah kondisi tanpa uang terisolasi dan merasa harga dirinya hancur berantakan di masamasa kritis inilah logika afan mulai terdistorsi oleh depresi situasional ia memproyeksikan ketakutan dan kegagalannya sendiri kepada masa depan az afan sangat terbebani oleh stigma profesi istrinya sebagai lc dan fakta bahwa mereka hidup miskin ia yakin masa depan putrinya akan sangat kelam dan akan menjadi korban perundungan bullying di tengah keputusasaan itu muncul sebuah pemikiran fatal yang dilandasi pemahaman agama yang disalahartikan anak kecil yang belum baligh dijamin masuk surga karena belum berdosa niat membunuh pun lahir bukan dari kebencian melainkan dari bentuk kepedulian yang salah arah sebuah delusi untuk menyelamatkan anaknya dari kejamnya dunia jejak digital sebuah rencana kelam jumat malam 28 april 2023 jumat malam niat itu mengkristal menjadi sebuah rencana pembunuhan berencana saat az sudah tertidur lelap afan terjaga karena insomnia di keheningan malam ia menggunakan ponsel cerdasnya untuk berselancar di mesin pencari google jejak digital forensik merekam pencarian mengerikan yang diketik berulang kali oleh afan cara membunh anak dengan cepat dan cara membunh agar tidak kesakitan terdapat jeda waktu beberapa jam sejak pencarian digital tersebut hingga waktu eksekusi afan sebenarnya memiliki waktu untuk berpikir jernih dan membatalkan niatnya namun ia justru menggunakan waktu itu untuk mematangkan rencana dan memilih senjata memastikan korban benarbenar terlelap agar eksekusi berjalan tanpa perlawanan eksekusi yang membabi buta sabtu subuh 29 april 2023 sabtu subuh sekitar pukul 0430 wib suasana dusun plampang masih sangat sepi rencana di kepala afan bertransformasi menjadi tindakan fisik ia melangkah ke dapur mengambil sebilah pisau dengan panjang sekitar 30 sentimeter dan kembali ke kamar tempat putrinya tertidur pulas dalam posisi tengkurap tanpa ragu afan menghujamkan pisau itu ke punggung korban serangan yang tibatiba membuat az terbangun merintih dan meronta menahan sakit luar biasa bukannya tersadar atau merasa iba mendengar rintihan darah dagingnya logika afan yang sudah terdistorsi membuatnya semakin kalap ia terus menusukkan pisau itu berkalikali secara membabi buta,negatif,0.913,infrastruktur,1.0,,,2026-07-19,Kabupaten Gresik,tragedi mula jauh hari eksekusi tiba buah rumah kontra sederhana dusun plampang desa putat lor camat anti kabupaten gresik keluarga kecil hidup tekan ekonomi kronis sang ayah muhammad qodad afalul kirom 29 tahun akrab sapa afan orang anggur tiada kerja bukan sematamata nasib buruk afan milik rekam jejak kelam mantan narapidana residivis kasus penyalahgunaan narkotika polrestabes surabaya status residivis ini buat tolak manamana lamar kerja formal jebak anggur rusak fondasi keluarga miskin picu konflik rumah tangga parah publik awal ira pergi sang istri inisial d sematamata dunia malam pandu lagu lc fakta sidi ungkap realita lebih gelap sang istri korban keras rumah tangga kdrt tiada nafkah parah sikap temperamental laku kasar afan buat d capai puncak keputusasaannya titik nadir proyeksi takut 2628 april 2023 rabu 26 april 2023 tengkar hebat sekian kali sang istri putus kabur selamat diri sayang lari tergesagesa tinggal az sama sang ayah lama hari ikut kamis hingga jumat afan asuh az sendiri tengah kondisi uang isolasi rasa harga diri hancur beranta masamasa kritis ini logika afan mulai distorsi depresi situasional proyeksi takut gagal sendiri masa depan az afan sangat beban stigma profesi istri lc fakta hidup miskin yakin masa depan putri sangat kelam jadi korban rundung bullying tengah keputusasaan muncul buah pikir fatal landas paham agama disalahartikan anak kecil baligh jamin masuk surga dosa niat bunuh lahir bukan benci bentuk peduli salah arah buah delusi selamat anak kejam dunia jejak digital buah rencana kelam jumat malam 28 april 2023 jumat malam niat kristal jadi buah rencana bunuh rencana az tidur lelap afan jaga insomnia hening malam guna ponsel cerdas selancar mesin cari google jejak digital forensik rekam cari keri ketik ulang kali afan cara membunh anak cepat cara membunh sakit dapat jeda waktu beberapa jam sejak cari digital sebut hingga waktu eksekusi afan benar milik waktu pikir jernih batal niat justru guna waktu matang rencana pilih senjata pasti korban benarbenar lelap eksekusi jalan lawan eksekusi babi buta sabtu subuh 29 april 2023 sabtu subuh pukul 0430 wib suasana dusun plampang sangat sepi rencana kepala afan transformasi jadi tindak fisik lang dapur ambil bilah pisau panjang 30 sentimeter kamar tempat putri tidur pulas posisi tengkurap ragu afan menghujamkan pisau punggung korban serang tibatiba buat az bangun rintih ronta tahan sakit luar biasa bukan sadar rasa iba dengar rintih darah daging logika afan distorsi buat makin kalap terus tusuk pisau berkalikali babi buta
2078870893258997972,TurboRider62,"Kalian masih bingung mau nonton final piala dunia dimana?

Nih ada info kalau Pemkab Gresik ngadain nobar final piala dunia di halaman Kantor Bupati Gresik, full doorprize juga lo, yang lagi di gresik bisa merapat gaes 😀

Btw dimana aja nih yang ngadain nobar malam ini? https://t.co/FyHM3C12VE",kalian masih bingung mau nonton final piala dunia dimana nih ada info kalau pemkab gresik ngadain nobar final piala dunia di halaman kantor bupati gresik full doorprize juga lo yang lagi di gresik bisa merapat gaes btw dimana aja nih yang ngadain nobar malam ini,netral,0.97,pemerintahan,0.0,,,2026-07-19,Pemkab Gresik,kalian bingung mau nonton final piala dunia nih info kalau pemkab gresik ngadain nobar final piala dunia halaman kantor bupati gresik full doorprize lo gresik rapat gaes btw nih ngadain nobar malam
2079019389979091301,simp4taerae,"WTS GUNWOOK KUROMI &amp; GUNWOOK POB KTOWN YITS. prefer take all (offer karena nggak ngikutin pasaran) 

🍊 exc pack &amp; adm
🏠 gresik, jawa timur https://t.co/8BKL7R865h",wts gunwook kuromi amp gunwook pob ktown yits prefer take all offer karena nggak ngikutin pasaran exc pack amp adm gresik jawa timur,netral,0.982,ekonomi,0.0,,,2026-07-20,Gresik Jawa Timur,wts gunwook kuromi amp gunwook pob ktown yits prefer take all offer ngikutin pasar exc pack amp adm gresik jawa timur
2078692459006357727,calicokite,"WTS HARUTO &amp; JAEHYUK 

🏷️ PRICE: OFFER
&lt;..prefer take all / satuan it’s okay!..&gt; 

🍊 exc pack &amp; adm
🏠 gresik, jawa timur 
#teumejual https://t.co/NA1sCHd6cl",wts haruto amp jaehyuk price offer ltprefer take all satuan its okaygt exc pack amp adm gresik jawa timur teumejual,netral,0.992,umum,1.0,,,2026-07-19,Gresik Jawa Timur,wts haruto amp jaehyuk price offer ltprefer take all satu its okaygt exc pack amp adm gresik jawa timur teumejual
2079058264982172006,HumasGresik,"Menjaga kondusifitas sambil merawat kebersamaan. Dokumentasi keseruan nonton bareng Piala Dunia di Halaman Kantor Bupati Gresik. Terima kasih untuk masyarakat yang sudah tertib dan meramaikan suasana! 🙌✨

#PolresGresik #PolriPresisi #NobarPialaDunia #GresikAman https://t.co/oJU29ULKKg",menjaga kondusifitas sambil merawat kebersamaan dokumentasi keseruan nonton bareng piala dunia di halaman kantor bupati gresik terima kasih untuk masyarakat yang sudah tertib dan meramaikan suasana polresgresik polripresisi nobarpialadunia gresikaman,netral,0.849,pemerintahan,0.0,,,2026-07-20,Bupati Gresik,jaga kondusifitas rawat sama dokumentasi seru nonton bareng piala dunia halaman kantor bupati gresik terima kasih masyarakat tertib ramai suasana polresgresik polripresisi nobarpialadunia gresikaman
2078785551252197512,lampiran_id,"Simposium IMBAS, Anggota DPRD Gresik Siap Kawal Aspirasi
https://t.co/Bds5q04SZg",simposium imbas anggota dprd gresik siap kawal aspirasi,netral,0.996,pemerintahan,0.0,,,2026-07-19,DPRD Gresik,simposium imbas anggota dprd gresik siap kawal aspirasi
2079067812862333049,ChikuStik,"Personel Satlantas Polres Gresik membantu seorang siswa SD yang tersesat usai pulang sekolah di sekitar Pos Lantas GKB Gresik, Selasa (14/7) sekitar pukul 10.30 WIB. Saat patroli, petugas menemukan Azraqi Raffan, siswa UPT SDN 29 Randuagung, berjalan seorang diri https://t.co/xE78ci4MIa",personel satlantas polres gresik membantu seorang siswa sd yang tersesat usai pulang sekolah di sekitar pos lantas gkb gresik selasa 147 sekitar pukul 1030 wib saat patroli petugas menemukan azraqi raffan siswa upt sdn 29 randuagung berjalan seorang diri,netral,0.996,infrastruktur,0.0,,,2026-07-20,Polres Gresik,personel satlantas polres gresik bantu orang siswa sd sesat usai pulang sekolah pos lantas gkb gresik selasa 147 pukul 1030 wib patroli tugas temu azraqi raffan siswa upt sdn 29 randuagung jalan orang diri
2079041981674868799,HumasGresik,"Hallo Sobat Polri
Dalam rangka Perbaikan Jalan Bringkang menganti akan ada pengalian arus Lalu Lintas tanggal 18 Juli 2026 
.
.
.

#polresgresik #poldajatim #polresgresikkabupaten #infogresik #gresikupdate https://t.co/pOCdL1Hd6n",hallo sobat polri dalam rangka perbaikan jalan bringkang menganti akan ada pengalian arus lalu lintas tanggal 18 juli 2026 polresgresik poldajatim polresgresikkabupaten infogresik gresikupdate,netral,0.995,infrastruktur,1.0,,,2026-07-20,Polres Gresik,hallo sobat polri rangka baik jalan bringkang anti ali arus lalu lintas tanggal 18 juli 2026 polresgresik poldajatim polresgresikkabupaten infogresik gresikupdate
2078833886583546114,curug_polsek,"Personel Satlantas Polres Gresik membantu seorang siswa SD yang tersesat usai pulang sekolah di sekitar Pos Lantas GKB Gresik, Selasa (14/7) sekitar pukul 10.30 WIB. Saat patroli, petugas menemukan Azraqi Raffan, siswa UPT SDN 29 Randuagung https://t.co/7ZwmXLfF23",personel satlantas polres gresik membantu seorang siswa sd yang tersesat usai pulang sekolah di sekitar pos lantas gkb gresik selasa 147 sekitar pukul 1030 wib saat patroli petugas menemukan azraqi raffan siswa upt sdn 29 randuagung,netral,0.997,pendidikan,0.0,,,2026-07-19,Polres Gresik,personel satlantas polres gresik bantu orang siswa sd sesat usai pulang sekolah pos lantas gkb gresik selasa 147 pukul 1030 wib patroli tugas temu azraqi raffan siswa upt sdn 29 randuagung
2078813202004299893,joglodejava,"Hasil autopsi kedokteran forensik RSUD Ibnu Sina kelak mengungkap kebrutalan ini: ditemukan total 24 luka tusukan, yang sebagian besar bersarang di punggung dan menembus organ vital (jantung dan paru-paru). Kematian AZ diakibatkan oleh pendarahan hebat. Fakta overkill ini mementahkan telak klaim pelaku yang mencari ""cara membunh tanpa rasa sakit"", karena realitas medis menunjukkan korban meregang nyawa dalam penderitaan yang luar biasa di atas kasurnya sendiri.

PENGAKUAN YANG DINGIN

Sesaat setelah memastikan putrinya tidak bernyawa, Afan membersihkan diri, berganti pakaian, meninggalkan pisau berlumuran darah di dekat tubuh putrinya, lalu memacu sepeda motornya.

Ia tidak kabur bersembunyi. Ia melintasi perbatasan kota menuju Mapolsek Tandes, Surabaya. Sekitar pukul 06.00 WIB, dengan gestur yang sangat tenang, emosi datar, dan tanpa setetes pun air mata, ia berkata kepada petugas jaga: ""Pak, saya baru saja membunh anak kandung saya sendiri di Menganti, Gresik.""

Pengakuan ini memicu kepolisian bergerak cepat ke TKP, menemukan jasad AZ, dan langsung melimpahkan kasus ini ke Satreskrim Polres Gresik. Saat dihadirkan di depan media, Afan secara eksplisit menyatakan tidak menyesali perbuatannya. Ia bahkan meminta dihukum mati karena merasa ""misinya"" di dunia sudah selesai, berkhayal bisa segera menyusul putrinya ke surga.

KESAKSIAN BISU DAN LUKA YANG TERTINGGAL

Di tengah narasi kelam sang ayah yang mengklaim AZ akan menderita dan dikucilkan di dunia, Tim Inafis Polres Gresik menemukan sebuah ""artefak bisu"" saat melakukan olah TKP: sebuah buku gambar milik korban.

Goresan tangan di kertas sketsa itu menampilkan sosok AZ yang sedang tersenyum bersama teman-temannya. Gambar itu menjadi saksi bisu yang membantah mutlak delusi sang ayah. AZ memiliki dunia anak-anak yang normal, ia punya teman, dan punya harapan. Sang ayah-lah yang sebenarnya melarikan diri dari ketidakmampuannya sendiri. Temuan emosional ini dilaporkan membuat beberapa penyidik menitikkan air mata.

Di sisi lain, kebenaran ini menghantam sang ibu (D) dengan sangat keras. Saat dilacak dan dipanggil polisi untuk dimintai keterangan, ia datang dalam kondisi syok dan trauma berat. Meski tidak dijerat pidana, peringatan keras secara moral tertuju padanya tentang dampak fatal meninggalkan anak di bawah umur di tangan seseorang yang tidak stabil secara mental dan finansial.

VONIS PENGADILAN UNTUK SANG AYAH

Meski bertingkah fatalistis dan memiliki delusi yang kuat, hasil observasi kejiwaan memastikan Afan tidak gila (tidak mengalami ODGJ). Ia melakukan perbuatannya secara sadar, terstruktur, dan memahami bahwa hal itu melanggar hukum.

Jejak digital di ponselnya menutup rapat semua celah pembelaan tentang ""amuk sesaat"". Afan didakwa dengan pasal berlapis: Pasal 340 KUHP tentang Pembunuhan Berencana dan UU Perlindungan Anak dengan ancaman hukuman pemberatan karena ia adalah orang tua kandung korban.

Pada akhir tahun 2023, Majelis Hakim Pengadilan Negeri Gresik menjatuhkan vonis pidana penjara seumur hidup. Negara memastikan pelaku diisolasi secara permanen dari masyarakat, memberikan pesan tegas bahwa depresi, tekanan ekonomi, maupun delusi berkedok agama tidak dapat dijadikan tameng pemaaf atas pencabutan nyawa manusia.

EPILOG

Pada akhirnya, sang ayah berdalih ingin menjauhkan anaknya dari kejamnya dunia, namun hakikatnya ia tidak sedang menyelamatkan siapa-siapa. Rumah yang semestinya menjadi surga kecil, diubahnya menjadi ruang eksekusi yang dingin. Tragedi Menganti adalah pengingat yang abadi: tugas orang tua bukanlah mengambil jalan pintas untuk menghapus semua penderitaan dunia dari hadapan anaknya, melainkan memiliki keberanian untuk terus berdiri dan mendampingi mereka, sekeras apa pun badai kehidupan yang menerpa.",hasil autopsi kedokteran forensik rsud ibnu sina kelak mengungkap kebrutalan ini ditemukan total 24 luka tusukan yang sebagian besar bersarang di punggung dan menembus organ vital jantung dan paruparu kematian az diakibatkan oleh pendarahan hebat fakta overkill ini mementahkan telak klaim pelaku yang mencari cara membunh tanpa rasa sakit karena realitas medis menunjukkan korban meregang nyawa dalam penderitaan yang luar biasa di atas kasurnya sendiri pengakuan yang dingin sesaat setelah memastikan putrinya tidak bernyawa afan membersihkan diri berganti pakaian meninggalkan pisau berlumuran darah di dekat tubuh putrinya lalu memacu sepeda motornya ia tidak kabur bersembunyi ia melintasi perbatasan kota menuju mapolsek tandes surabaya sekitar pukul 0600 wib dengan gestur yang sangat tenang emosi datar dan tanpa setetes pun air mata ia berkata kepada petugas jaga pak saya baru saja membunh anak kandung saya sendiri di menganti gresik pengakuan ini memicu kepolisian bergerak cepat ke tkp menemukan jasad az dan langsung melimpahkan kasus ini ke satreskrim polres gresik saat dihadirkan di depan media afan secara eksplisit menyatakan tidak menyesali perbuatannya ia bahkan meminta dihukum mati karena merasa misinya di dunia sudah selesai berkhayal bisa segera menyusul putrinya ke surga kesaksian bisu dan luka yang tertinggal di tengah narasi kelam sang ayah yang mengklaim az akan menderita dan dikucilkan di dunia tim inafis polres gresik menemukan sebuah artefak bisu saat melakukan olah tkp sebuah buku gambar milik korban goresan tangan di kertas sketsa itu menampilkan sosok az yang sedang tersenyum bersama temantemannya gambar itu menjadi saksi bisu yang membantah mutlak delusi sang ayah az memiliki dunia anakanak yang normal ia punya teman dan punya harapan sang ayahlah yang sebenarnya melarikan diri dari ketidakmampuannya sendiri temuan emosional ini dilaporkan membuat beberapa penyidik menitikkan air mata di sisi lain kebenaran ini menghantam sang ibu d dengan sangat keras saat dilacak dan dipanggil polisi untuk dimintai keterangan ia datang dalam kondisi syok dan trauma berat meski tidak dijerat pidana peringatan keras secara moral tertuju padanya tentang dampak fatal meninggalkan anak di bawah umur di tangan seseorang yang tidak stabil secara mental dan finansial vonis pengadilan untuk sang ayah meski bertingkah fatalistis dan memiliki delusi yang kuat hasil observasi kejiwaan memastikan afan tidak gila tidak mengalami odgj ia melakukan perbuatannya secara sadar terstruktur dan memahami bahwa hal itu melanggar hukum jejak digital di ponselnya menutup rapat semua celah pembelaan tentang amuk sesaat afan didakwa dengan pasal berlapis pasal 340 kuhp tentang pembunuhan berencana dan uu perlindungan anak dengan ancaman hukuman pemberatan karena ia adalah orang tua kandung korban pada akhir tahun 2023 majelis hakim pengadilan negeri gresik menjatuhkan vonis pidana penjara seumur hidup negara memastikan pelaku diisolasi secara permanen dari masyarakat memberikan pesan tegas bahwa depresi tekanan ekonomi maupun delusi berkedok agama tidak dapat dijadikan tameng pemaaf atas pencabutan nyawa manusia epilog pada akhirnya sang ayah berdalih ingin menjauhkan anaknya dari kejamnya dunia namun hakikatnya ia tidak sedang menyelamatkan siapasiapa rumah yang semestinya menjadi surga kecil diubahnya menjadi ruang eksekusi yang dingin tragedi menganti adalah pengingat yang abadi tugas orang tua bukanlah mengambil jalan pintas untuk menghapus semua penderitaan dunia dari hadapan anaknya melainkan memiliki keberanian untuk terus berdiri dan mendampingi mereka sekeras apa pun badai kehidupan yang menerpa,negatif,0.6,infrastruktur,0.0,,,2026-07-19,Polres Gresik,hasil autopsi dokter forensik rsud ibnu sina kelak ungkap brutal temu total 24 luka tusuk bagi besar sarang punggung tembus organ vital jantung paruparu mati az akibat darah hebat fakta overkill mentah telak klaim laku cari cara membunh rasa sakit realitas medis tunjuk korban regang nyawa derita luar biasa atas kasur sendiri aku dingin saat pasti putri nyawa afan bersih diri ganti pakai tinggal pisau lumur darah dekat tubuh putri lalu pacu sepeda motor kabur sembunyi lintas batas kota tuju mapolsek tandes surabaya pukul 0600 wib gestur sangat tenang emosi datar tetes air mata kata tugas jaga pak baru membunh anak kandung sendiri anti gresik aku picu polisi gerak cepat tkp temu jasad az langsung limpah kasus satreskrim polres gresik hadir depan media afan eksplisit nyata sali buat bahkan minta hukum mati rasa misi dunia selesai khayal segera susul putri surga saksi bisu luka tinggal tengah narasi kelam sang ayah klaim az derita kucil dunia tim inafis polres gresik temu buah artefak bisu laku olah tkp buah buku gambar milik korban gores tangan kertas sketsa tampil sosok az sedang senyum sama temantemannya gambar jadi saksi bisu ban mutlak delusi sang ayah az milik dunia anakanak normal punya teman punya harap sang ayah benar lari diri ketidakmampuannya sendiri temu emosional lapor buat beberapa sidik titik air mata sisi benar hantam sang ibu d sangat keras lacak panggil polisi minta terang datang kondisi syok trauma berat meski jerat pidana ingat keras moral tuju pada dampak fatal tinggal anak bawah umur tangan orang stabil mental finansial vonis adil sang ayah meski ting fatalistis milik delusi kuat hasil observasi jiwa pasti afan gila alami odgj laku buat sadar struktur paham langgar hukum jejak digital ponselnya tutup rapat semua celah bela amuk saat afan dakwa pasal lap pasal 340 kuhp bunuh rencana uu lindung anak ancam hukum berat orang tua kandung korban akhir tahun 2023 majelis hakim adil negeri gresik jatuh vonis pidana penjara umur hidup negara pasti laku isolasi permanen masyarakat beri pesan tegas depresi tekan ekonomi maupun delusi kedok agama jadi tameng maaf atas cabut nyawa manusia epilog akhir sang ayah dalih jauh anak kejam dunia hakikat sedang selamat siapasiapa rumah mesti jadi surga kecil ubah jadi ruang eksekusi dingin tragedi anti ingat abadi tugas orang tua bukan ambil jalan pintas hapus semua derita dunia hadap anak milik berani terus diri damping keras apa badai hidup terpa
2078718805715677201,reskarangasem,"Personel Satlantas Polres Gresik membantu seorang siswa SD yang tersesat usai pulang sekolah di sekitar Pos Lantas GKB Gresik, Selasa (14/7) sekitar pukul 10.30 WIB. Saat patroli, petugas menemukan Azraqi Raffan, siswa UPT SDN 29 Randuagung https://t.co/UFuUl2AhnQ",personel satlantas polres gresik membantu seorang siswa sd yang tersesat usai pulang sekolah di sekitar pos lantas gkb gresik selasa 147 sekitar pukul 1030 wib saat patroli petugas menemukan azraqi raffan siswa upt sdn 29 randuagung,netral,0.997,pendidikan,0.0,,,2026-07-19,Polres Gresik,personel satlantas polres gresik bantu orang siswa sd sesat usai pulang sekolah pos lantas gkb gresik selasa 147 pukul 1030 wib patroli tugas temu azraqi raffan siswa upt sdn 29 randuagung
2078707775010721797,HumasGresik,"Hallo rekkk!!!
Jadwal SIM keliling untuk pekan ini ( 20 Juli - 25 Juli 2026) sudah keluar catat tanggal dan lokasinya, ya!
Jangan sampai kelewatan ya🤭
.
.
.

#polresgresik #poldajatim #polresgresikkabupaten #infogresik #gresikupdate https://t.co/b0DPbrGbDA",hallo rekkk jadwal sim keliling untuk pekan ini 20 juli 25 juli 2026 sudah keluar catat tanggal dan lokasinya ya jangan sampai kelewatan ya polresgresik poldajatim polresgresikkabupaten infogresik gresikupdate,netral,0.997,umum,2.0,,,2026-07-19,Polres Gresik,hallo rekkk jadwal sim keliling pekan 20 juli 25 juli 2026 keluar catat tanggal lokasi jangan lewat polresgresik poldajatim polresgresikkabupaten infogresik gresikupdate
2078991284870709611,Yono_yosu,"@Windekind_Budi Gimana gak panas kentang-kentang, sebelah barat lokasi pabrik  semen gresik ,  timur pabrik kayu, mau adem njebur ke kali lamong aja, 😂
Nostalgia pernah kerja di gresik, tapi gak pernah masuk joko samudro, cuman stadion tri dharma petro waktu derbi persela vs persegres .",gimana gak panas kentangkentang sebelah barat lokasi pabrik semen gresik timur pabrik kayu mau adem njebur ke kali lamong aja nostalgia pernah kerja di gresik tapi gak pernah masuk joko samudro cuman stadion tri dharma petro waktu derbi persela vs persegres,positif,0.927,industri,0.0,,,2026-07-19,Persegres,gimana gak panas kentangkentang belah barat lokasi pabrik semen gresik timur pabrik kayu mau adem njebur kali lamong nostalgia pernah kerja gresik gak pernah masuk joko samudro cuman stadion tri dharma petro waktu derbi sela vs gres
2079062479100096727,e100ss,"11.35:
1. Ada kebarakan ilalang di sekitaran Jalan MERR Tambaksumur, dekat Pondok Candra. Terlihat kepulan asap cukup tinggi. Waspadai, Kawan;
2. Jalan Tambak Osowilangun arah Margomulyo macet;
3, Raya Sembayat arah Manyar Gresik padat. (ss-ji) https://t.co/R62Nbc9BBh",1135 1 ada kebarakan ilalang di sekitaran jalan merr tambaksumur dekat pondok candra terlihat kepulan asap cukup tinggi waspadai kawan 2 jalan tambak osowilangun arah margomulyo macet 3 raya sembayat arah manyar gresik padat ssji,netral,0.525,infrastruktur,8.0,,,2026-07-20,Manyar Gresik,1135 1 bara ilalang sekitar jalan merr tambaksumur dekat pondok candra lihat kepul asap cukup tinggi waspada kawan 2 jalan tambak osowilangun arah margomulyo macet 3 raya sembayat arah manyar gresik padat ssji
2078991928969044140,e100ss,"06.54: 
1. FO Jenggolo Sidoarjo arah Waru padat;
2. Cemengkalang arah Kahuripan padat;
3. Raya Sembayat arah Raya Manyar Gresik macet;
4. Bundaran Waru arah Surabaya macet, ekor kemacetan sudah sampai Raya Aloha;
5. Bundaran PTC arah HR Muhammad macet. (ss-ji) https://t.co/BqRoSpeNIc",0654 1 fo jenggolo sidoarjo arah waru padat 2 cemengkalang arah kahuripan padat 3 raya sembayat arah raya manyar gresik macet 4 bundaran waru arah surabaya macet ekor kemacetan sudah sampai raya aloha 5 bundaran ptc arah hr muhammad macet ssji,netral,0.503,infrastruktur,7.0,,,2026-07-19,Manyar Gresik,0654 1 fo jenggolo sidoarjo arah waru padat 2 cemengkalang arah kahuripan padat 3 raya sembayat arah raya manyar gresik macet 4 bundar waru arah surabaya macet ekor macet raya aloha 5 bundar ptc arah hr muhammad macet ssji
2078812762986414285,hazanafa,"SENIN 22.06.26
NGAJI KITAB MATAN ZUBAD NADHOM 154-159 SUNNAH DAN MAKRUH SITINJAK

YOUTUBE SARINYALA CHANNEL
https://t.co/V6gbAoUjzX

FACEBOOK ZAINI ALAWI
https://t.co/LtEc3lSvTB

Masjid Darul Muttaqin RW 4 Indro Kebomas Gresik https://t.co/9hfyaCAtax",senin 220626 ngaji kitab matan zubad nadhom 154159 sunnah dan makruh sitinjak youtube sarinyala channel facebook zaini alawi masjid darul muttaqin rw 4 indro kebomas gresik,netral,0.995,umum,1.0,,,2026-07-19,Kebomas Gresik,senin 220626 ngaji kitab matan zubad nadhom 154159 sunnah makruh sitinjak youtube sarinyala channel facebook zaini alawi masjid darul muttaqin rw 4 indro kebomas gresik
2078644728103645308,kabarbaikdotco,"Aksi pencurian besi bekas di kawasan pabrik New Era PT Inti Multi Rubberindo, Kecamatan Kebomas, Gresik, berakhir di polisi. Pria asal Kabupaten Jember tertangkap basah saat hendak membawa 2 karung berisi potongan besi bekas menggunakan mobil ojek online.
https://t.co/AQwRYaActO",aksi pencurian besi bekas di kawasan pabrik new era pt inti multi rubberindo kecamatan kebomas gresik berakhir di polisi pria asal kabupaten jember tertangkap basah saat hendak membawa 2 karung berisi potongan besi bekas menggunakan mobil ojek online,netral,0.99,industri,0.0,,,2026-07-19,Kebomas Gresik,aksi curi besi bekas kawasan pabrik new era pt inti multi rubberindo camat kebomas gresik akhir polisi pria asal kabupaten jember tangkap basah hendak bawa 2 karung isi potong besi bekas guna mobil ojek online
2078713814288412940,nugresik,Lailatul Ijtima’ MWCNU Cerme Gresik Perkuat Ukhuwah dan Amaliah Aswaja An-Nahdliyah https://t.co/bMpIzOiEDc,lailatul ijtima mwcnu cerme gresik perkuat ukhuwah dan amaliah aswaja annahdliyah,positif,0.681,umum,0.0,,,2026-07-19,Cerme Gresik,lailatul ijtima mwcnu cerme gresik kuat ukhuwah amaliah aswaja annahdliyah
2078813844437340339,nugresik,"Lailatul Ijtima’ di Ranting Sidomukti, MWCNU Bungah Gresik Rawat Silaturahmi dan Konsolidasi Organisasi https://t.co/hpYPDSnaBd",lailatul ijtima di ranting sidomukti mwcnu bungah gresik rawat silaturahmi dan konsolidasi organisasi,netral,0.997,umum,0.0,,,2026-07-19,Bungah Gresik,lailatul ijtima ranting sidomukti mwcnu bungah gresik rawat silaturahmi konsolidasi organisasi
2081561500502872482,gresikutdFC,"Tak bergeser, tetap mengawal sisi kiri. 🛡️

Bhirawa Anoraga resmi bertahan bersama Gresik United untuk mengarungi musim 2026/2027.

Let's go, Anog!

#GresikUnited #LaskarJokoSamudro #BhirawaAnoraga https://t.co/D9CePgEuZI",tak bergeser tetap mengawal sisi kiri bhirawa anoraga resmi bertahan bersama gresik united untuk mengarungi musim 20262027 lets go anog gresikunited laskarjokosamudro bhirawaanoraga,netral,0.982,umum,0.0,,,2026-07-27,Gresik,tak geser tetap awal sisi kiri bhirawa anoraga resmi tahan sama gresik united arung musim 20262027 lets go anog gresikunited laskarjokosamudro bhirawaanoraga
2081555111302828194,credOLIN,"BOOKMAIL!

SAGA DARI SAMUDRA ~ Ratih Kumala

Novel laga pertama Mbak Ratih, yang akan mengisahkan tanah Jawa di abad 15, tentang asal-usul Sunan Giri/Jaka Samudra, Sunan dari Gresik. 
Sungguh sesuai dibaca untuk saya yang saat ini berdomisili di Gresik.
😘🫰🏼

#RandomVisual https://t.co/zTxSFH0qnJ",bookmail saga dari samudra ratih kumala novel laga pertama mbak ratih yang akan mengisahkan tanah jawa di abad 15 tentang asalusul sunan girijaka samudra sunan dari gresik sungguh sesuai dibaca untuk saya yang saat ini berdomisili di gresik randomvisual,positif,0.705,wisata,4.0,,,2026-07-27,Gresik,bookmail saga samudra ratih mala novel laga pertama mbak ratih kisah tanah jawa abad 15 asalusul sunan girijaka samudra sunan gresik sungguh sesuai baca domisili gresik randomvisual
2080833944849916051,credOLIN,"BOOKMAIL!

DURI DAN KUTUK ~ Cicilia Oday

Buku yang berkisah tentang perempuan selalu menarik.
Pemenang Kusala Sastra Katulistiwa 2025 ini salah satunya, meski covernya sedikit bikin merinding.
Akankah terjawab hubungan kutukan dan tanaman kalau kita membacanya?

#RandomVisual https://t.co/Zrm2vFBKBT",bookmail duri dan kutuk cicilia oday buku yang berkisah tentang perempuan selalu menarik pemenang kusala sastra katulistiwa 2025 ini salah satunya meski covernya sedikit bikin merinding akankah terjawab hubungan kutukan dan tanaman kalau kita membacanya randomvisual,positif,0.847,umum,27.0,,,2026-07-25,Gresik,bookmail duri kutuk cicilia oday buku kisah perempuan selalu tarik menang sala sastra katulistiwa 2025 salah satu meski covernya sedikit bikin merinding akan jawab hubung kutu tanam kalau baca randomvisual
2081549342276767904,BayuPtama,"Keberadaan smelter Freeport ini adalah bukti nyata komitmen hilirisasi industri bangsa. Dari bumi Papua, diolah di Gresik, buat memajukan ekonomi seluruh Nusantara. That’s how we secure our national resource sovereignty with pride! 👑🔥",keberadaan smelter freeport ini adalah bukti nyata komitmen hilirisasi industri bangsa dari bumi papua diolah di gresik buat memajukan ekonomi seluruh nusantara thats how we secure our national resource sovereignty with pride,netral,0.542,industri,0.0,,,2026-07-27,Gresik,ada smelter freeport bukti nyata komitmen hilir industri bangsa bumi papua olah gresik buat maju ekonomi seluruh nusantara thats how we secure our national resource sovereignty with pride
2081549339198181853,BayuPtama,"Efek domino buat ekonominya juga gak kaleng-kaleng. Keberadaan smelter ini nyerap ribuan tenaga kerja lokal, muter roda ekonomi daerah sekitar Gresik &amp; Jawa Timur, &amp; bikin posisi diplomasi industri Indonesia makin diperhitungkan di kancah global. Real industrial empowerment!",efek domino buat ekonominya juga gak kalengkaleng keberadaan smelter ini nyerap ribuan tenaga kerja lokal muter roda ekonomi daerah sekitar gresik amp jawa timur amp bikin posisi diplomasi industri indonesia makin diperhitungkan di kancah global real industrial empowerment,positif,0.816,industri,0.0,,,2026-07-27,Gresik,efek domino buat ekonomi gak kalengkaleng ada smelter nyerap ribu tenaga kerja lokal muter roda ekonomi daerah gresik amp jawa timur amp bikin posisi diplomasi industri indonesia makin hitung kancah global real industrial empowerment
2081547584884314271,Wwnyo,@asidialkali ingfokan kue sus terenak sejagat gresik,ingfokan kue sus terenak sejagat gresik,positif,0.941,umum,0.0,,,2026-07-27,Gresik,ingfokan kue sus enak jagat gresik
2081542538192920871,ellyaqul,@credOLIN Tp lebih dingin Gresik ini kakk ahahaha,tp lebih dingin gresik ini kakk ahahaha,positif,0.96,umum,1.0,,,2026-07-27,Gresik,lebih dingin gresik kakk ahahaha
2081539561075957824,d_OnlyMe__,@credOLIN Wahh Gresik banget nih kak,wahh gresik banget nih kak,positif,0.648,umum,1.0,,,2026-07-27,Gresik,wahh gresik banget nih kak
2081537214610309535,credOLIN,"@ruangantara0 Selamat pagi dari Gresik, Kak.",selamat pagi dari gresik kak,netral,0.987,umum,1.0,,,2026-07-27,Gresik,selamat pagi gresik kak
2081536893683220481,credOLIN,@ellyaqul Wihh mirip² kek Gresik. https://t.co/MV4C6ujQEo,wihh mirip² kek gresik,positif,0.967,umum,0.0,,,2026-07-27,Gresik,wihh mirip kek gresik
2081534767640842638,credOLIN,"@wewinneraffi Belum, Kak sarapannya agak nanti.
Selamat pagi dari Gresik.",belum kak sarapannya agak nanti selamat pagi dari gresik,netral,0.983,umum,0.0,,,2026-07-27,Gresik,kak sarap selamat pagi gresik
2081530647504658594,credOLIN,"@Fixme2801 Selamat pagi dari Gresik, Kak.",selamat pagi dari gresik kak,netral,0.987,umum,1.0,,,2026-07-27,Gresik,selamat pagi gresik kak
2081528417527419063,chimmyast,"Ya Allah kalau memang aku ngga bisa ikut maganghub kali ini, tolong berikanlah aku pekerjaan fulltime dengan gaji up to 4jt, lingkungan yang sehat, lingkungan yg menghargai keberadaanku dan aku enjoy serta bahagia di perusahaan itu.
Kalau bisa di kota gresik/sby Ya Allah Aamiin",ya allah kalau memang aku ngga bisa ikut maganghub kali ini tolong berikanlah aku pekerjaan fulltime dengan gaji up to 4jt lingkungan yang sehat lingkungan yg menghargai keberadaanku dan aku enjoy serta bahagia di perusahaan itu kalau bisa di kota gresiksby ya allah aamiin,positif,0.995,infrastruktur,10.0,,,2026-07-26,Gresik,allah kalau memang aku ngga ikut maganghub kali beri aku kerja fulltime gaji up to 4jt lingkung sehat lingkung harga ada aku enjoy bahagia usaha kalau kota gresiksby allah aamiin
2081528221443772649,Emerald02_,"@blendmatchaaaa iyaa kak biasanya di sby terus, tahun ini karantina nya juga di Gresik",iyaa kak biasanya di sby terus tahun ini karantina nya juga di gresik,netral,0.717,umum,0.0,,,2026-07-26,Gresik,iyaa kak biasa sby terus tahun karantina nya gresik
2081524907251524091,credOLIN,"@skupreme Semoga membaik yaa, Kak.
Selamat pagi dari Gresik.",semoga membaik yaa kak selamat pagi dari gresik,netral,0.697,umum,0.0,,,2026-07-26,Gresik,moga baik yaa kak selamat pagi gresik
2081524253363687434,credOLIN,"@decemberprime @samsungID Indah bangett.
Selamat pagi dari Gresik.",indah bangett selamat pagi dari gresik,positif,0.994,umum,2.0,,,2026-07-26,Gresik,indah bangett selamat pagi gresik
2081523280356552729,credOLIN,"@papaojol Waw, Gresik sih yagitu deh. 😅",waw gresik sih yagitu deh,positif,0.993,umum,0.0,,,2026-07-26,Gresik,waw gresik sih yagitu deh
2081518928862544299,credOLIN,"@nvteksr66 Selamat pagi dari Gresik, Kak.",selamat pagi dari gresik kak,netral,0.987,umum,1.0,,,2026-07-26,Gresik,selamat pagi gresik kak
2081518837233746249,credOLIN,"@keonhotaher Selamat pagi dari Gresik, Kak.",selamat pagi dari gresik kak,netral,0.987,umum,0.0,,,2026-07-26,Gresik,selamat pagi gresik kak
2081517575717228571,credOLIN,"@indrayust Ke Gresik kapan?
Halahhh.",ke gresik kapan halahhh,negatif,0.532,umum,0.0,,,2026-07-26,Gresik,gresik kapan halahhh
2081516916540346740,fikrimaulalhaq,gresik rasa dieng wkwk,gresik rasa dieng wkwk,positif,0.889,umum,0.0,,,2026-07-26,Gresik,gresik rasa dieng wkwk
2081514731559616838,rimarumah_,@selamatssore pudak gresik a,pudak gresik a,netral,0.839,umum,0.0,,,2026-07-26,Gresik,pudak gresik a
2081511677779230920,nugresik,Enam Kader Terbaik PC IPPNU Gresik Resmi Dilantik sebagai Pengurus Wilayah IPPNU Jawa Timur Masa Khidmat 2026–2029 https://t.co/YCiClX7GBR,enam kader terbaik pc ippnu gresik resmi dilantik sebagai pengurus wilayah ippnu jawa timur masa khidmat 20262029,netral,0.997,umum,0.0,,,2026-07-26,Gresik,enam kader baik pc ippnu gresik resmi lantik urus wilayah ippnu jawa timur masa khidmat 20262029
2081493809897328738,hola_toya,"Menggigil bgt balik gresik jam segini
Mana semalem ujan lagi https://t.co/5Gp4EFmzxi",menggigil bgt balik gresik jam segini mana semalem ujan lagi,negatif,0.996,umum,3.0,,,2026-07-26,Gresik,gigil banget balik gresik jam gin mana semalem ujan
2081464643613327464,underthesseas,"🛒 want to sell | wts ready ina

𐙚 not for sensitive person 
𐙚 dom gresik, jatim 
𐙚 exc adm &amp; pack  
𐙚 🩷 = damage / slight | 🌸 = sealed

dm for more details ૮₍｡´ᴖ ˔ ᴖ｡₎ა

🏷️ wts street pano cortis ytgift tnt whosfan keonho juhoon martin seonghyeon james wkorea magz https://t.co/byug0Qj7li",want to sell wts ready ina 𐙚 not for sensitive person 𐙚 dom gresik jatim 𐙚 exc adm amp pack 𐙚 damage slight sealed dm for more details ૮ᴖ ᴖა wts street pano cortis ytgift tnt whosfan keonho juhoon martin seonghyeon james wkorea magz,netral,0.988,umum,1.0,,,2026-07-26,Gresik,want to sell wts ready ina  not for sensitive person  dom gresik jatim  exc adm amp pack  damage slight sealed dm for more details   wts street pano cortis ytgift tnt whosfan keonho juhoon martin seonghyeon james wkorea magz
2081433485131276333,Milesonmars,@mieayambihun Gresik ta kak,gresik ta kak,netral,0.878,umum,0.0,,,2026-07-26,Gresik,gresik ta kak
2081431188267508181,anandaaxlll,"orgil tengah malem pengen nasi pecel, di kota gresik ini banyakan penyetan. yawess laa https://t.co/kQa5FjDTbk",orgil tengah malem pengen nasi pecel di kota gresik ini banyakan penyetan yawess laa,positif,0.993,umum,1.0,,,2026-07-26,Gresik,orgil tengah malem ken nasi pecel kota gresik banyak penyet yawess laa
2081422696974565650,fbryn06,"@rovanmahenu Sudah ga d Gresik, pak?",sudah ga d gresik pak,netral,0.898,umum,0.0,,,2026-07-26,Gresik,d gresik pak
2081419370723721477,rellnocturne,pdhl jek nak gresik grg nak cino,pdhl jek nak gresik grg nak cino,negatif,0.846,umum,0.0,,,2026-07-26,Gresik,pdhl jek nak gresik grg nak cino
2081406937493885372,whoopiezs,@cancoi di gresik kakkk😭,di gresik kakkk,positif,0.805,umum,0.0,,,2026-07-26,Gresik,gresik kakkk
2081405546243248181,alter_palsu,@mi4yamyam_ gresik?,gresik,netral,0.509,umum,0.0,,,2026-07-26,Gresik,gresik
2081399473704767603,Ndrew_Choco,"Ada yg jenal anak ini?? Org jatim, gresik.. ingpoh2 https://t.co/DgJ7luzzno",ada yg jenal anak ini org jatim gresik ingpoh2,negatif,0.985,umum,0.0,,,2026-07-26,Gresik,jenal anak org jatim gresik ingpoh2
2081399468407361784,askk2272257,"Yg mau ditemenin open bo gresik 
all care, chat aja yaaaa #openbogresik #bogresik https://t.co/NmZFt7aQx0",yg mau ditemenin open bo gresik all care chat aja yaaaa openbogresik bogresik,netral,0.996,umum,0.0,,,2026-07-26,Gresik,mau ditemenin open bo gresik all care chat yaaaa openbogresik bogresik
2081399461486772561,Abim7566,"Razia Lima Warung Pangku di Gresik, Satu Orang Positif Narkoba dan Satu Positif HIV https://t.co/vchIbQt0XD https://t.co/Myeb4m0V6d",razia lima warung pangku di gresik satu orang positif narkoba dan satu positif hiv,netral,0.995,umum,1.0,,,2026-07-26,Gresik,razia lima warung pangku gresik satu orang positif narkoba satu positif hiv
2081394502993129830,MUI_Gresik,https://t.co/DZE5emdtLN,,netral,0.0,umum,0.0,,,2026-07-26,Gresik,
2081391893464916278,SweetyPeachyPea,"Kaget bngt tadi di gereja pas salam2an nengok ke belakang malah salam2an sama orng dari gereja di gresik dulu😭 lngsung kek ""lho ini kan yg di gresik dulu"", dan dia sama cewenya keknya wkwkw. Pasti dia mikir ""ni anak knp udh terdampar di sby sini?"" Awokwok",kaget bngt tadi di gereja pas salam2an nengok ke belakang malah salam2an sama orng dari gereja di gresik dulu lngsung kek lho ini kan yg di gresik dulu dan dia sama cewenya keknya wkwkw pasti dia mikir ni anak knp udh terdampar di sby sini awokwok,negatif,0.996,umum,0.0,,,2026-07-26,Gresik,kaget bngt tadi gereja pas salam2an nengok belakang malah salam2an sama orng gereja gresik dulu lngsung kek lho kan gresik dulu sama cewenya kek wkwkw mikir ni anak knp dampar sby sini awokwok
2081390806846333331,_fabriziobeneg_,"Selamat malam Gresik.. 

#pijatgresik #gaygresik #pijatpriagresik https://t.co/0Pxbcjtzra",selamat malam gresik pijatgresik gaygresik pijatpriagresik,netral,0.985,umum,6.0,,,2026-07-26,Gresik,selamat malam gresik pijatgresik gaygresik pijatpriagresik
2081381605315383490,taerinolv_kth,@jjuhoonism_ nah iya knapa jarang ya?? dulu di sby rame banget jual di gresik belum nemu sampe sekarang 🥲,nah iya knapa jarang ya dulu di sby rame banget jual di gresik belum nemu sampe sekarang,negatif,0.797,umum,0.0,,,2026-07-26,Gresik,nah iya knapa jarang dulu sby rame banget jual gresik nemu sampe sekarang
2081376398275752386,PTASurabaya,"Pengadilan Tinggi Agama Surabaya mengucapkan:

Selamat dan Sukses Kepada Pengadilan Agama Ponorogo dan Pengadilan Agama Gresik yang Telah Lolos Seleksi Administrsi WBK Tahun 2026.

#WilayahBebasdariKorupsi
#MahkamahAgung
#Badilag
#PTASurabaya https://t.co/ILrtda6RsU",pengadilan tinggi agama surabaya mengucapkan selamat dan sukses kepada pengadilan agama ponorogo dan pengadilan agama gresik yang telah lolos seleksi administrsi wbk tahun 2026 wilayahbebasdarikorupsi mahkamahagung badilag ptasurabaya,netral,0.994,umum,0.0,,,2026-07-26,Gresik,adil tinggi agama surabaya ucap selamat sukses adil agama ponorogo adil agama gresik lolos seleksi administrsi wbk tahun 2026 wilayahbebasdarikorupsi mahkamahagung badilag ptasurabaya
2081371419490083049,nugresik,PC IPPNU Gresik Raih Dua Penghargaan Bergengsi di IPPNU School Movement PW IPPNU Jawa Timur https://t.co/MhlkOzL1wS,pc ippnu gresik raih dua penghargaan bergengsi di ippnu school movement pw ippnu jawa timur,netral,0.99,ekonomi,0.0,,,2026-07-26,Gresik,pc ippnu gresik raih harga gengsi ippnu school movement pw ippnu jawa timur
2081360796278259799,credOLIN,@basebuku Gresik juga nihh iri dan dengki.,gresik juga nihh iri dan dengki,negatif,0.998,umum,0.0,,,2026-07-26,Gresik,gresik nihh iri dengki
2081360789102035385,PTPLNNPUPGRESIK,"Hari Kebaya bukan sekadar tentang busana, tetapi juga tentang merayakan warisan budaya yang terus hidup dan berkembang bersama setiap generasi.

Selamat Hari Kebaya Nasional! 🇮🇩✨

#PLNNusantaraPower #GoBeyondPower #EnergizingTheFuture #HariKebayaNasional #BanggaBerkebaya https://t.co/eg3IdXR4fa",hari kebaya bukan sekadar tentang busana tetapi juga tentang merayakan warisan budaya yang terus hidup dan berkembang bersama setiap generasi selamat hari kebaya nasional plnnusantarapower gobeyondpower energizingthefuture harikebayanasional banggaberkebaya,positif,0.82,umum,0.0,,,2026-07-26,Gresik,hari kebaya bukan sekadar busana raya waris budaya terus hidup kembang sama generasi selamat hari kebaya nasional plnnusantarapower gobeyondpower energizingthefuture harikebayanasional banggaberkebaya
2081359992272396469,artaddictedto,@taesanbadung Di gresik inii ehehe,di gresik inii ehehe,negatif,0.56,umum,0.0,,,2026-07-26,Gresik,gresik ini ehehe
2081356660493459507,PTPLNNPUPGRESIK,"Sobat Nusantara, melalui Derma Nusantara 2026 bertema “Menguatkan Ikhtiar, Menjemput Keberkahan”, PT PLN Nusantara Power UP Gresik bersama Yayasan Nurul Hayat Gresik terus memperkuat komitmen untuk menghadirkan manfaat nyata bagi masyarakat. https://t.co/prrOBobwAE",sobat nusantara melalui derma nusantara 2026 bertema menguatkan ikhtiar menjemput keberkahan pt pln nusantara power up gresik bersama yayasan nurul hayat gresik terus memperkuat komitmen untuk menghadirkan manfaat nyata bagi masyarakat,positif,0.739,bencana,0.0,,,2026-07-26,Gresik,sobat nusantara lalu derma nusantara 2026 tema kuat ikhtiar jemput berkah pt pln nusantara power up gresik sama yayasan nurul hayat gresik terus kuat komitmen hadir manfaat nyata masyarakat
2081354557238731044,underthesseas,"🛒 want to sell | wts ready ina

𐙚 not for sensitive person 
𐙚 dom gresik, jatim 
𐙚 exc adm &amp; pack (split pay) 
𐙚 🩷 = damage / slight | 🌸 = sealed

dm for more details ૮₍｡´ᴖ ˔ ᴖ｡₎ა

🏷️ wts street pano a cortis youtube gift whosfan keonho juhoon martin seonghyeon james https://t.co/3Fm8NTnt1p",want to sell wts ready ina 𐙚 not for sensitive person 𐙚 dom gresik jatim 𐙚 exc adm amp pack split pay 𐙚 damage slight sealed dm for more details ૮ᴖ ᴖა wts street pano a cortis youtube gift whosfan keonho juhoon martin seonghyeon james,netral,0.978,umum,1.0,,,2026-07-26,Gresik,want to sell wts ready ina  not for sensitive person  dom gresik jatim  exc adm amp pack split pay  damage slight sealed dm for more details   wts street pano a cortis youtube gift whosfan keonho juhoon martin seonghyeon james
2081350174933446893,PTPLNNPUPGRESIK,"Sobat Nusantara, Setiap anak membawa ketulusan dan potensi luar biasa yang siap mewarnai perjalanan bangsa.

Mari bersama jaga dan dukung tumbuh kembang mereka, agar cahaya kebaikan itu terus menyinari Indonesia. https://t.co/8VTnWeV77V",sobat nusantara setiap anak membawa ketulusan dan potensi luar biasa yang siap mewarnai perjalanan bangsa mari bersama jaga dan dukung tumbuh kembang mereka agar cahaya kebaikan itu terus menyinari indonesia,positif,0.981,infrastruktur,0.0,,,2026-07-26,Gresik,sobat nusantara anak bawa tulus potensi luar biasa siap warna jalan bangsa sama jaga dukung tumbuh kembang cahaya baik terus sari indonesia
2081344268422320517,kyeomiewoo,@shuscoups gresik,gresik,netral,0.509,umum,0.0,,,2026-07-26,Gresik,gresik
2081343541029294130,bkncwofavoritmu,@kirahimee_ Gresik yo podoo,gresik yo podoo,netral,0.546,umum,0.0,,,2026-07-26,Gresik,gresik yo podoo
2081334425871376600,tetanggabulan,malah makin jauh si anj padahal semalem udah di belakang bandara sekarang di gresik tolol malesnya beli barang dari tiktok tu gini jing https://t.co/TOnQHGBBxq,malah makin jauh si anj padahal semalem udah di belakang bandara sekarang di gresik tolol malesnya beli barang dari tiktok tu gini jing,negatif,0.998,infrastruktur,3.0,,,2026-07-26,Gresik,malah makin jauh si anj padahal semalem udah belakang bandara sekarang gresik tolol malesnya beli barang tiktok tu gin jing
2081332018668077159,ashylaiq,@InstingCo gresik,gresik,netral,0.509,umum,1.0,,,2026-07-26,Gresik,gresik
2079375343249670494,bkpsdmgresikkab,"Mari tingkatkan kompetensi, profesionalisme, dan kualitas pelayanan kepada masyarakat melalui semangat belajar sepanjang hayat.

Selamat belajar dan sukses menyelesaikan MOOC! 💙

#PPPKKabupatenGresik #BKPSDMPGresik #MOOCLAN #SIBangkom #PengembanganKompetensi #ASNBerAKHLAK",mari tingkatkan kompetensi profesionalisme dan kualitas pelayanan kepada masyarakat melalui semangat belajar sepanjang hayat selamat belajar dan sukses menyelesaikan mooc pppkkabupatengresik bkpsdmpgresik mooclan sibangkom pengembangankompetensi asnberakhlak,netral,0.844,umum,0.0,,,2026-07-21,Kabupaten Gresik,tingkat kompetensi profesionalisme kualitas layan masyarakat lalu semangat ajar panjang hayat selamat ajar sukses selesai mooc pppkkabupatengresik bkpsdmpgresik mooclan sibangkom pengembangankompetensi asnberakhlak
2079375337260200263,bkpsdmgresikkab,"Apabila mengalami kendala atau membutuhkan panduan, silakan akses tutorial melalui:
📖 https://t.co/dUkpqMAhl7

*Penjadwalan untuk mengakses MOOC berdasarkan Surat Tugas Kepala BKPSDM Kabupaten Gresik*",apabila mengalami kendala atau membutuhkan panduan silakan akses tutorial melalui penjadwalan untuk mengakses mooc berdasarkan surat tugas kepala bkpsdm kabupaten gresik,netral,0.998,umum,0.0,,,2026-07-21,Kabupaten Gresik,apabila alami kendala butuh pandu sila akses tutorial lalu jadwal akses mooc dasar surat tugas kepala bkpsdm kabupaten gresik
2079375333934211575,bkpsdmgresikkab,"seluruh PPPK Kabupaten Gresik diharapkan mengikuti Massive Open Online Course (MOOC) sebagai salah satu bentuk pengembangan kompetensi.

Cara memulai:
✅ Buka laman https://t.co/8Y5PoF1FLm
✅ Login menggunakan akun masing-masing.
✅ Ikuti alur pembelajaran hingga selesai.",seluruh pppk kabupaten gresik diharapkan mengikuti massive open online course mooc sebagai salah satu bentuk pengembangan kompetensi cara memulai buka laman login menggunakan akun masingmasing ikuti alur pembelajaran hingga selesai,netral,0.994,umum,0.0,,,2026-07-21,Kabupaten Gresik,seluruh pppk kabupaten gresik harap ikut massive open online course mooc salah satu bentuk kembang kompetensi cara mulai buka laman login guna akun masingmasing ikut alur ajar hingga selesai
2079375330142486784,bkpsdmgresikkab,"📢 SELAMAT MENGERJAKAN MOOC BAGI PPPK KABUPATEN GRESIK!

Dalam rangka pelaksanaan pengembangan kompetensi sebagaimana diamanatkan dalam Peraturan Lembaga Administrasi Negara RI Nomor 15 Tahun 2020 tentang Pengembangan Kompetensi Pegawai Pemerintah dengan Perjanjian Kerja, https://t.co/Ihg8D8JXUM",selamat mengerjakan mooc bagi pppk kabupaten gresik dalam rangka pelaksanaan pengembangan kompetensi sebagaimana diamanatkan dalam peraturan lembaga administrasi negara ri nomor 15 tahun 2020 tentang pengembangan kompetensi pegawai pemerintah dengan perjanjian kerja,netral,0.99,umum,0.0,,,2026-07-21,Kabupaten Gresik,selamat kerja mooc pppk kabupaten gresik rangka laksana kembang kompetensi bagaimana amanat atur lembaga administrasi negara ri nomor 15 tahun 2020 kembang kompetensi pegawai perintah janji kerja
2079084350893858961,not_ur_baginda,"🇰🇷 Open po lilybyred

Harga start 12k-an aja *
📍 Gresik, Jawa Timur
Co by shopee or toco

Harga belum termasuk tax dan packing

*snk berlaku

Grup wa :
https://t.co/5rxiGRsBZe https://t.co/RUZcrKHBB4",open po lilybyred harga start 12kan aja gresik jawa timur co by shopee or toco harga belum termasuk tax dan packing snk berlaku grup wa,netral,0.988,ekonomi,0.0,,,2026-07-20,Gresik Jawa Timur,open po lilybyred harga start 12kan gresik jawa timur co by shopee or toco harga masuk tax packing snk laku grup wa
2079405278509117781,HumasGresik,"Zoom Meting Arahan Kabidpropam Polda Jatim Terkait Mitigasi 
.
.
.

#polresgresik #poldajatim #polresgresikkabupaten #infogresik #gresikupdate https://t.co/rWteY04OXu",zoom meting arahan kabidpropam polda jatim terkait mitigasi polresgresik poldajatim polresgresikkabupaten infogresik gresikupdate,netral,0.998,umum,0.0,,,2026-07-21,Polres Gresik,zoom meting arah kabidpropam polda jatim kait mitigasi polresgresik poldajatim polresgresikkabupaten infogresik gresikupdate
2079385495289942295,HumasGresik,"menjaga integritas antarlembaga, dan memastikan kamtibmas tetap kondusif demi kemajuan bangsa.",menjaga integritas antarlembaga dan memastikan kamtibmas tetap kondusif demi kemajuan bangsa,positif,0.802,umum,0.0,,,2026-07-21,Polres Gresik,jaga integritas antarlembaga pasti kamtibmas tetap kondusif maju bangsa
2079385470577049858,HumasGresik,"Kegiatan ini berfokus pada sosialisasi tugas dan wewenang MKD, serta pembahasan penggunaan TNKB khusus bagi anggota DPR RI. Melalui kolaborasi strategis ini, Polres Gresik berkomitmen penuh memperkuat penegakan hukum,",kegiatan ini berfokus pada sosialisasi tugas dan wewenang mkd serta pembahasan penggunaan tnkb khusus bagi anggota dpr ri melalui kolaborasi strategis ini polres gresik berkomitmen penuh memperkuat penegakan hukum,netral,0.967,umum,0.0,,,2026-07-21,Polres Gresik,giat fokus sosialisasi tugas wewenang mkd bahas guna tnkb khusus anggota dpr ri lalu kolaborasi strategis polres gresik komitmen penuh kuat tega hukum
2079385411059863908,HumasGresik,"Bertempat di Rupatama Sarja Arya Racana, Kapolres Gresik AKBP Ramadhan Nasution, S.I.K., M.H., https://t.co/TrjSzGjtCh. bersama jajaran menyambut hangat kunjungan kerja dari Mahkamah Kehormatan Dewan (MKD) DPR RI.

#PolresGresik #MKDDPRRI #PolriPresisi #KunjunganKerja #jogogresik https://t.co/CgFll3NU14",bertempat di rupatama sarja arya racana kapolres gresik akbp ramadhan nasution sik mh bersama jajaran menyambut hangat kunjungan kerja dari mahkamah kehormatan dewan mkd dpr ri polresgresik mkddprri polripresisi kunjungankerja jogogresik,netral,0.996,umum,0.0,,,2026-07-21,Polres Gresik,tempat rupatama sarja arya racana kapolres gresik akbp ramadhan nasution sik mh sama jajar sambut hangat kunjung kerja mahkamah hormat dewan mkd dpr ri polresgresik mkddprri polripresisi kunjungankerja jogogresik
2079187354624135453,HumasGresik,"Kalau mata mulai berat, berhenti sebelum terlambat. 🚗💤",kalau mata mulai berat berhenti sebelum terlambat,negatif,0.991,umum,0.0,,,2026-07-20,Polres Gresik,kalau mata mulai berat henti lambat
2079187234314735766,HumasGresik,"Tubuh memberi sinyal, jangan abaikan.

Saat mata mulai berat atau sering menguap, segera menepi dan istirahat. Memaksakan diri berkendara dalam kondisi mengantuk dapat membahayakan diri sendiri maupun pengguna jalan lainnya.

#SatlantasPolresGresik #TertibBerlaluLintas https://t.co/zbCwJCO7CN",tubuh memberi sinyal jangan abaikan saat mata mulai berat atau sering menguap segera menepi dan istirahat memaksakan diri berkendara dalam kondisi mengantuk dapat membahayakan diri sendiri maupun pengguna jalan lainnya satlantaspolresgresik tertibberlalulintas,netral,0.909,infrastruktur,0.0,,,2026-07-20,Polres Gresik,tubuh beri sinyal jangan abai mata mulai berat sering uap segera tepi istirahat paksa diri kendara kondisi antuk bahaya diri sendiri maupun guna jalan lain satlantaspolresgresik tertibberlalulintas
2079404793072861418,TheEconopost,"Saat mitranya dalam Petronika yakni TPDM dalam proses Delisting akibat kepailitan... Petrokimia Gresik mengumumkan hendak menjual sahamnya dalam bisnis patungan itu

Petrokimia Gresik Umumkan Penjualan Saham Petronika 

SELENGKAPNYA: https://t.co/tcBLbLpokr",saat mitranya dalam petronika yakni tpdm dalam proses delisting akibat kepailitan petrokimia gresik mengumumkan hendak menjual sahamnya dalam bisnis patungan itu petrokimia gresik umumkan penjualan saham petronika selengkapnya,netral,0.997,industri,2.0,,,2026-07-21,Petrokimia Gresik,mitra petronika tpdm proses delisting akibat pailit petrokimia gresik umum hendak jual saham bisnis patungan petrokimia gresik umum jual saham petronika lengkap
2079362841845588474,credOLIN,"@tachimchuu Iya ini SOR nya punya Petrokimia Gresik, Kak.",iya ini sor nya punya petrokimia gresik kak,netral,0.954,industri,0.0,,,2026-07-21,Petrokimia Gresik,iya sor nya punya petrokimia gresik kak
2079209851478241376,KawalPersib,"Hariono aka Mas Har aka Mas Gondrong, selalu tanpa ampun menghadang lawan dgn segala cara nepika ringsek sampai pernah operasi beberapa kali naik ambulan dari lapang. 19 Maret 2012. Ia mengalami patah tulang belikat kanan (fraktur clavicula destra) setelah bertabrakan dengan pemain Gresik United di Stadion Petrokimia Gresik🚑

Teu loba baceo buuk gondrong apung-apungan ciri khasna.. labuh hudang, labuh hudang tara ngemis perhatian wasit, silent mangprang tara sieun adu banteng lawan sabara urang ge, satung-tung acan piriwit istirahatmah pantang cicing 😁",hariono aka mas har aka mas gondrong selalu tanpa ampun menghadang lawan dgn segala cara nepika ringsek sampai pernah operasi beberapa kali naik ambulan dari lapang 19 maret 2012 ia mengalami patah tulang belikat kanan fraktur clavicula destra setelah bertabrakan dengan pemain gresik united di stadion petrokimia gresik teu loba baceo buuk gondrong apungapungan ciri khasna labuh hudang labuh hudang tara ngemis perhatian wasit silent mangprang tara sieun adu banteng lawan sabara urang ge satungtung acan piriwit istirahatmah pantang cicing,positif,0.547,industri,1.0,,,2026-07-20,Petrokimia Gresik,hariono aka mas har aka mas gondrong selalu ampun menghadang lawan segala cara nepika ringsek pernah operasi beberapa kali naik ambul lapang 19 maret 2012 alami patah tulang belikat kanan fraktur clavicula destra tabrak main gresik united stadion petrokimia gresik teu loba baceo buuk gondrong apungapungan ciri khasna labuh hudang labuh hudang tara ngemis perhati wasit silent mangprang tara sieun adu banteng lawan sabara urang ge satungtung acan piriwit istirahatmah pantang cicing
2079235997444010166,hazanafa,"SENIN 20.07.26
NGAJI KITAB MATAN ZUBAD
NADHOM 163 - 165 RAGU² AIR MANI ATAU MADZI DAN RUKUN MANDI WAJIB

YOUTUBE SARINYALA CHANNEL
https://t.co/EcdE6cymbG

FACEBOOK ZAINI ALAWI
https://t.co/ml6c9r53Bf

Masjid Darul Muttaqin RW 4 Indro Kebomas Gresik",senin 200726 ngaji kitab matan zubad nadhom 163 165 ragu² air mani atau madzi dan rukun mandi wajib youtube sarinyala channel facebook zaini alawi masjid darul muttaqin rw 4 indro kebomas gresik,netral,0.995,umum,1.0,,,2026-07-20,Kebomas Gresik,senin 200726 ngaji kitab matan zubad nadhom 163 165 ragu air mani madzi rukun mandi wajib youtube sarinyala channel facebook zaini alawi masjid darul muttaqin rw 4 indro kebomas gresik
2079222919436411064,hazanafa,"| RUTINAN SHOLAWATAN

Jama'ah Sholawat Muhammad Rohmatan Lil Alamin

🗓️ Selasa, 21 Juli 2026
⏳ Ba'da Isyak
🏡 Di Kediaman Dr. H. Khoirul Umam, Indro, Kebomas, Gresik

Streaming Link:
📱 FB Live: Zaini Alawi

""Monggo Hadir, Bersama Mengetuk Pintu Langit dengan Sholawat"" https://t.co/FrbKkoNBxw",rutinan sholawatan jamaah sholawat muhammad rohmatan lil alamin selasa 21 juli 2026 bada isyak di kediaman dr h khoirul umam indro kebomas gresik streaming link fb live zaini alawi monggo hadir bersama mengetuk pintu langit dengan sholawat,netral,0.98,umum,1.0,,,2026-07-20,Kebomas Gresik,rutin sholawatan jamaah sholawat muhammad rohmat lil alamin selasa 21 juli 2026 bada isyak diam h khoirul umam indro kebomas gresik streaming link fb live zaini alawi monggo hadir sama ketuk pintu langit sholawat
2079222327418757124,hazanafa,"✨ KAJIAN RUTIN ✨

📖 Kitab : Safinatun Naja
📅 Selasa, 21 Juli 2026
⏳ Ba'da Maghrib
📍 MUSHOLLA AR-ROHMAH RW 3 Indro, Kebomas, Gresik

LIVE STREAMING:
📱 FB: Zaini Alawi
💻 YT: Musholla Ar Rohmah

""Monggo Hadir, Raih Keberkahan Ilmu Bersama"" https://t.co/xjcCrgjY1n",kajian rutin kitab safinatun naja selasa 21 juli 2026 bada maghrib musholla arrohmah rw 3 indro kebomas gresik live streaming fb zaini alawi yt musholla ar rohmah monggo hadir raih keberkahan ilmu bersama,netral,0.992,umum,1.0,,,2026-07-20,Kebomas Gresik,kaji rutin kitab safinatun naja selasa 21 juli 2026 bada maghrib musholla arrohmah rw 3 indro kebomas gresik live streaming fb zaini alawi yt musholla ar rohmah monggo hadir raih berkah ilmu sama
2079130588225982902,nugresik,"Musyker II MWCNU Kebomas Gresik: Evaluasi Program Kerja, Perkuat Pengkhidmatan hingga Soliditas Jamiyyah https://t.co/monkS2vTnB",musyker ii mwcnu kebomas gresik evaluasi program kerja perkuat pengkhidmatan hingga soliditas jamiyyah,netral,0.993,umum,0.0,,,2026-07-20,Kebomas Gresik,musyker ii mwcnu kebomas gresik evaluasi program kerja kuat khidmat hingga soliditas jamiyyah
2079130719255925063,Tejjangnr,"JUAL CEPAT RUMAH TANPA PERANTARA
Jl. Mutiara I no.6 Perumahan Kota Baru Driyorejo, Gresik
Posisi Hook (pojok, tikungan)
Luas bangunan -/+ 368 m2
Luas tanah 184 m2
2 lantai
Kamar utama + kamar mandi dalam (lt.1)
Kamar tidur 3 (lt.2)
Kamar mandi 2 (atas bawah)
Sertifikat: SHM https://t.co/3AaGgBBVG5",jual cepat rumah tanpa perantara jl mutiara i no6 perumahan kota baru driyorejo gresik posisi hook pojok tikungan luas bangunan 368 m2 luas tanah 184 m2 2 lantai kamar utama kamar mandi dalam lt1 kamar tidur 3 lt2 kamar mandi 2 atas bawah sertifikat shm,netral,0.911,umum,2.0,,,2026-07-20,Driyorejo Gresik,jual cepat rumah antara jl mutiara i no6 rumah kota baru driyorejo gresik posisi hook pojok tikung luas bangun 368 m2 luas tanah 184 m2 2 lantai kamar utama kamar mandi lt1 kamar tidur 3 lt2 kamar mandi 2 atas bawah sertifikat shm
2079095003776000052,Lintasperkoro,"Puluhan Orang Jadi Korban Penipuan Rekrutmen PT Wings Surya Driyorejo Gresik
https://t.co/GH00ozjiqU",puluhan orang jadi korban penipuan rekrutmen pt wings surya driyorejo gresik,netral,0.945,umum,0.0,,,2026-07-20,Driyorejo Gresik,puluh orang jadi korban tipu rekrutmen pt wings surya driyorejo gresik
2081919693179523556,gaharuMu,"Cuma beberapa ratus meter dari makam mbah Beluk,Karangkiring,Gresik. https://t.co/Y02mDCvif2",cuma beberapa ratus meter dari makam mbah belukkarangkiringgresik,netral,0.914,umum,0.0,,,2026-07-28,Gresik,cuma beberapa ratus meter makam mbah belukkarangkiringgresik
2081917881688936611,gaharuMu,@blissthethicsss Balas dendam soalnya di Gresik jauh dari pantai bagus 😂,balas dendam soalnya di gresik jauh dari pantai bagus,negatif,0.909,wisata,0.0,,,2026-07-28,Gresik,balas dendam soal gresik jauh pantai bagus
2081911480249974819,ellyaqul,@credOLIN Beneran kak di gresik ngga ada???ku kira udah di mana2 soto bogor ini,beneran kak di gresik ngga adaku kira udah di mana2 soto bogor ini,netral,0.542,umum,0.0,,,2026-07-28,Gresik,beneran kak gresik ngga ada kira udah mana2 soto bogor
2081905505530990595,credOLIN,"@kudanielbintik Aselik, Non aku ngerasa ini di Gresik debunya paraah, asap dari pabrik juga.",aselik non aku ngerasa ini di gresik debunya paraah asap dari pabrik juga,negatif,0.994,industri,0.0,,,2026-07-28,Gresik,aselik non aku ngerasa gresik debu paraah asap pabrik
2081903077377069378,credOLIN,"@twitnyapimma Woalaah iyaa, Gresik udah gak pernah hujan lagi.",woalaah iyaa gresik udah gak pernah hujan lagi,positif,0.7,umum,0.0,,,2026-07-28,Gresik,woalaah iyaa gresik udah gak pernah hujan
2081900890165014589,petrogresik,"Sahabat, hasil pertanian selalu menjadi bagian penting dalam kehidupan sehari-hari, termasuk bagi masyarakat perkotaan. 🌾💚

Melalui Petro Agrifood Expo (PAE) 2026, Petrokimia Gresik mengajak masyarakat mengenal dunia agroindustri dari hulu hingga hilir dengan cara yang edukatif dan menyenangkan, sekaligus menumbuhkan kepedulian generasi muda terhadap pentingnya regenerasi petani.

Di PAE 2026, pengunjung dapat memetik buah dan sayuran segar, membeli berbagai komoditas pertanian, mengunjungi stand kebutuhan pertanian, hingga mengikuti beragam pelatihan interaktif tentang pertanian modern. 🌽🚜

Semoga PAE 2026 dapat menginspirasi semakin banyak generasi muda untuk melihat pertanian sebagai sektor yang modern, inovatif, dan penuh peluang, sehingga turut mendukung regenerasi petani menuju kedaulatan pangan Indonesia. 🇮🇩🌱

Terima kasih atas antusiasme Sahabat di PAE 2026. Sampai bertemu kembali di Petro Agrifood Expo berikutnya! 💚👋

#PetrokimiaGresik #SolusiAgroindustri #PetroAgrifoodExpo2026",sahabat hasil pertanian selalu menjadi bagian penting dalam kehidupan seharihari termasuk bagi masyarakat perkotaan melalui petro agrifood expo pae 2026 petrokimia gresik mengajak masyarakat mengenal dunia agroindustri dari hulu hingga hilir dengan cara yang edukatif dan menyenangkan sekaligus menumbuhkan kepedulian generasi muda terhadap pentingnya regenerasi petani di pae 2026 pengunjung dapat memetik buah dan sayuran segar membeli berbagai komoditas pertanian mengunjungi stand kebutuhan pertanian hingga mengikuti beragam pelatihan interaktif tentang pertanian modern semoga pae 2026 dapat menginspirasi semakin banyak generasi muda untuk melihat pertanian sebagai sektor yang modern inovatif dan penuh peluang sehingga turut mendukung regenerasi petani menuju kedaulatan pangan indonesia terima kasih atas antusiasme sahabat di pae 2026 sampai bertemu kembali di petro agrifood expo berikutnya petrokimiagresik solusiagroindustri petroagrifoodexpo2026,positif,0.959,industri,0.0,,,2026-07-28,Gresik,sahabat hasil tani selalu jadi bagi penting hidup seharihari masuk masyarakat kota lalu petro agrifood expo pae 2026 petrokimia gresik ajak masyarakat kenal dunia agroindustri hulu hingga hilir cara edukatif senang sekaligus tumbuh peduli generasi muda penting regenerasi tani pae 2026 unjung petik buah sayur segar beli bagai komoditas tani unjung stand butuh tani hingga ikut agam latih interaktif tani modern moga pae 2026 inspirasi makin banyak generasi muda lihat tani sektor modern inovatif penuh peluang turut dukung regenerasi tani tuju daulat pangan indonesia terima kasih atas antusiasme sahabat pae 2026 temu petro agrifood expo ikut petrokimiagresik solusiagroindustri petroagrifoodexpo2026
2081897156009669104,belongstonaa,"Halo para warga wargi X pertemukan aku dengan vendor konveksi hijab daerah gresik dan sekitar! Drop di kolom comment ya, mari bekerjasama hihi",halo para warga wargi x pertemukan aku dengan vendor konveksi hijab daerah gresik dan sekitar drop di kolom comment ya mari bekerjasama hihi,netral,0.994,umum,0.0,,,2026-07-28,Gresik,halo warga wargi x temu aku vendor konveksi hijab daerah gresik drop kolom comment bekerjasama hihi
2081896700919373969,pikakukeko,@RyantiTashi @credOLIN Coba pesen 25 porsi tar pasti dibikinin khusus dan dikirim ke gresik 😁,coba pesen 25 porsi tar pasti dibikinin khusus dan dikirim ke gresik,netral,0.969,umum,1.0,,,2026-07-28,Gresik,coba sen 25 porsi tar dibikinin khusus kirim gresik
2081896102706708639,RyantiTashi,@credOLIN @pikakukeko Mksdnya minta sm ka pika bawain ketringnya ke gresik 😎,mksdnya minta sm ka pika bawain ketringnya ke gresik,netral,0.986,umum,1.0,,,2026-07-28,Gresik,mksdnya minta sama ka pika bawain ketringnya gresik
2081889555280789838,credOLIN,"Today I walked 6K.
7894 steps.
04.28 - 05.26 WIB

📍GRESIK KOTA BARU

💛🧡✨

#RandomVisual https://t.co/CNUty9FgEB",today i walked 6k 7894 steps 0428 0526 wib gresik kota baru randomvisual,netral,0.998,umum,32.0,,,2026-07-27,Gresik,today i walked 6k 7894 steps 0428 0526 wib gresik kota baru randomvisual
2081512713206059436,credOLIN,"Today I ran 3K.
Walked 3K.
7986 steps.
04.29 - 05.23 WIB

📍Gresik Kota Baru

#RandomVisual https://t.co/eQETepJNN6",today i ran 3k walked 3k 7986 steps 0429 0523 wib gresik kota baru randomvisual,netral,0.997,umum,48.0,,,2026-07-26,Gresik,today i ran 3k walked 3k 7986 steps 0429 0523 wib gresik kota baru randomvisual
2081877003213717867,nugresik,"Menutup PMKNU di Gresik, Ketua PBNU KH Miftah Faqih Titip Pesan dalam Guratan Hikmah https://t.co/tQTBwgTpe4",menutup pmknu di gresik ketua pbnu kh miftah faqih titip pesan dalam guratan hikmah,netral,0.996,umum,0.0,,,2026-07-27,Gresik,tutup pmknu gresik ketua pbnu kh miftah faqih titip pesan gurat hikmah
2081876933940523018,nugresik,"Istiqamah Rawat Tradisi, PR IPNU IPPNU Mojopuro Wetan Bungah Gresik Kembali Gelar Diba’an https://t.co/q3Sdd4Q0MG",istiqamah rawat tradisi pr ipnu ippnu mojopuro wetan bungah gresik kembali gelar dibaan,netral,0.991,umum,0.0,,,2026-07-27,Gresik,istiqamah rawat tradisi pr ipnu ippnu mojopuro wetan bungah gresik gelar dibaan
2081876872057737264,nugresik,"Meneguhkan Visi Keislaman Berlandaskan Aswaja An-Nahdliyah, Rektor dan Tujuh Dosen UIZ Gresik Ikuti PMKNU https://t.co/RVGllgivca",meneguhkan visi keislaman berlandaskan aswaja annahdliyah rektor dan tujuh dosen uiz gresik ikuti pmknu,netral,0.994,umum,0.0,,,2026-07-27,Gresik,teguh visi islam landas aswaja annahdliyah rektor tujuh dosen uiz gresik ikut pmknu
2081876806131765421,nugresik,Creative Space Vol. 1 Jadi Wadah Pelajar NU Manyar Gresik Asah Kreativitas Digital https://t.co/CWDBC7Kw8a,creative space vol 1 jadi wadah pelajar nu manyar gresik asah kreativitas digital,netral,0.99,umum,0.0,,,2026-07-27,Gresik,creative space vol 1 jadi wadah ajar nu manyar gresik asah kreativitas digital
2081876717610910011,nugresik,Penutupan PMKNU ke-I PCNU Gresik Berlangsung Khidmat di Situs Religi Makam Kanjeng Sunan Giri https://t.co/Y9jfdWYmVF,penutupan pmknu kei pcnu gresik berlangsung khidmat di situs religi makam kanjeng sunan giri,netral,0.994,wisata,0.0,,,2026-07-27,Gresik,tutup pmknu kei pcnu gresik langsung khidmat situs religi makam kanjeng sunan giri
2081824255323599297,archtian,"@txtdariclipper Loh anjir Gresik, mana deket rumah",loh anjir gresik mana deket rumah,negatif,0.934,umum,0.0,,,2026-07-27,Gresik,loh anjir gresik mana deket rumah
2081796929571471574,ravsxupie,"warga gresik ni pada napa dah sensi bgt kalo dijalan, bawa motor mobil dah kayak orang nyimeng jg",warga gresik ni pada napa dah sensi bgt kalo dijalan bawa motor mobil dah kayak orang nyimeng jg,negatif,0.99,infrastruktur,0.0,,,2026-07-27,Gresik,warga gresik ni napa dah sensi banget kalo jalan bawa motor mobil dah kayak orang nyimeng jg
2081774456159306023,Prin15ceBrgvall,"@muhhussen @ardynshufi di fk jezero bliao lebih nyaman karena permainan taktis ,dan tidak minim supplay sprti di gresik wktu itu .. 
dan adaptasi nya juga nyaman krn serbia asal negara nya berdekatan dengan montonegro .",di fk jezero bliao lebih nyaman karena permainan taktis dan tidak minim supplay sprti di gresik wktu itu dan adaptasi nya juga nyaman krn serbia asal negara nya berdekatan dengan montonegro,positif,0.986,umum,0.0,,,2026-07-27,Gresik,fk jezero bliao lebih nyaman main taktis minim supplay sprti gresik wktu adaptasi nya nyaman serbia asal negara nya dekat montonegro
2081771873663394100,Stan_3918,@fhisryu Hehehe itu pun masih lanjut karena harus balik ke sby dari gresik,hehehe itu pun masih lanjut karena harus balik ke sby dari gresik,netral,0.862,umum,0.0,,,2026-07-27,Gresik,hehehe lanjut balik sby gresik
2081771262830113181,Rama_aditya1918,@sayaamsaka Gresik nya mana om?,gresik nya mana om,negatif,0.604,umum,0.0,,,2026-07-27,Gresik,gresik nya mana om
2081770660783861954,_Itsyol,"Gresik New Open Beb 🫶 
#availgresik #bogresik 
#openbogresik https://t.co/ecdnO4o1ds",gresik new open beb availgresik bogresik openbogresik,netral,0.995,umum,1.0,,,2026-07-27,Gresik,gresik new open beb availgresik bogresik openbogresik
2081770351751794718,Prin15ceBrgvall,"@muhhussen @ardynshufi belum bisa dijadikan sbg acuan .. kalo by data  on transfermarket begini : 

Maksi to gresik tahun 2024 dari match 14 

7x absen , 7 caps pertandingan itu pun ga full 90 menit saya gatau permasalahannya apa di gresik .. yg jelas data dibawah sprti ini https://t.co/oyH0HvEMPg",belum bisa dijadikan sbg acuan kalo by data on transfermarket begini maksi to gresik tahun 2024 dari match 14 7x absen 7 caps pertandingan itu pun ga full 90 menit saya gatau permasalahannya apa di gresik yg jelas data dibawah sprti ini,netral,0.833,umum,0.0,,,2026-07-27,Gresik,jadi sbg acu kalo by data on transfermarket begini maksi to gresik tahun 2024 match 14 7x absen 7 caps tanding full 90 menit gatau masalah apa gresik jelas data bawah sprti
2081766741533983007,Jawatimur24jam,"JATIM24JAM - *Razia Gabungan di Gresik Temukan 1 Pramusaji Positif HIV dan 1 Positif Sabu*

🎥 : Berbagai Sumber 

#jatim24jam #jawatimur #gresik #razia #positif https://t.co/iVLi3CIibh",jatim24jam razia gabungan di gresik temukan 1 pramusaji positif hiv dan 1 positif sabu berbagai sumber jatim24jam jawatimur gresik razia positif,netral,0.996,umum,0.0,,,2026-07-27,Gresik,jatim24jam razia gabung gresik temu 1 pramusaji positif hiv 1 positif sabu bagai sumber jatim24jam jawatimur gresik razia positif
2081761482371629433,Sabdanewscom,https://t.co/mz3Ndm8wdA,,netral,0.0,umum,0.0,,,2026-07-27,Gresik,
2081759083510771941,biibaek_hanshua,ntar aku nyumbang bata ringan sama semen gresik🙏🏻,ntar aku nyumbang bata ringan sama semen gresik,netral,0.978,industri,0.0,,,2026-07-27,Gresik,ntar aku nyumbang bata ringan sama semen gresik
2081727030954258927,_PrincessMilk,"Wtb t4n4h k0s0ng ramah transum .. skalian aja kita bangun cafe dr 0 biar in the future kaga bisa dtuduh yg engga2😭

Decornya langsung kita semen aja di dinding, klo nempel d kaca takut dtuduh ngikut🙏🏻",wtb t4n4h k0s0ng ramah transum skalian aja kita bangun cafe dr 0 biar in the future kaga bisa dtuduh yg engga2 decornya langsung kita semen aja di dinding klo nempel d kaca takut dtuduh ngikut,negatif,0.983,industri,553.0,,,2026-07-27,Gresik,wtb t4n4h k0s0ng ramah transum skalian bangun cafe 0 biar in the future kaga dtuduh engga2 decornya langsung semen dinding klo nempel d kaca takut dtuduh ngikut
2081758505007202680,thetakergives,i went from sby to gresik. is this far enough,i went from sby to gresik is this far enough,netral,0.901,umum,0.0,,,2026-07-27,Gresik,i went from sby to gresik is this far enough
2081741001790566838,NoahKahan,You’re gonna go far tonight queen?,youre gonna go far tonight queen,netral,0.955,umum,15966.0,,,2026-07-27,Gresik,youre gonna go far tonight queen
2081753019801325957,muhhussen,"@Prin15ceBrgvall @ardynshufi Balsa top skorer Liga Montenegro, urutan kedua ada D. Maksimovic yg sblmnya main di Liga 2 bersama Gresik United. Apakah level kompetisi Liga Montenegro lebih mudah dibandingkan Liga 2? Kalau iya, apakah sama dgn Ramon yg jg top skorer di liga sebelum gabung Persib?",balsa top skorer liga montenegro urutan kedua ada d maksimovic yg sblmnya main di liga 2 bersama gresik united apakah level kompetisi liga montenegro lebih mudah dibandingkan liga 2 kalau iya apakah sama dgn ramon yg jg top skorer di liga sebelum gabung persib,positif,0.868,olahraga,0.0,,,2026-07-27,Gresik,balsa top skorer liga montenegro urut dua d maksimovic sblmnya main liga 2 sama gresik united level kompetisi liga montenegro lebih mudah banding liga 2 kalau iya sama ramon jg top skorer liga gabung persib
2081752548004995578,XRICOYS,@nanayrrrr TOLONG KIRIM KE GRESIK SEKARANG JUGA😭😭😭 LUCU BGT YAAMPYUN. ralatt yang buaya bapaknya,tolong kirim ke gresik sekarang juga lucu bgt yaampyun ralatt yang buaya bapaknya,positif,0.985,infrastruktur,0.0,,,2026-07-27,Gresik,kirim gresik sekarang lucu banget yaampyun ralatt buaya bapak
2081751770750157041,NAWACIT4,https://t.co/S92s0J1gHv,,netral,0.0,umum,0.0,,,2026-07-27,Gresik,
2081751689745543510,nawacitadotco,https://t.co/z5N1uiXwlV,,netral,0.0,umum,0.0,,,2026-07-27,Gresik,
2081751608082489629,nawacitamedia,https://t.co/orqkvtFcBh,,netral,0.0,umum,0.0,,,2026-07-27,Gresik,
2081746400287867259,kelincbulan,"kemudian menurut lidahku, sbg warga gresik aku bisa bilang lagi, bakso cak adhim sama cak hud jauh lebih enak timbang bakso sak malang raya.

karena sejauh aku kuliah ndek malang, gak pernah puas sama baksonya jadi tiap pulang kampung aku puas puasin mbakso terus.",kemudian menurut lidahku sbg warga gresik aku bisa bilang lagi bakso cak adhim sama cak hud jauh lebih enak timbang bakso sak malang raya karena sejauh aku kuliah ndek malang gak pernah puas sama baksonya jadi tiap pulang kampung aku puas puasin mbakso terus,positif,0.979,umum,0.0,,,2026-07-27,Gresik,kemudian lidah sbg warga gresik aku bilang bakso cak adhim sama cak hud jauh lebih enak timbang bakso sak malang raya jauh aku kuliah ndek malang gak pernah puas sama bakso jadi tiap pulang kampung aku puas puasin mbakso terus
2081745433282679007,penyalurkerja,"Info Loker Art &amp; Baby Sitter
Penempatan Jatim, Jateng, Jabar, Luar Pulau
. 
#situbondo #banyuwangi #bondowoso #jember #probolinggo #lumajang #sumenep #pamekasan #sampang #bangkalan #gresik #sidoarjo #surabaya #pasuruan #malang #batu #mojokerto #jombang #lamongan https://t.co/rtbefzreRo",info loker art amp baby sitter penempatan jatim jateng jabar luar pulau situbondo banyuwangi bondowoso jember probolinggo lumajang sumenep pamekasan sampang bangkalan gresik sidoarjo surabaya pasuruan malang batu mojokerto jombang lamongan,netral,0.993,bencana,0.0,,,2026-07-27,Gresik,info loker art amp baby sitter tempat jatim jateng jabar luar pulau situbondo banyuwangi bondowoso jember probolinggo lumajang sumenep pamekasan sampang bangkal gresik sidoarjo surabaya pasuruan malang batu mojokerto jombang lamongan
2081744840401015128,mesatu_,@txtdariyelllow Semua berkesan kak karena punya cerita masing-masing hehehe. Tapi yang pengin selalu diulang tiap tahun itu Gresik sama Bali.,semua berkesan kak karena punya cerita masingmasing hehehe tapi yang pengin selalu diulang tiap tahun itu gresik sama bali,positif,0.978,umum,1.0,,,2026-07-27,Gresik,semua kesan kak punya cerita masingmasing hehehe pengin selalu ulang tiap tahun gresik sama bal
2081741497788256437,ociteiru,"@shyeppi in my defense i don't nanyain semua dom oomf ok🧍be nice 2 me

gresik toh",in my defense i dont nanyain semua dom oomf okbe nice 2 me gresik toh,negatif,0.576,umum,0.0,,,2026-07-27,Gresik,in my defense i dont nanyain semua dom oomf okbe nice 2 me gresik
2081738798065655946,ayukikyo,Otw gresik https://t.co/wUifyxffRd,otw gresik,netral,0.989,umum,0.0,,,2026-07-27,Gresik,otw gresik
2081737049598796015,Lintasperkoro,"M Zaini Bani, warga Basuki Rahmat, Bedilan, Gresik, tidak memiliki izin dalam melaksanakan penempatan Pekerja Migran Indonesia. Meski begitu, M Zaini Bani tetap menawarkan untuk memberangkatkan 4 warga Kabupaten Bondowoso, bekerja di Brunei Darussalam

https://t.co/XgKp2acVrA",m zaini bani warga basuki rahmat bedilan gresik tidak memiliki izin dalam melaksanakan penempatan pekerja migran indonesia meski begitu m zaini bani tetap menawarkan untuk memberangkatkan 4 warga kabupaten bondowoso bekerja di brunei darussalam,netral,0.994,umum,0.0,,,2026-07-27,Gresik,m zaini bani warga basuki rahmat bedil gresik milik izin laksana tempat kerja migran indonesia meski m zaini bani tetap tawar berangkat 4 warga kabupaten bondowoso kerja brunei darussalam
2081735122722881788,kukisklasik,"@chimmyast aamiin ya Allah, kalo ga di sby, gresik atau sda ya Allah",aamiin ya allah kalo ga di sby gresik atau sda ya allah,positif,0.925,umum,0.0,,,2026-07-27,Gresik,aamiin allah kalo sby gresik sda allah
2081729962105831717,gresikutdFC,"Ada ikatan yang tak sekadar tentang sepak bola, tetapi tentang tanah kelahiran.

Dian Ardiansyah kembali memilih bertahan bersama Gresik United.

#GresikUnited #LaskarJokoSamudro #DianArdiansyah https://t.co/7qcV0xOjzv",ada ikatan yang tak sekadar tentang sepak bola tetapi tentang tanah kelahiran dian ardiansyah kembali memilih bertahan bersama gresik united gresikunited laskarjokosamudro dianardiansyah,netral,0.995,olahraga,2.0,,,2026-07-27,Gresik,ikat tak sekadar sepak bola tanah lahir dian ardiansyah pilih tahan sama gresik united gresikunited laskarjokosamudro dianardiansyah
2081729937845940680,credOLIN,"@msafarnurhan Gresik, Kak.

5th aku di sini, udah ngubek seantero Surabaya - Gresik - Sidoarjo gak ada yg jualan sotomi. Sedih.😢",gresik kak 5th aku di sini udah ngubek seantero surabaya gresik sidoarjo gak ada yg jualan sotomi sedih,negatif,0.991,umum,0.0,,,2026-07-27,Gresik,gresik kak 5th aku sini udah ngubek antero surabaya gresik sidoarjo gak jual sotomi sedih
2081729620425179375,mesatu_,@mahakersa Sesekali coba ke Gresik mint. Ternyata asoooy hahaha.,sesekali coba ke gresik mint ternyata asoooy hahaha,positif,0.99,umum,0.0,,,2026-07-27,Gresik,sekal coba gresik mint nyata asoooy hahaha
2081729286013321549,credOLIN,"@Dospemz Nah, mestinya yaa, Kak tapi seantero Surabaya - Gresik - Sidoarjo saya belum pernah nemu. 😢",nah mestinya yaa kak tapi seantero surabaya gresik sidoarjo saya belum pernah nemu,netral,0.975,umum,1.0,,,2026-07-27,Gresik,nah mesti yaa kak antero surabaya gresik sidoarjo pernah nemu
2081729096166625522,sayaamsaka,"@Rama_aditya1918 gresik wkwk. tapi gaopo, ndang mampir, dolan mrene",gresik wkwk tapi gaopo ndang mampir dolan mrene,positif,0.625,umum,0.0,,,2026-07-27,Gresik,gresik wkwk gaopo ndang mampir dolan mrene
2081728540219994323,akagami7y,@sbyfess Rinio nak Gresik,rinio nak gresik,negatif,0.521,umum,0.0,,,2026-07-27,Gresik,rinio nak gresik
2081726445521678467,mahakersa,@mesatu_ when yh bisa ke gresik,when yh bisa ke gresik,netral,0.876,umum,1.0,,,2026-07-27,Gresik,when yh gresik
2081719662065471778,Jurnas_net,"Gresik Jadi Percontohan Perlindungan Anak Pekerja Migran, Bupati Yani: Pulang Bukan Akhir, tetapi Awal Masa Depan https://t.co/qBSnGW2Oju",gresik jadi percontohan perlindungan anak pekerja migran bupati yani pulang bukan akhir tetapi awal masa depan,netral,0.97,pemerintahan,0.0,,,2026-07-27,Gresik,gresik jadi contoh lindung anak kerja migran bupati yani pulang bukan akhir awal masa depan
2081713219010244648,petrogresik,"Sahabat, Selamat Hari Mangrove Sedunia! 🌱✨

Sebagai wujud komitmen menjaga kelestarian lingkungan, Petrokimia Gresik turut berpartisipasi dalam Aksi Penanaman Mangrove Serentak Seluruh Indonesia yang diinisiasi oleh Kementerian Lingkungan Hidup RI dengan menanam 1.000 bibit mangrove secara bertahap di Pusat Restorasi dan Pembelajaran Mangrove (PRPM) Mengare, Gresik. 🌿

Aksi ini akan dilanjutkan dengan acara puncak penanaman mangrove bersama karyawan Petrokimia Gresik sebagai wujud kolaborasi dalam menjaga dan memulihkan ekosistem pesisir.

Langkah ini menjadi bagian dari upaya Petrokimia Gresik dalam mendukung pelestarian ekosistem pesisir, meningkatkan penyerapan karbon, serta mewujudkan lingkungan yang lebih hijau dan berkelanjutan. 🌏

Karena setiap bibit mangrove yang ditanam hari ini bukan hanya menjaga pesisir, tetapi juga menjadi investasi bagi bumi dan generasi mendatang. 🤝💚

Menjaga Mangrove, Menjaga Generasi Mendatang. 🌱

#PetrokimiaGresik #SolusiAgroindustri #MangroveBerkelanjutan #HariMangroveSedunia #ESG #NetZeroEmission #PelestarianLingkungan",sahabat selamat hari mangrove sedunia sebagai wujud komitmen menjaga kelestarian lingkungan petrokimia gresik turut berpartisipasi dalam aksi penanaman mangrove serentak seluruh indonesia yang diinisiasi oleh kementerian lingkungan hidup ri dengan menanam 1000 bibit mangrove secara bertahap di pusat restorasi dan pembelajaran mangrove prpm mengare gresik aksi ini akan dilanjutkan dengan acara puncak penanaman mangrove bersama karyawan petrokimia gresik sebagai wujud kolaborasi dalam menjaga dan memulihkan ekosistem pesisir langkah ini menjadi bagian dari upaya petrokimia gresik dalam mendukung pelestarian ekosistem pesisir meningkatkan penyerapan karbon serta mewujudkan lingkungan yang lebih hijau dan berkelanjutan karena setiap bibit mangrove yang ditanam hari ini bukan hanya menjaga pesisir tetapi juga menjadi investasi bagi bumi dan generasi mendatang menjaga mangrove menjaga generasi mendatang petrokimiagresik solusiagroindustri mangroveberkelanjutan harimangrovesedunia esg netzeroemission pelestarianlingkungan,netral,0.64,ekonomi,0.0,,,2026-07-27,Gresik,sahabat selamat hari mangrove dunia wujud komitmen jaga lestari lingkung petrokimia gresik turut partisipasi aksi tanam mangrove serentak seluruh indonesia inisiasi menteri lingkung hidup ri tanam 1000 bibit mangrove tahap pusat restorasi ajar mangrove prpm are gresik aksi lanjut acara puncak tanam mangrove sama karyawan petrokimia gresik wujud kolaborasi jaga pulih ekosistem pesisir langkah jadi bagi upaya petrokimia gresik dukung lestari ekosistem pesisir tingkat serap karbon wujud lingkung lebih hijau lanjut bibit mangrove tanam hari bukan jaga pesisir jadi investasi bumi generasi datang jaga mangrove jaga generasi datang petrokimiagresik solusiagroindustri mangroveberkelanjutan harimangrovesedunia esg netzeroemission pelestarianlingkungan
2081711182311039069,stlobelixuxi,"Min @Kopikenangan_ID outlet daerah Gresik-jatim belum ada yang gift set haechan ya? 
Abis liat apk ada nya masih di SBY min😩🙏🏼",min outlet daerah gresikjatim belum ada yang gift set haechan ya abis liat apk ada nya masih di sby min,netral,0.996,umum,0.0,,,2026-07-27,Gresik,min outlet daerah gresikjatim gift set haechan abis liat apk nya sby min
2081710457300423083,gresikutdFC,"Cerita musim baru mulai ditulis, halaman demi halaman 📖

#GresikUnited #LaskarJokoSamudro #DailyTraining https://t.co/hoS1F6q4o6",cerita musim baru mulai ditulis halaman demi halaman gresikunited laskarjokosamudro dailytraining,netral,0.998,umum,2.0,,,2026-07-27,Gresik,cerita musim baru mulai tulis halaman halaman gresikunited laskarjokosamudro dailytraining
2081704690883166610,luckofsweetluck,"❌Packing
📍Gresik, Jatim

📝Note:
- Membeli = SABAR

t. hc sfs tomdo lee",packing gresik jatim note membeli sabar t hc sfs tomdo lee,netral,0.998,umum,0.0,,,2026-07-27,Gresik,packing gresik jatim note beli sabar t hc sfs tomdo lee
2081704628304105571,mesatu_,@txtdariyelllow Kapan terakhir kali ke Gresik kak? Gue rutin tiap tahun nih hehehe.,kapan terakhir kali ke gresik kak gue rutin tiap tahun nih hehehe,netral,0.581,umum,0.0,,,2026-07-27,Gresik,kapan akhir kali gresik kak gue rutin tiap tahun nih hehehe
2081702793900098005,dunnowannawhat,@Reynaldo_65 Dm Gresik mn,dm gresik mn,netral,0.991,umum,0.0,,,2026-07-27,Gresik,dm gresik mn
2081702205233811687,Scouma_go2,"OPEN PO DOLL HAECHAN GOMDO LEE 

💸 Tomdo lee = 225k dp 190k
💸 Gomdo lee (10cm) = 225k dp 190k
💸 Gomdo lee (20cm) = 355k dp 300k (est 200gr) 

✅ Est bersih ina
✅ GO line & wa
❌ Packing & admin🍊

📌 Min take 5pcs disc 2k/pcs 
⚖️ Harga est jika berat & rate turun harga turun begitu sebaliknya

🚛 Gresik & sby jatim

📩 Form order 
https://t.co/eUalDXcgqp",open po doll haechan gomdo lee tomdo lee 225k dp 190k gomdo lee 10cm 225k dp 190k gomdo lee 20cm 355k dp 300k est 200gr est bersih ina go line wa packing admin min take 5pcs disc 2kpcs harga est jika berat rate turun harga turun begitu sebaliknya gresik sby jatim form order,netral,0.985,ekonomi,0.0,,,2026-07-27,Gresik,open po doll haechan gomdo lee tomdo lee 225k dp 190k gomdo lee 10cm 225k dp 190k gomdo lee 20cm 355k dp 300k est 200gr est bersih ina go line wa packing admin min take 5pcs disc 2kpcs harga est berat rate turun harga turun balik gresik sby jatim form order
2081701152794771796,Korem084Bj,"BHAJAY CUP 2026 Resmi Bergulir, Danrem 084/Bhaskara Jaya Ajak Generasi Muda Bertanding dengan Sportivitas dan Persaudaraan

Danrem 084/BJ, Brigjen TNI Kohir, secara resmi membuka BHAJAY CUP 2026 di GOR Wahana Ekspresi Poesponegoro (WEP), Kabupaten Gresik, Senin (27/07/2026). https://t.co/D86AXtEu41",bhajay cup 2026 resmi bergulir danrem 084bhaskara jaya ajak generasi muda bertanding dengan sportivitas dan persaudaraan danrem 084bj brigjen tni kohir secara resmi membuka bhajay cup 2026 di gor wahana ekspresi poesponegoro wep kabupaten gresik senin 27072026,netral,0.995,umum,2.0,,,2026-07-27,Gresik,bhajay cup 2026 resmi gulir danrem 084bhaskara jaya ajak generasi muda tanding sportivitas saudara danrem 084bj brigjen tni kohir resmi buka bhajay cup 2026 gor wahana ekspresi poesponegoro wep kabupaten gresik senin 27072026
2081697146118787529,sby_team,"Batal galau gara-gara ACL!
SBY resmi mendatangkan amunisi 'Mepet Top 1%' dari Gresik! ✈️

@miloghafi

Plot twist terbaik pramusim: Pengganti sepadan yang siap jadi senjata rahasia Semoga Beruntung Ya di Liga 3 #LigaBRFI.

Welcome to the flight! Selamat bertarung di lapangan! 🔥 https://t.co/DrDIYlPGqO",batal galau garagara acl sby resmi mendatangkan amunisi mepet top 1 dari gresik plot twist terbaik pramusim pengganti sepadan yang siap jadi senjata rahasia semoga beruntung ya di liga 3 ligabrfi welcome to the flight selamat bertarung di lapangan,netral,0.812,olahraga,3.0,,,2026-07-27,Gresik,batal galau garagara acl sby resmi datang amunisi mepet top 1 gresik plot twist baik pramusim ganti padan siap jadi senjata rahasia moga untung liga 3 ligabrfi welcome to the flight selamat tarung lapang
2081695899097632962,luckofsweetluck,"Open PO @luckofsweetluck
NCT 127 - BLINGY

💸Price on Pict

🌐Order here:
https://t.co/hFdzMHsHiw

🗓 Close: TBA
🎁POB if any
✅est. Bersih INA
✅️ Cicilan DP
❌Packing
📍Gresik, Jatim

📝Note:
- Membeli = SABAR

t. ilichil https://t.co/sUVC3cnSyV",open po nct 127 blingy price on pict order here close tba pob if any est bersih ina cicilan dp packing gresik jatim note membeli sabar t ilichil,netral,0.989,umum,0.0,,,2026-07-27,Gresik,open po nct 127 blingy price on pict order here close tba pob if any est bersih ina cicil dp packing gresik jatim note beli sabar t ilichil
2081695452148408585,ayayycaptain_,dari sby to gresik trs back to sby again. Literally main sampe jam 3 subuh…. what an insane night🙂‍↕️ https://t.co/kMxmlU8UZa,dari sby to gresik trs back to sby again literally main sampe jam 3 subuh what an insane night,netral,0.963,umum,0.0,,,2026-07-27,Gresik,sby to gresik trs back to sby again literally main sampe jam 3 subuh what an insane night
2081694183925121492,K3ONH0,"[Sharing LD 3.0 Cortis Handcarry]
               (Weverse Ver)

Price on pict, must full yaa

✅ Handcarry (eta Ina 6 Agustus)
✅ Bersih Ina 
✅ Proof secured
 (nunggu admin jastip visit tempat)
✅ GO sharing line 
❌ Adm + pack
📍 Gresik, Jatim

(@ after dm/dm line di bio ya) https://t.co/8YiCMhsMyM",sharing ld 30 cortis handcarry weverse ver price on pict must full yaa handcarry eta ina 6 agustus bersih ina proof secured nunggu admin jastip visit tempat go sharing line adm pack gresik jatim after dmdm line di bio ya,netral,0.981,umum,0.0,,,2026-07-27,Gresik,sharing ld 30 cortis handcarry weverse ver price on pict must full yaa handcarry eta ina 6 agustus bersih ina proof secured nunggu admin jastip visit tempat go sharing line adm pack gresik jatim after dmdm line bio
2081693654033613265,PTPLNNPUPGRESIK,"Sobat Nusantara, yuk intip momen seru PLN Nusantara Power di ajang GHES 2026 yang penuh inovasi dan kolaborasi!

Melalui pengembangan teknologi hidrogen hijau serta kemitraan global, kami terus konsisten memimpin transisi energi bersih demi masa depan yang lebih berkelanjutan. https://t.co/c5FZJq1j1g",sobat nusantara yuk intip momen seru pln nusantara power di ajang ghes 2026 yang penuh inovasi dan kolaborasi melalui pengembangan teknologi hidrogen hijau serta kemitraan global kami terus konsisten memimpin transisi energi bersih demi masa depan yang lebih berkelanjutan,netral,0.733,umum,0.0,,,2026-07-27,Gresik,sobat nusantara yuk intip momen seru pln nusantara power ajang ghes 2026 penuh inovasi kolaborasi lalu kembang teknologi hidrogen hijau mitra global terus konsisten pimpin transisi energi bersih masa depan lebih lanjut
2081693624950305153,ainunnajib,@inididii icon mall Gresik tadi,icon mall gresik tadi,netral,0.769,umum,0.0,,,2026-07-27,Gresik,icon mall gresik tadi
2081641961652642218,puprjatimbali,"Peningkatan kualitas jalan yang masuk dalam paket Instruksi Jalan Daerah (IJD) ini bertujuan mendukung konektivitas antarwilayah, memperlancar mobilitas masyarakat, meningkatkan efisiensi distribusi barang, serta mendorong pertumbuhan ekonomi di Kabupaten Gresik dan sekitarnya.",peningkatan kualitas jalan yang masuk dalam paket instruksi jalan daerah ijd ini bertujuan mendukung konektivitas antarwilayah memperlancar mobilitas masyarakat meningkatkan efisiensi distribusi barang serta mendorong pertumbuhan ekonomi di kabupaten gresik dan sekitarnya,netral,0.849,infrastruktur,0.0,,,2026-07-27,Kabupaten Gresik,tingkat kualitas jalan masuk paket instruksi jalan daerah ijd tuju dukung konektivitas antarwilayah lancar mobilitas masyarakat tingkat efisiensi distribusi barang dorong tumbuh ekonomi kabupaten gresik sekitar
2081641958498529659,puprjatimbali,"#SobatBinaMarga, BBPJN Jawa Timur–Bali melalui PPK PJBH Jembatan Suramadu 2 Provinsi Jawa Timur telah menyelesaikan preservasi Jalan Sidoraharjo–Randegan, Kabupaten Gresik sepanjang 1,61 Km. https://t.co/N7rYwavVJz",sobatbinamarga bbpjn jawa timurbali melalui ppk pjbh jembatan suramadu 2 provinsi jawa timur telah menyelesaikan preservasi jalan sidoraharjorandegan kabupaten gresik sepanjang 161 km,netral,0.997,infrastruktur,1.0,,,2026-07-27,Kabupaten Gresik,sobatbinamarga bbpjn jawa timurbali lalu ppk pjbh jembatan suramadu 2 provinsi jawa timur selesai preservasi jalan sidoraharjorandegan kabupaten gresik panjang 161 km
2081552630405603656,kabarbaikdotco,"Razia gabungan yang digelar Satpol PP Kabupaten Gresik di lima lokasi warung remang-remang tidak hanya menyasar penertiban, tetapi juga mengungkap temuan dari hasil pemeriksaan kesehatan dan tes narkoba terhadap para pemandu lagu (LC) serta pemilik warung. https://t.co/zjQlMsaYGR",razia gabungan yang digelar satpol pp kabupaten gresik di lima lokasi warung remangremang tidak hanya menyasar penertiban tetapi juga mengungkap temuan dari hasil pemeriksaan kesehatan dan tes narkoba terhadap para pemandu lagu lc serta pemilik warung,netral,0.997,umum,0.0,,,2026-07-27,Kabupaten Gresik,razia gabung gelar satpol pp kabupaten gresik lima lokasi warung remangremang sasar tertib ungkap temu hasil periksa sehat tes narkoba pandu lagu lc milik warung
2080956417834693071,Lintasperkoro,"Usaha penggilingan plastik yang berlokasi di Desa Banjarsari, Kecaamatan Cerme, Kabupaten Gresik, dikeluhkan oleh petani dan petambak. Sebab, padi yang mereka tanam layu akibat limbah cair dari industri penggilangan plastik tersebut.

https://t.co/LrF5aWdJFA",usaha penggilingan plastik yang berlokasi di desa banjarsari kecaamatan cerme kabupaten gresik dikeluhkan oleh petani dan petambak sebab padi yang mereka tanam layu akibat limbah cair dari industri penggilangan plastik tersebut,netral,0.985,industri,0.0,,,2026-07-25,Kabupaten Gresik,usaha giling plastik lokasi desa banjarsari kecaamatan cerme kabupaten gresik keluh tani tambak padi tanam layu akibat limbah cair industri gilang plastik sebut
2080953344458436822,bkpsdmgresikkab,#PemkabGresik #BKPSDMGresik #DispendikGresik #SDMUnggul #TransformasiDigital #PengembangTeknologiPembelajaran #InovasiPendidikan #PelatihanASN #GresikCerdas #GresikBaru,pemkabgresik bkpsdmgresik dispendikgresik sdmunggul transformasidigital pengembangteknologipembelajaran inovasipendidikan pelatihanasn gresikcerdas gresikbaru,netral,0.992,pemerintahan,0.0,,,2026-07-25,Kabupaten Gresik,pemkabgresik bkpsdmgresik dispendikgresik sdmunggul transformasidigital pengembangteknologipembelajaran inovasipendidikan pelatihanasn gresikcerdas gresikbaru
2080953341212025097,bkpsdmgresikkab,"Langkah ini merupakan wujud komitmen bersama dalam mencetak SDM unggul, baik di kalangan ASN maupun pelajar, untuk masa depan Gresik yang lebih baik.",langkah ini merupakan wujud komitmen bersama dalam mencetak sdm unggul baik di kalangan asn maupun pelajar untuk masa depan gresik yang lebih baik,positif,0.614,umum,0.0,,,2026-07-25,Kabupaten Gresik,langkah rupa wujud komitmen sama cetak sdm unggul baik kalang asn maupun ajar masa depan gresik lebih baik
2080953337722343599,bkpsdmgresikkab,"2️⃣ Peningkatan Mutu Pendidikan: Keberadaan Pengembang Teknologi Pembelajaran (PTP) juga diarahkan untuk mentransformasi metode pembelajaran di sekolah-sekolah, menjadikannya lebih inovatif dan relevan bagi siswa di era saat ini.",2 peningkatan mutu pendidikan keberadaan pengembang teknologi pembelajaran ptp juga diarahkan untuk mentransformasi metode pembelajaran di sekolahsekolah menjadikannya lebih inovatif dan relevan bagi siswa di era saat ini,positif,0.522,pendidikan,0.0,,,2026-07-25,Kabupaten Gresik,2 tingkat mutu didik ada kembang teknologi ajar ptp arah transformasi metode ajar sekolahsekolah jadi lebih inovatif relevan siswa era
2080953334736068971,bkpsdmgresikkab,"1️⃣ Menunjang Pelatihan ASN: Memetakan kebutuhan SDM kompeten untuk membangun sistem pelatihan internal yang lebih modern, efektif, dan berbasis digital bagi Aparatur Sipil Negara di lingkungan Pemkab Gresik.",1 menunjang pelatihan asn memetakan kebutuhan sdm kompeten untuk membangun sistem pelatihan internal yang lebih modern efektif dan berbasis digital bagi aparatur sipil negara di lingkungan pemkab gresik,netral,0.991,pemerintahan,0.0,,,2026-07-25,Kabupaten Gresik,1 tunjang latih asn meta butuh sdm kompeten bangun sistem latih internal lebih modern efektif bas digital aparatur sipil negara lingkung pemkab gresik
2080953330076193098,bkpsdmgresikkab,"Kolaborasi antara BKPSDM dan Dinas Pendidikan Kabupaten Gresik ini berfokus pada dua agenda strategis melalui kegiatan ""Verifikasi Usul Kebutuhan Jabatan Fungsional Pengembang Teknologi Pembelajaran (PTP)"".
Fokus utamanya adalah: https://t.co/6kc61g04Pr",kolaborasi antara bkpsdm dan dinas pendidikan kabupaten gresik ini berfokus pada dua agenda strategis melalui kegiatan verifikasi usul kebutuhan jabatan fungsional pengembang teknologi pembelajaran ptp fokus utamanya adalah,netral,0.995,pemerintahan,0.0,,,2026-07-25,Kabupaten Gresik,kolaborasi bkpsdm dinas didik kabupaten gresik fokus agenda strategis lalu giat verifikasi usul butuh jabat fungsional kembang teknologi ajar ptp fokus utama
2080854051609256157,HumasGresik,"Kanit Kamsel Satlantas Polres Gresik bersama Dishub Kabupaten Gresik dan instansi terkait menghadiri Sidang Andalalin pembangunan PT. Indraco Global Indonesia dan Supermarket Palapa.

#SatlantasPolresGresik #PolriUntukMasyarakat https://t.co/tRqc0s2jLm",kanit kamsel satlantas polres gresik bersama dishub kabupaten gresik dan instansi terkait menghadiri sidang andalalin pembangunan pt indraco global indonesia dan supermarket palapa satlantaspolresgresik polriuntukmasyarakat,netral,0.998,umum,0.0,,,2026-07-25,Kabupaten Gresik,kanit kamsel satlantas polres gresik sama dishub kabupaten gresik instansi kait hadir sidang andalalin bangun pt indraco global indonesia supermarket palapa satlantaspolresgresik polriuntukmasyarakat
2080594360182472934,lantasresgresik,Kanit Kamsel Satlantas Polres Gresik bersama Dishub Kabupaten Gresik dan instansi terkait menghadiri Sidang Andalalin pembangunan PT. Indraco Global Indonesia dan Supermarket Palapa. https://t.co/FYLF9Lyang,kanit kamsel satlantas polres gresik bersama dishub kabupaten gresik dan instansi terkait menghadiri sidang andalalin pembangunan pt indraco global indonesia dan supermarket palapa,netral,0.998,umum,0.0,,,2026-07-24,Kabupaten Gresik,kanit kamsel satlantas polres gresik sama dishub kabupaten gresik instansi kait hadir sidang andalalin bangun pt indraco global indonesia supermarket palapa
2080492337957073194,HumasGresik,"Melalui ajang silaturahmi ini, Polres Gresik menegaskan komitmen untuk terus memperkuat komunikasi dua arah dan menjadikan media sebagai mitra strategis demi mewujudkan kondusivitas serta keamanan di Kabupaten Gresik.",melalui ajang silaturahmi ini polres gresik menegaskan komitmen untuk terus memperkuat komunikasi dua arah dan menjadikan media sebagai mitra strategis demi mewujudkan kondusivitas serta keamanan di kabupaten gresik,netral,0.897,umum,0.0,,,2026-07-24,Kabupaten Gresik,lalu ajang silaturahmi polres gresik tegas komitmen terus kuat komunikasi arah jadi media mitra strategis wujud kondusivitas aman kabupaten gresik
2080268232544698536,lantasresgresik,"Kanit Kamsel bersama Anggota Satlantas Polres Gresik, Dishub Kabupaten Gresik, dan instansi terkait melaksanakan Survei Lapangan Andalalin terhadap pembangunan PT. Indraco Global Indonesia di Kecamatan Driyorejo serta pembangunan minimarket/supermarket di Kecamatan Menganti. https://t.co/SGH20eU9Mc",kanit kamsel bersama anggota satlantas polres gresik dishub kabupaten gresik dan instansi terkait melaksanakan survei lapangan andalalin terhadap pembangunan pt indraco global indonesia di kecamatan driyorejo serta pembangunan minimarketsupermarket di kecamatan menganti,netral,0.997,umum,0.0,,,2026-07-23,Kabupaten Gresik,kanit kamsel sama anggota satlantas polres gresik dishub kabupaten gresik instansi kait laksana survei lapang andalalin bangun pt indraco global indonesia camat driyorejo bangun minimarketsupermarket camat anti
2080267925840429368,lantasresgresik,Satlantas Polres Gresik menghadiri Rapat Koordinasi dan Evaluasi terkait pembahasan jam larangan operasional angkutan barang di kawasan tertib lalu lintas Kabupaten Gresik. https://t.co/FkZO9KBWwT,satlantas polres gresik menghadiri rapat koordinasi dan evaluasi terkait pembahasan jam larangan operasional angkutan barang di kawasan tertib lalu lintas kabupaten gresik,netral,0.998,pemerintahan,1.0,,,2026-07-23,Kabupaten Gresik,satlantas polres gresik hadir rapat koordinasi evaluasi kait bahas jam larang operasional angkut barang kawasan tertib lalu lintas kabupaten gresik
2080171416717050321,Dobel_Step,"Dijaga kebersihannya ya adik², daripada rusak🤭
Desa Badegan, Kecamatan Margorejo, Kabupaten Gresik. https://t.co/e39yJjw1nJ",dijaga kebersihannya ya adik² daripada rusak desa badegan kecamatan margorejo kabupaten gresik,netral,0.958,umum,34.0,,,2026-07-23,Kabupaten Gresik,jaga bersih adik rusak desa badegan camat margorejo kabupaten gresik
2080120756596551936,adhie_hazard,"Stadion Gelora Joko Samudro 
📍Kabupaten Gresik https://t.co/OeF2h0NdMj",stadion gelora joko samudro kabupaten gresik,netral,0.996,olahraga,0.0,,,2026-07-23,Kabupaten Gresik,stadion gelora joko samudro kabupaten gresik
2079987512626573366,MUI_Gresik,"Dewan Pimpinan MUI Kabupaten Gresik Mengucapkan Selamat Hari Bhakti Adhyaksa Ke-66 Tahun 
22 Juli 1960-2026 https://t.co/HB9WcuMKo4",dewan pimpinan mui kabupaten gresik mengucapkan selamat hari bhakti adhyaksa ke66 tahun 22 juli 19602026,netral,0.996,umum,0.0,,,2026-07-22,Kabupaten Gresik,dewan pimpin mui kabupaten gresik ucap selamat hari bhakti adhyaksa ke66 tahun 22 juli 19602026
2079953760529629268,hazanafa,"📿 Dzikir Istighotsah KH Hasyim Asy'ari 📚 Ngaji Kitab Lubabul Hadits

📅 Kamis, 23 Juli 2026
⏰ Ba'da Isyak
📍 Aula Sarinyala (Gang Rolas, Indro, Kebomas, Gresik)

🎙️  Al-Faqir Ahmad Zaini Alawi  Khodim Jama'ah Sarinyala Kabupaten Gresik 
📱 Live Facebook: Zaini Alawi https://t.co/JDdawIt2PA",dzikir istighotsah kh hasyim asyari ngaji kitab lubabul hadits kamis 23 juli 2026 bada isyak aula sarinyala gang rolas indro kebomas gresik alfaqir ahmad zaini alawi khodim jamaah sarinyala kabupaten gresik live facebook zaini alawi,netral,0.995,umum,1.0,,,2026-07-22,Kabupaten Gresik,dzikir istighotsah kh hasyim asyari ngaji kitab lubabul hadits kamis 23 juli 2026 bada isyak aula sarinyala gang rolas indro kebomas gresik alfaqir ahmad zaini alawi khodim jamaah sarinyala kabupaten gresik live facebook zaini alawi
2079859069892845962,lantasresgresik,Kanit Kamsel Satlantas Polres Gresik bersama Jasa Raharja Kabupaten Gresik dan RS Petrokimia Gresik melaksanakan Sosialisasi Keselamatan Berlalu Lintas kepada siswa-siswi SMK PGRI 1 Gresik. https://t.co/Fx5baPxhKk,kanit kamsel satlantas polres gresik bersama jasa raharja kabupaten gresik dan rs petrokimia gresik melaksanakan sosialisasi keselamatan berlalu lintas kepada siswasiswi smk pgri 1 gresik,netral,0.997,industri,0.0,,,2026-07-22,Kabupaten Gresik,kanit kamsel satlantas polres gresik sama jasa raharja kabupaten gresik rs petrokimia gresik laksana sosialisasi selamat lalu lintas siswasiswi smk pgri 1 gresik
2079824938089972064,bkpsdmgresikkab,"Melalui mekanisme yang terstruktur, proses perpanjangan kontrak diharapkan berjalan secara objektif, transparan, dan akuntabel.

Simak informasi selengkapnya pada postingan ini. 👉

#BKPSDMGresik #PPPK #ASNBerAKHLAK #ManajemenASN #KabupatenGresik",melalui mekanisme yang terstruktur proses perpanjangan kontrak diharapkan berjalan secara objektif transparan dan akuntabel simak informasi selengkapnya pada postingan ini bkpsdmgresik pppk asnberakhlak manajemenasn kabupatengresik,netral,0.994,infrastruktur,0.0,,,2026-07-22,Kabupaten Gresik,lalu mekanisme struktur proses panjang kontrak harap jalan objektif transparan akuntabel simak informasi lengkap postingan bkpsdmgresik pppk asnberakhlak manajemenasn kabupatengresik
2079824933694349802,bkpsdmgresikkab,"Sudah tahu bagaimana alur perpanjangan kontrak PPPK? 🤔

Sesuai PP Nomor 49 Tahun 2018, masa hubungan perjanjian kerja PPPK paling singkat 1 (satu) tahun dan dapat diperpanjang sesuai kebutuhan serta berdasarkan penilaian kinerja. https://t.co/8dkKFrGgvC",sudah tahu bagaimana alur perpanjangan kontrak pppk sesuai pp nomor 49 tahun 2018 masa hubungan perjanjian kerja pppk paling singkat 1 satu tahun dan dapat diperpanjang sesuai kebutuhan serta berdasarkan penilaian kinerja,netral,0.979,umum,0.0,,,2026-07-22,Kabupaten Gresik,tahu bagaimana alur panjang kontrak pppk sesuai pp nomor 49 tahun 2018 masa hubung janji kerja pppk paling singkat 1 satu tahun panjang sesuai butuh dasar nilai kerja
2079760666609746003,HumasGresik,"Kapolres Gresik bersama jajaran Forkopimda mendampingi Bupati Gresik dalam meresmikan Gedung Sentra Industri Kecil Menengah (IKM) Logam Kabupaten Gresik di Desa Hulaan, 
​#PolresGresik #ForkopimdaGresik #GresikBisa #IKMLogamGresik https://t.co/clc56vS5Zf",kapolres gresik bersama jajaran forkopimda mendampingi bupati gresik dalam meresmikan gedung sentra industri kecil menengah ikm logam kabupaten gresik di desa hulaan polresgresik forkopimdagresik gresikbisa ikmlogamgresik,netral,0.996,pemerintahan,0.0,,,2026-07-22,Kabupaten Gresik,kapolres gresik sama jajar forkopimda damping bupati gresik resmi gedung sentra industri kecil tengah ikm logam kabupaten gresik desa hulaan polresgresik forkopimdagresik gresikbisa ikmlogamgresik
2079634005746749860,hazanafa,"SELASA 21.07.26
RUTINAN JAMA'AH SHOLAWAT MUHAMMAD ROHMATAN LIL ALAMIN KABUPATEN GRESIK

YOUTUBE SARINYALA CHANNEL
https://t.co/e1kN2fad2w

FACEBOOK CAK MA'ARIF
https://t.co/Vi6tkAHtBW",selasa 210726 rutinan jamaah sholawat muhammad rohmatan lil alamin kabupaten gresik youtube sarinyala channel facebook cak maarif,netral,0.997,umum,1.0,,,2026-07-21,Kabupaten Gresik,selasa 210726 rutin jamaah sholawat muhammad rohmat lil alamin kabupaten gresik youtube sarinyala channel facebook cak maarif
2079629723915919696,hazanafa,"SELASA 21.07.26
RUTINAN JAMA'AH SHOLAWAT MUHAMMAD ROHMATAN LIL ALAMIN KABUPATEN GRESIK

YOUTUBE SARINYALA CHANNEL
https://t.co/sm3q7v3Pjs

FACEBOOK ZAINI ALAWI
https://t.co/zozqtSYFWu",selasa 210726 rutinan jamaah sholawat muhammad rohmatan lil alamin kabupaten gresik youtube sarinyala channel facebook zaini alawi,netral,0.997,umum,1.0,,,2026-07-21,Kabupaten Gresik,selasa 210726 rutin jamaah sholawat muhammad rohmat lil alamin kabupaten gresik youtube sarinyala channel facebook zaini alawi
2079603854862430483,hazanafa,"📢 MONGGO HADIR
NGAJI RUTIN KITAB BULUGHUL MARAM MIN ADILLATIL AHKAM

🗓 Rabu, 22 Juli 2026
🕋 Ba'da Isyak
📍 MUSHOLLA NURUL HUDA RT 6 RW 2 Indro, Kebomas, Gresik

Pemateri :
Al-Faqir Ahmad Zaini Alawi
Khodim Jama'ah Sarinyala Kabupaten Gresik 

📱 Live Facebook: ZAINI ALAWI https://t.co/9h6ZkruEVm",monggo hadir ngaji rutin kitab bulughul maram min adillatil ahkam rabu 22 juli 2026 bada isyak musholla nurul huda rt 6 rw 2 indro kebomas gresik pemateri alfaqir ahmad zaini alawi khodim jamaah sarinyala kabupaten gresik live facebook zaini alawi,netral,0.993,umum,1.0,,,2026-07-21,Kabupaten Gresik,monggo hadir ngaji rutin kitab bulughul maram min adillatil ahkam rabu 22 juli 2026 bada isyak musholla nurul huda rt 6 rw 2 indro kebomas gresik materi alfaqir ahmad zaini alawi khodim jamaah sarinyala kabupaten gresik live facebook zaini alawi
2079567182741291388,lantasresgresik,"Ketua Tim Asistensi Pengawasan Ditlantas Polda Jatim bersama Satlantas Polres Gresik, Dishub Kabupaten Gresik, tenaga ahli konsultan, dan pihak PT. Surindo Teguh Gemilang melaksanakan Monitoring dan Evaluasi (Monev) Andalalin. https://t.co/fdaQn56LSY",ketua tim asistensi pengawasan ditlantas polda jatim bersama satlantas polres gresik dishub kabupaten gresik tenaga ahli konsultan dan pihak pt surindo teguh gemilang melaksanakan monitoring dan evaluasi monev andalalin,netral,0.998,umum,0.0,,,2026-07-21,Kabupaten Gresik,ketua tim asistensi awas ditlantas polda jatim sama satlantas polres gresik dishub kabupaten gresik tenaga ahli konsultan pihak pt surindo teguh gemilang laksana monitoring evaluasi monev andalalin
2079565901742104820,lantasresgresik,"Ketua Tim Asistensi Pengawasan Ditlantas Polda Jatim bersama Satlantas Polres Gresik, Dishub Kabupaten Gresik, tenaga ahli konsultan, dan pihak PT. Surindo Teguh Gemilang melaksanakan Monitoring dan Evaluasi (Monev) Andalalin. https://t.co/LxeKyMstfx",ketua tim asistensi pengawasan ditlantas polda jatim bersama satlantas polres gresik dishub kabupaten gresik tenaga ahli konsultan dan pihak pt surindo teguh gemilang melaksanakan monitoring dan evaluasi monev andalalin,netral,0.998,umum,0.0,,,2026-07-21,Kabupaten Gresik,ketua tim asistensi awas ditlantas polda jatim sama satlantas polres gresik dishub kabupaten gresik tenaga ahli konsultan pihak pt surindo teguh gemilang laksana monitoring evaluasi monev andalalin
2079435073057923398,puprjatimbali,"#SobatBinaMarga, BBPJN Jatim–Bali melalui PPK 4.3 Provinsi Jawa Timur menginformasikan bahwa mulai 22 Juli 2026 akan dilaksanakan pekerjaan rekonstruksi perkerasan kaku (Rigid Pavement/Betonisasi) pada ruas Exit Tol Manyar, Kabupaten Gresik. https://t.co/ydSyTPROqz",sobatbinamarga bbpjn jatimbali melalui ppk 43 provinsi jawa timur menginformasikan bahwa mulai 22 juli 2026 akan dilaksanakan pekerjaan rekonstruksi perkerasan kaku rigid pavementbetonisasi pada ruas exit tol manyar kabupaten gresik,netral,0.997,infrastruktur,0.0,,,2026-07-21,Kabupaten Gresik,sobatbinamarga bbpjn jatimbali lalu ppk 43 provinsi jawa timur informasi mulai 22 juli 2026 laksana kerja rekonstruksi keras kaku rigid pavementbetonisasi ruas exit tol manyar kabupaten gresik
2081667268946366481,fmsuaragresik,"Hari Anak Nasional 2026, Pemkab Gresik Tegaskan Perlindungan Anak Adalah Investasi Masa Depan
 || Berita selengkapnya di website https://t.co/lTM94tH3hO https://t.co/R3FPrdOQXg",hari anak nasional 2026 pemkab gresik tegaskan perlindungan anak adalah investasi masa depan berita selengkapnya di website,netral,0.995,pemerintahan,0.0,,,2026-07-27,Pemkab Gresik,hari anak nasional 2026 pemkab gresik tegas lindung anak investasi masa depan berita lengkap website
2080117653549765055,Jurnas_net,"Pemkab Gresik Percepat Program RTLH, Wabup Alif Serahkan Bantuan Perbaikan Rumah untuk Warga Miskin https://t.co/7xGFwHaY8m",pemkab gresik percepat program rtlh wabup alif serahkan bantuan perbaikan rumah untuk warga miskin,netral,0.997,pemerintahan,0.0,,,2026-07-23,Pemkab Gresik,pemkab gresik cepat program rtlh wabup alif serah bantu baik rumah warga miskin
2080101553802015034,jawapos,"Saling Tuding Kasus SK ASN Pemkab Gresik Palsu, Saksi Sebut Peran Dominan Tersangka Agus Priyono
https://t.co/A3yejScfJY",saling tuding kasus sk asn pemkab gresik palsu saksi sebut peran dominan tersangka agus priyono,netral,0.995,pemerintahan,0.0,,,2026-07-23,Pemkab Gresik,saling tuding kasus sk asn pemkab gresik palsu saksi sebut peran dominan sangka agus priyono
2079946456564375732,radarbangsa_com,"Pemkab Gresik Bantu Warga Miliki Hunian Layak Lewat Program RTLH
https://t.co/zCUH7zXp1y",pemkab gresik bantu warga miliki hunian layak lewat program rtlh,netral,0.997,pemerintahan,0.0,,,2026-07-22,Pemkab Gresik,pemkab gresik bantu warga milik huni layak lewat program rtlh
2079892738926150002,mcinewsid,Pemkab Gresik Salurkan Bantuan RTLH untuk Tingkatkan Hunian Warga Miskin https://t.co/VtdTBYyVVW https://t.co/oDyPVqkR9g,pemkab gresik salurkan bantuan rtlh untuk tingkatkan hunian warga miskin,netral,0.997,pemerintahan,0.0,,,2026-07-22,Pemkab Gresik,pemkab gresik salur bantu rtlh tingkat huni warga miskin
2081552560629129667,credOLIN,"@tamasyax Gresik Kota Baru, Kak bukan batu.",gresik kota baru kak bukan batu,positif,0.455,umum,1.0,,,2026-07-27,Gresik Kota,gresik kota baru kak bukan batu
2077931005919596937,credOLIN,"Today I ran 5K.
Walked 1K.
7347 steps.
06.57 - 07.58 WIB

📍SOR (Sarana Olahraga) Petrokimia Gresik

💚💙✨

#RandomVisual https://t.co/VJNZ5mnrBc",today i ran 5k walked 1k 7347 steps 0657 0758 wib sor sarana olahraga petrokimia gresik randomvisual,netral,0.997,industri,38.0,,,2026-07-17,Gresik Kota,today i ran 5k walked 1k 7347 steps 0657 0758 wib sor sarana olahraga petrokimia gresik randomvisual
2081376145887416564,yunesafess,"rek! Buat kalian mahasiswa UNESA 2024 dan 2025  yang asal Gresik, tak kasih rekomendasi organisasi mahasiswa daerah yang seruuuu (bisa ketemu temen se Gresik kota/selatan/utara) lohhh 🤩🥳 https://t.co/1BSaeZW45F",rek buat kalian mahasiswa unesa 2024 dan 2025 yang asal gresik tak kasih rekomendasi organisasi mahasiswa daerah yang seruuuu bisa ketemu temen se gresik kotaselatanutara lohhh,positif,0.909,umum,1.0,,,2026-07-26,Gresik Kota,rek buat kalian mahasiswa unesa 2024 2025 asal gresik tak kasih rekomendasi organisasi mahasiswa daerah seruuuu ketemu temen se gresik kotaselatanutara lohhh
2080509983515709835,stlobelixuxi,ke Kopken Benowo apa yang di Gresik kota ya enaknya.. jaraknya sama sih wkwk,ke kopken benowo apa yang di gresik kota ya enaknya jaraknya sama sih wkwk,positif,0.987,umum,0.0,,,2026-07-24,Gresik Kota,kopken benowo apa gresik kota enak jarak sama sih wkwk
2080468273335091487,chanjunn23,@laila_ls01 di kopken gresik kota baru kaa,di kopken gresik kota baru kaa,netral,0.981,umum,0.0,,,2026-07-24,Gresik Kota,kopken gresik kota baru kaa
2079762424522281382,kidzzznj2,@ChilikKhus56451 gresik kota nih,gresik kota nih,positif,0.613,umum,0.0,,,2026-07-22,Gresik Kota,gresik kota nih
2081687091310940492,edysavs,@ainunnajib balongpanggang gresik jawa timur,balongpanggang gresik jawa timur,netral,0.995,umum,0.0,,,2026-07-27,Gresik Jawa Timur,balongpanggang gresik jawa timur
2081650858488693027,not_ur_baginda,"🇰🇷 Open mediheal 

Rate 13

‼️tidak termasuk tax

📍 gresik, jawa timur

Grup wa :
https://t.co/5rxiGRsBZe https://t.co/txlUP1YkcI",open mediheal rate 13 tidak termasuk tax gresik jawa timur grup wa,netral,0.997,umum,0.0,,,2026-07-27,Gresik Jawa Timur,open mediheal rate 13 masuk tax gresik jawa timur grup wa
2081606765419127150,lipslea,"WTS
LRP LA ROCHE POSAY STARTER KIT

💸 22.000 

isinya :
- 1pcs Cicaplast baume 1.5ml
- 1pcs Hyalu serum 1.5ml

ORIGINAL
📍Gresik, Jawa Timur https://t.co/YjJV52Swfy",wts lrp la roche posay starter kit 22000 isinya 1pcs cicaplast baume 15ml 1pcs hyalu serum 15ml original gresik jawa timur,netral,0.994,umum,0.0,,,2026-07-27,Gresik Jawa Timur,wts lrp la roche posay starter kit 22000 isi 1pcs cicaplast baume 15ml 1pcs hyalu serum 15ml original gresik jawa timur
2081603298852065488,Scouma_go2,"OPEN PO LUCKYDRAW CORTIS 

🎁 Web Weverse 
💸 Reguler + LD (1 Album + 1 LD) = 310k dp 235k
💸 Reguler + LD (1 Album studio + 1 LD) = 350k dp 235k
💸 Reguler set (3 Album + 5 LD) = 960k dp 710k 
💸 Weverse + LD ( 1 Album + 1 LD) = 170k dp 145k 
💸 Weverse set (4 Album  + 5 LD) = 650k dp 585k

🎁 Web Mukor
💸 Reguler + LD (1 Album + 1 LD) = 310k dp 235k
💸 Reguler + LD (1 Album studio + 1 LD) = 350k dp 235k
💸 Reguler set (3 Album + 5 LD) = 960k dp 710k 
💸 Weverse + LD ( 1 Album + 1 LD) = 175k dp 150k
💸 Weverse set (4 Album  + 5 LD) = 660k dp 600k

🎁 Web Everline
💸 Reguler + LD (1 Album + 1 LD) = 285k dp 205k
💸 Reguler + LD (1 Album studio + 1 LD) = 320k dp 205k
💸 Reguler set (3 Album + 5 LD) = 870k dp 620k
💸 Weverse + LD ( 1 Album + 1 LD) = 155k dp 130k
💸 Weverse set (4 Album  + 5 LD) = 590k dp 525k

🎁 Web Soundwave
💸 Reguler + LD (1 Album + 1 LD) = 310k dp 230k
💸 Reguler + LD (1 Album studio + 1 LD) = 350k dp 230k
💸 Reguler set (3 Album + 5 LD) = 950k dp 690k
💸 Weverse + LD ( 1 Album + 1 LD) = 165k dp 140k
💸 Weverse set (4 Album  + 5 LD) = 620k dp 555k

✅ Est bersih ina 
✅ GO Line & WA
❌ Packing & admin🍊
💳 BCA, Spay, Seabank, Qriss

🚛 Gresik, Jawa Timur
⚖️ Harga est jika berat & rate turun harga turun begitu sebaliknya

💌 Form order
https://t.co/q4Xm0RYOqX",open po luckydraw cortis web weverse reguler ld 1 album 1 ld 310k dp 235k reguler ld 1 album studio 1 ld 350k dp 235k reguler set 3 album 5 ld 960k dp 710k weverse ld 1 album 1 ld 170k dp 145k weverse set 4 album 5 ld 650k dp 585k web mukor reguler ld 1 album 1 ld 310k dp 235k reguler ld 1 album studio 1 ld 350k dp 235k reguler set 3 album 5 ld 960k dp 710k weverse ld 1 album 1 ld 175k dp 150k weverse set 4 album 5 ld 660k dp 600k web everline reguler ld 1 album 1 ld 285k dp 205k reguler ld 1 album studio 1 ld 320k dp 205k reguler set 3 album 5 ld 870k dp 620k weverse ld 1 album 1 ld 155k dp 130k weverse set 4 album 5 ld 590k dp 525k web soundwave reguler ld 1 album 1 ld 310k dp 230k reguler ld 1 album studio 1 ld 350k dp 230k reguler set 3 album 5 ld 950k dp 690k weverse ld 1 album 1 ld 165k dp 140k weverse set 4 album 5 ld 620k dp 555k est bersih ina go line wa packing admin bca spay seabank qriss gresik jawa timur harga est jika berat rate turun harga turun begitu sebaliknya form order,netral,0.869,ekonomi,0.0,,,2026-07-27,Gresik Jawa Timur,open po luckydraw cortis web weverse reguler ld 1 album 1 ld 310k dp 235k reguler ld 1 album studio 1 ld 350k dp 235k reguler set 3 album 5 ld 960k dp 710k weverse ld 1 album 1 ld 170k dp 145k weverse set 4 album 5 ld 650k dp 585k web mukor reguler ld 1 album 1 ld 310k dp 235k reguler ld 1 album studio 1 ld 350k dp 235k reguler set 3 album 5 ld 960k dp 710k weverse ld 1 album 1 ld 175k dp 150k weverse set 4 album 5 ld 660k dp 600k web everline reguler ld 1 album 1 ld 285k dp 205k reguler ld 1 album studio 1 ld 320k dp 205k reguler set 3 album 5 ld 870k dp 620k weverse ld 1 album 1 ld 155k dp 130k weverse set 4 album 5 ld 590k dp 525k web soundwave reguler ld 1 album 1 ld 310k dp 230k reguler ld 1 album studio 1 ld 350k dp 230k reguler set 3 album 5 ld 950k dp 690k weverse ld 1 album 1 ld 165k dp 140k weverse set 4 album 5 ld 620k dp 555k est bersih ina go line wa packing admin bca spay seabank qriss gresik jawa timur harga est berat rate turun harga turun balik form order
2081420290123596100,Alvianoaakh,"#wts wts https://t.co/nSbymviYlf take it off ( aou set, joong set ) first sigh lykn ( william set, tui set, lego set ), sisanya bisa check sendiri ya 😁 jual murah aja karena mau ngurangin barang 

📢 check vidcon by dm
✅️ freebies 
❌ packing + adm shopee
🏡 Gresik, Jawa Timur https://t.co/XgKplaH4LA",wts wts take it off aou set joong set first sigh lykn william set tui set lego set sisanya bisa check sendiri ya jual murah aja karena mau ngurangin barang check vidcon by dm freebies packing adm shopee gresik jawa timur,netral,0.904,bencana,1.0,,,2026-07-26,Gresik Jawa Timur,wts wts take it off aou set joong set first sigh lykn william set tui set lego set sisa check sendiri jual murah mau ngurangin barang check vidcon by dm freebies packing adm shopee gresik jawa timur
2081347872692584581,Scouma_go2,"OPEN PO LUCKYDRAW CORTIS 

🎁 Web Weverse / Everline / Mukor / Soundwave
💸 Reguler + LD (1 Album + 1 LD) = 330k dp 245k
💸 Reguler set (3 Album + 5 LD) = 990k dp 735k
💸 Weverse + LD ( 1 Album + 1 LD) = 178k dp 150k
💸 Weverse set (4 Album  + 5 LD) = 700k dp 650k 
💸 Weverse set (5 Album + 5 LD) = 830k dp 770k 

📌 SHARING ALBUM ONLY & POB ONLY 
💸 Reguler set (3 Album) = 590k dp 450k ✅✅
💸 Weverse set (4 Album) = 300k dp 230k ✅✅
💸 LD only set (OT5) = 400k dp 350k❌❌
=> Sharing harus full, ga full cancel 

✅ Est bersih ina 
✅ GO Line & WA
❌ Packing & admin🍊
💳 BCA, Spay, Seabank, Qriss

🚛 Gresik, Jawa Timur
⚖️ Harga est jika berat & rate turun harga turun begitu sebaliknya

💌 Form order
https://t.co/q4Xm0RYOqX",open po luckydraw cortis web weverse everline mukor soundwave reguler ld 1 album 1 ld 330k dp 245k reguler set 3 album 5 ld 990k dp 735k weverse ld 1 album 1 ld 178k dp 150k weverse set 4 album 5 ld 700k dp 650k weverse set 5 album 5 ld 830k dp 770k sharing album only pob only reguler set 3 album 590k dp 450k weverse set 4 album 300k dp 230k ld only set ot5 400k dp 350k sharing harus full ga full cancel est bersih ina go line wa packing admin bca spay seabank qriss gresik jawa timur harga est jika berat rate turun harga turun begitu sebaliknya form order,netral,0.801,ekonomi,0.0,,,2026-07-26,Gresik Jawa Timur,open po luckydraw cortis web weverse everline mukor soundwave reguler ld 1 album 1 ld 330k dp 245k reguler set 3 album 5 ld 990k dp 735k weverse ld 1 album 1 ld 178k dp 150k weverse set 4 album 5 ld 700k dp 650k weverse set 5 album 5 ld 830k dp 770k sharing album only pob only reguler set 3 album 590k dp 450k weverse set 4 album 300k dp 230k ld only set ot5 400k dp 350k sharing full full cancel est bersih ina go line wa packing admin bca spay seabank qriss gresik jawa timur harga est berat rate turun harga turun balik form order
2081000654831796611,GO_Shoppirang,"WTS WANT TO SELL LIGHSTICK BTS READY STOCK SEALED SIAP KIRIM
LS BTS VER.4 

💸 1.150.000
Pengiriman Gresik, Jawa Timur.
Shopee Free Ongkir
Tokopedia Free ongkir
Harga exc Packing &amp; Adm Shopee
No adm? split pay

co hari ini siap kirim besoknya! https://t.co/X6B7Nqbmtc",wts want to sell lighstick bts ready stock sealed siap kirim ls bts ver4 1150000 pengiriman gresik jawa timur shopee free ongkir tokopedia free ongkir harga exc packing amp adm shopee no adm split pay co hari ini siap kirim besoknya,netral,0.989,ekonomi,0.0,,,2026-07-25,Gresik Jawa Timur,wts want to sell lighstick bts ready stock sealed siap kirim ls bts ver4 1150000 kirim gresik jawa timur shopee free ongkir tokopedia free ongkir harga exc packing amp adm shopee no adm split pay co hari siap kirim besok
2080677015867335014,DoliFadoli87772,@tante_ola Gresik Jawa Timur,gresik jawa timur,netral,0.982,umum,0.0,,,2026-07-24,Gresik Jawa Timur,gresik jawa timur
2080528340226801780,not_ur_baginda,"🇰🇷 Open po cavish summer sale

Price start 9900₩
📍 Gresik, Jawa Timur
Est.ina Agustus

Grup wa :
https://t.co/5rxiGRsBZe https://t.co/OAX2hkOi70",open po cavish summer sale price start 9900 gresik jawa timur estina agustus grup wa,netral,0.994,umum,0.0,,,2026-07-24,Gresik Jawa Timur,open po cavish summer sale price start 9900 gresik jawa timur estina agustus grup wa
2080477215238815772,not_ur_baginda,"🇰🇷 Open po isntree toner

(300+200+pump)
💸211.200

‼️tidak termasuk tax

📍 gresik, jawa timur

Grup wa 
https://t.co/5rxiGRsBZe https://t.co/iIbEtCBPV7",open po isntree toner 300200pump 211200 tidak termasuk tax gresik jawa timur grup wa,netral,0.997,umum,0.0,,,2026-07-24,Gresik Jawa Timur,open po isntree toner 300200pump 211200 masuk tax gresik jawa timur grup wa
2080411574972621255,GO_Shoppirang,"Want to Sell Album Only BTS TXT ENHYPEN FREE PC OFFICIAL!!
Hai semua, karena aku mau stop collect jadi aku mau jual koleksi album aku yaa. harganya range 50.000-85.000 aja bisa cod lewat oyenn free ongkir, pengiriman dari gresik jawa timur.
#wts #albumkpop #bts #enhypen #txt https://t.co/GEU9kSadR1",want to sell album only bts txt enhypen free pc official hai semua karena aku mau stop collect jadi aku mau jual koleksi album aku yaa harganya range 5000085000 aja bisa cod lewat oyenn free ongkir pengiriman dari gresik jawa timur wts albumkpop bts enhypen txt,netral,0.973,ekonomi,0.0,,,2026-07-23,Gresik Jawa Timur,want to sell album only bts txt enhypen free pc official hai semua aku mau stop collect jadi aku mau jual koleksi album aku yaa harga range 5000085000 cod lewat oyenn free ongkir kirim gresik jawa timur wts albumkpop bts enhypen txt
2080119174060515627,kumparan,"BNN Republik Indonesia melakukan pemusnahan barang bukti obat terlarang yang merupakan hasil pengungkapan tiga kasus di wilayah Bali, Gresik Jawa Timur, dan DKI Jakarta. Pemusnahan akan dilakukan di Balai Besar Rehabilitasi BNN, Cigombong, Kab. Bogor, Jawa Barat, Kamis (23/7).

Deputi Pemberantasan Narkotika BNN, Irjen Pol Aswin Sipayung menyebut, sesuai ketentuan peraturan perundang-undangan, sebagian barang bukti disisihkan untuk kepentingan pembuktian perkara, pemeriksaan uji laboratorium, dan kepentingan penyidikan, sedangkan sisanya dimusnahkan.

Pemusnahan disaksikan oleh unsur aparat penegak hukum, instansi terkait, serta masyarakat sebagai bentuk keterbukaan dalam penanganan barang bukti narkotika. Total barang bukti yang akan dimusnahkan hari ini mencapai 3,3 ton.

📸: Dok. kumparan/Pradya.

Baca selengkapnya dengan klik link di bio. Cari tahu berita update lainnya dengan download aplikasi kumparan di App Store atau Google Play.⁠

📝: newsupdate | update | news | vidol | R158 | R384 | E053
#bicarafaktalewatberita #kumparan",bnn republik indonesia melakukan pemusnahan barang bukti obat terlarang yang merupakan hasil pengungkapan tiga kasus di wilayah bali gresik jawa timur dan dki jakarta pemusnahan akan dilakukan di balai besar rehabilitasi bnn cigombong kab bogor jawa barat kamis 237 deputi pemberantasan narkotika bnn irjen pol aswin sipayung menyebut sesuai ketentuan peraturan perundangundangan sebagian barang bukti disisihkan untuk kepentingan pembuktian perkara pemeriksaan uji laboratorium dan kepentingan penyidikan sedangkan sisanya dimusnahkan pemusnahan disaksikan oleh unsur aparat penegak hukum instansi terkait serta masyarakat sebagai bentuk keterbukaan dalam penanganan barang bukti narkotika total barang bukti yang akan dimusnahkan hari ini mencapai 33 ton dok kumparanpradya baca selengkapnya dengan klik link di bio cari tahu berita update lainnya dengan download aplikasi kumparan di app store atau google play newsupdate update news vidol r158 r384 e053 bicarafaktalewatberita kumparan,netral,0.824,umum,5.0,,,2026-07-23,Gresik Jawa Timur,bnn republik indonesia laku musnah barang bukti obat larang rupa hasil ungkap tiga kasus wilayah bal gresik jawa timur dki jakarta musnah laku balai besar rehabilitasi bnn cigombong kab bogor jawa barat kamis 237 deputi berantas narkotika bnn irjen pol aswin sipayung sebut sesuai tentu atur perundangundangan bagi barang bukti sisih penting bukti perkara periksa uji laboratorium penting sidi sisa musnah musnah saksi unsur aparat tegak hukum instansi kait masyarakat bentuk buka tangan barang bukti narkotika total barang bukti musnah hari capai 33 ton dok kumparanpradya baca lengkap klik link bio cari tahu berita update lain download aplikasi kumpar app store google play newsupdate update news vidol r158 r384 e053 bicarafaktalewatberita kumpar
2080089818089070786,RickySatya7,"Kalau lu pernah denger kata Smelter Freeport di berita tapi masih bingung itu barang apaan, simpelnya gini gais: itu adalah fasilitas pemurnian hasil tambang raksasa yang lokasinya ada di Gresik, Jawa Timur. Dan nilainya? Investasi puluhan triliun rupiah gais, gede banget! 💰🚀",kalau lu pernah denger kata smelter freeport di berita tapi masih bingung itu barang apaan simpelnya gini gais itu adalah fasilitas pemurnian hasil tambang raksasa yang lokasinya ada di gresik jawa timur dan nilainya investasi puluhan triliun rupiah gais gede banget,positif,0.632,ekonomi,0.0,,,2026-07-23,Gresik Jawa Timur,kalau lu pernah denger kata smelter freeport berita bingung barang apa simpel gin gais fasilitas murni hasil tambang raksasa lokasi gresik jawa timur nilai investasi puluh triliun rupiah gais gede banget
2079947424983076869,badak3399,"Wts

Hotwheels f1 2024
Haas &amp; alpine. Sepaket, dpet 3 sesuai foto.
350k 

Ada yang crack bubble haas driver magnussen ga kefoto cuma 75k saja. 

Lok gresik, jawa timur. 
Direct/cod, mp +15% bisa split. 

#hotwheels #diecast #f1 https://t.co/79eMg8HjsD",wts hotwheels f1 2024 haas amp alpine sepaket dpet 3 sesuai foto 350k ada yang crack bubble haas driver magnussen ga kefoto cuma 75k saja lok gresik jawa timur directcod mp 15 bisa split hotwheels diecast f1,netral,0.984,umum,0.0,,,2026-07-22,Gresik Jawa Timur,wts hotwheels f1 2024 haas amp alpine paket dpet 3 sesuai foto 350k crack bubble haas driver magnussen foto cuma 75k lok gresik jawa timur directcod mp 15 split hotwheels diecast f1
2079584509628961152,hayamarumiraie,"@imurbaedarl Pengiriman dari Gresik, Jawa Timur yaa kak setelah barang sampai di Indonesia~",pengiriman dari gresik jawa timur yaa kak setelah barang sampai di indonesia,netral,0.984,umum,0.0,,,2026-07-21,Gresik Jawa Timur,kirim gresik jawa timur yaa kak barang indonesia
2080835625570418834,kabarbaikdotco,"Sektor pertanian dinilai tak lagi identik dengan pekerjaan konvensional yang mengandalkan tenaga fisik semata. Kemajuan teknologi hingga terbukanya akses pasar membuat bidang ini dinilai semakin menjanjikan, terutama bagi generasi muda.
 https://t.co/diTR4onbS1",sektor pertanian dinilai tak lagi identik dengan pekerjaan konvensional yang mengandalkan tenaga fisik semata kemajuan teknologi hingga terbukanya akses pasar membuat bidang ini dinilai semakin menjanjikan terutama bagi generasi muda,positif,0.732,ekonomi,1.0,,,2026-07-25,Bupati Gresik,sektor tani nilai tak identik kerja konvensional andal tenaga fisik semata maju teknologi hingga buka akses pasar buat bidang nilai makin janji utama generasi muda
2079827266830536719,fmsuaragresik,"Resmi Dibuka, Bupati Gresik Cup 2026 Jadi Panggung Atlet Muda Gresik Menuju Prestasi || Berita selengkapnya di webiste https://t.co/lTM94tH3hO https://t.co/4MnTgG7w8k",resmi dibuka bupati gresik cup 2026 jadi panggung atlet muda gresik menuju prestasi berita selengkapnya di webiste,netral,0.992,pemerintahan,1.0,,,2026-07-22,Bupati Gresik,resmi buka bupati gresik cup 2026 jadi panggung atlet muda gresik tuju prestasi berita lengkap webiste
2079534364891951559,mcinewsid,"Bupati Gresik Cup 2026 Resmi Dibuka, 1.413 Atlet Berebut Prestasi https://t.co/IzEnCnnt5s https://t.co/B4T6oXLpjj",bupati gresik cup 2026 resmi dibuka 1413 atlet berebut prestasi,netral,0.993,pemerintahan,0.0,,,2026-07-21,Bupati Gresik,bupati gresik cup 2026 resmi buka 1413 atlet rebut prestasi
2079423561547309411,kodim0817gresik,"Bupati Gresik Cup 2026 Resmi Digelar, Wadah Pembinaan Atlet Muda Menuju Panggung Nasional https://t.co/rxBIMmcfTu https://t.co/rksiWeENX1",bupati gresik cup 2026 resmi digelar wadah pembinaan atlet muda menuju panggung nasional,netral,0.992,pemerintahan,0.0,,,2026-07-21,Bupati Gresik,bupati gresik cup 2026 resmi gelar wadah bina atlet muda tuju panggung nasional
2081657363258593652,lantasresgresik,"Anggota Satlantas Polres Gresik melaksanakan sosialisasi dan imbauan keselamatan berlalu lintas kepada para juru parkir di seputaran GKB, Gresik. https://t.co/1OzJtZxZXU",anggota satlantas polres gresik melaksanakan sosialisasi dan imbauan keselamatan berlalu lintas kepada para juru parkir di seputaran gkb gresik,netral,0.998,umum,0.0,,,2026-07-27,Polres Gresik,anggota satlantas polres gresik laksana sosialisasi imbau selamat lalu lintas juru parkir putar gkb gresik
2081657139181826413,lantasresgresik,"Pada Sabtu, 25 Juli 2026, Satlantas Polres Gresik menerima permintaan pengawalan ambulans yang membawa pasien dari Pulau Bawean melalui Pelabuhan Paciran menuju RS Ibnu Sina Gresik. https://t.co/IzTxPovghN",pada sabtu 25 juli 2026 satlantas polres gresik menerima permintaan pengawalan ambulans yang membawa pasien dari pulau bawean melalui pelabuhan paciran menuju rs ibnu sina gresik,netral,0.998,infrastruktur,0.0,,,2026-07-27,Polres Gresik,sabtu 25 juli 2026 satlantas polres gresik terima minta awal ambulans bawa pasien pulau bawean lalu labuh paciran tuju rs ibnu sina gresik
2081560688389173531,HumasGresik,"Blind Spot adalah area disekitar kendaraan besar dimana pengemudi ( sopir) tidak dapat melihat kendaraan lain, pejalan kaki atau objek secara langsung maupun melalui kaca spion melalui titik depan, titik belakang, titik kiri, dan titik kanan truk
.
.
.

#polresgresik #poldajatim https://t.co/uI0xPnkRNk",blind spot adalah area disekitar kendaraan besar dimana pengemudi sopir tidak dapat melihat kendaraan lain pejalan kaki atau objek secara langsung maupun melalui kaca spion melalui titik depan titik belakang titik kiri dan titik kanan truk polresgresik poldajatim,netral,0.997,infrastruktur,0.0,,,2026-07-27,Polres Gresik,blind spot area sekitar kendara besar kemudi sopir lihat kendara pejal kaki objek langsung maupun lalu kaca spion lalu titik depan titik belakang titik kiri titik kanan truk polresgresik poldajatim
2081559573555789906,HumasGresik,"Hallo Sobat Polri
Dalam rangka Perbaikan Jalan Bringkang menganti akan ada pengalian arus Lalu Lintas tanggal 25 Juli  - September  2026
.
.
.

#polresgresik #poldajatim #polresgresikkabupaten #infogresik #gresikupdate https://t.co/ZUhHH98apT",hallo sobat polri dalam rangka perbaikan jalan bringkang menganti akan ada pengalian arus lalu lintas tanggal 25 juli september 2026 polresgresik poldajatim polresgresikkabupaten infogresik gresikupdate,netral,0.995,infrastruktur,0.0,,,2026-07-27,Polres Gresik,hallo sobat polri rangka baik jalan bringkang anti ali arus lalu lintas tanggal 25 juli september 2026 polresgresik poldajatim polresgresikkabupaten infogresik gresikupdate
2081558944003293272,HumasGresik,"Hallo rekkk!!!
Jadwal SIM keliling untuk pekan ini ( 27 Juli - 01 Agustus 2026) sudah keluar catat tanggal dan lokasinya, ya!
Jangan sampai kelewatan ya🤭
.
.
.

#polresgresik #poldajatim #polresgresikkabupaten #infogresik #gresikupdate https://t.co/clYVOhq7Uc",hallo rekkk jadwal sim keliling untuk pekan ini 27 juli 01 agustus 2026 sudah keluar catat tanggal dan lokasinya ya jangan sampai kelewatan ya polresgresik poldajatim polresgresikkabupaten infogresik gresikupdate,netral,0.997,umum,0.0,,,2026-07-27,Polres Gresik,hallo rekkk jadwal sim keliling pekan 27 juli 01 agustus 2026 keluar catat tanggal lokasi jangan lewat polresgresik poldajatim polresgresikkabupaten infogresik gresikupdate
2081229821125050749,HumasGresik,"Diikuti oleh 206 peserta dari 4 kategori, ajang ini tidak hanya sekadar kompetisi, tetapi juga sarana mempererat silaturahmi, menumbuhkan sportifitas, serta memperkuat sinergi antara Polri dan masyarakat.
Selamat bertanding kepada seluruh peserta! Junjung tinggi fair play! https://t.co/a4KRps3AdW",diikuti oleh 206 peserta dari 4 kategori ajang ini tidak hanya sekadar kompetisi tetapi juga sarana mempererat silaturahmi menumbuhkan sportifitas serta memperkuat sinergi antara polri dan masyarakat selamat bertanding kepada seluruh peserta junjung tinggi fair play,positif,0.529,umum,0.0,,,2026-07-26,Polres Gresik,ikut 206 serta 4 kategori ajang sekadar kompetisi sarana erat silaturahmi tumbuh sportifitas kuat sinergi polri masyarakat selamat tanding seluruh serta junjung tinggi fair play
2081229683845439586,HumasGresik,"Polres Gresik secara resmi membuka Opening Ceremony Tennis Tournament Point to Point Kapolres Gresik Cup 2026 Season 2 di Lapangan Tenis SOR Tridharma Petrokimia Gresik.
 🏆✨

#PolresGresik #KapolresGresikCup2026 #TennisTournament #PointToPoint https://t.co/RNHPrJo0bG",polres gresik secara resmi membuka opening ceremony tennis tournament point to point kapolres gresik cup 2026 season 2 di lapangan tenis sor tridharma petrokimia gresik polresgresik kapolresgresikcup2026 tennistournament pointtopoint,netral,0.99,industri,0.0,,,2026-07-26,Polres Gresik,polres gresik resmi buka opening ceremony tennis tournament point to point kapolres gresik cup 2026 season 2 lapang tenis sor tridharma petrokimia gresik polresgresik kapolresgresikcup2026 tennistournament pointtopoint
2081229441867677919,HumasGresik,"Tennis Tournament Point to Point Season 2 - Kapolres Gresik Cup 2026 siap menjadi ajang pembuktian semangat juang, sportivitas, dan kebersamaan. Kalah dan menang itu biasa, yang utama adalah mental juara dan mempererat tali silaturahmi! 🤝🏻✨
#KapolresGresikCup2026 #PointToPoint https://t.co/iIQR7Jg1B3",tennis tournament point to point season 2 kapolres gresik cup 2026 siap menjadi ajang pembuktian semangat juang sportivitas dan kebersamaan kalah dan menang itu biasa yang utama adalah mental juara dan mempererat tali silaturahmi kapolresgresikcup2026 pointtopoint,positif,0.557,umum,0.0,,,2026-07-26,Polres Gresik,tennis tournament point to point season 2 kapolres gresik cup 2026 siap jadi ajang bukti semangat juang sportivitas sama kalah menang biasa utama mental juara erat tali silaturahmi kapolresgresikcup2026 pointtopoint
2081224038933008510,HumasGresik,"Ingat, keren itu bukan soal ngebut di jalan, tapi soal bisa pulang ke rumah dengan selamat.",ingat keren itu bukan soal ngebut di jalan tapi soal bisa pulang ke rumah dengan selamat,positif,0.961,infrastruktur,0.0,,,2026-07-26,Polres Gresik,ingat keren bukan soal ngebut jalan soal pulang rumah selamat
2081224014954193126,HumasGresik,"Melalui materi Safety Riding dan Defensive Driving, para pelajar dibekali cara berkendara yang aman, pentingnya menggunakan perlengkapan keselamatan, serta memahami rambu lalu lintas agar dapat menjadi pelopor keselamatan, baik di lingkungan sekolah maupun di masyarakat.",melalui materi safety riding dan defensive driving para pelajar dibekali cara berkendara yang aman pentingnya menggunakan perlengkapan keselamatan serta memahami rambu lalu lintas agar dapat menjadi pelopor keselamatan baik di lingkungan sekolah maupun di masyarakat,netral,0.778,pendidikan,0.0,,,2026-07-26,Polres Gresik,lalu materi safety riding defensive driving ajar bekal cara kendara aman penting guna lengkap selamat paham rambu lalu lintas jadi pelopor selamat baik lingkung sekolah maupun masyarakat
2081223809336811595,HumasGresik,"Anggota Unit Kamsel Satlantas Polres Gresik melaksanakan Sosialisasi Safety Riding kepada siswa-siswi SMK Semen Gresik sebagai upaya meningkatkan kesadaran dan kepatuhan terhadap peraturan lalu lintas.

#SatlantasPolresGresik #PolriUntukMasyarakat #SafetyRiding #DefensiveDrivin https://t.co/1KW4J7Ill4",anggota unit kamsel satlantas polres gresik melaksanakan sosialisasi safety riding kepada siswasiswi smk semen gresik sebagai upaya meningkatkan kesadaran dan kepatuhan terhadap peraturan lalu lintas satlantaspolresgresik polriuntukmasyarakat safetyriding defensivedrivin,netral,0.996,industri,0.0,,,2026-07-26,Polres Gresik,anggota unit kamsel satlantas polres gresik laksana sosialisasi safety riding siswasiswi smk semen gresik upaya tingkat sadar patuh atur lalu lintas satlantaspolresgresik polriuntukmasyarakat safetyriding defensivedrivin
2081222835184324636,HumasGresik,"dan upaya meningkatkan kepatuhan berlalu lintas.

Jangan jadikan jalan pintas sebagai jalan menuju bahaya. Patuhi rambu, gunakan helm, dan utamakan keselamatan dalam setiap perjalanan.",dan upaya meningkatkan kepatuhan berlalu lintas jangan jadikan jalan pintas sebagai jalan menuju bahaya patuhi rambu gunakan helm dan utamakan keselamatan dalam setiap perjalanan,negatif,0.571,infrastruktur,0.0,,,2026-07-26,Polres Gresik,upaya tingkat patuh lalu lintas jangan jadi jalan pintas jalan tuju bahaya patuh rambu guna helm utama selamat jalan
2081222800963195282,HumasGresik,"Pelanggaran ini bukan hanya membahayakan diri sendiri, tetapi juga mengancam keselamatan pengguna jalan dari arah berlawanan. Oleh karena itu, petugas memberikan sanksi Tilang Handheld kepada pengendara yang terbukti melanggar sebagai bentuk penegakan hukum",pelanggaran ini bukan hanya membahayakan diri sendiri tetapi juga mengancam keselamatan pengguna jalan dari arah berlawanan oleh karena itu petugas memberikan sanksi tilang handheld kepada pengendara yang terbukti melanggar sebagai bentuk penegakan hukum,negatif,0.838,infrastruktur,0.0,,,2026-07-26,Polres Gresik,langgar bukan bahaya diri sendiri ancam selamat guna jalan arah lawan tugas beri sanksi tilang handheld kendara bukti langgar bentuk tega hukum
2081222534578721226,HumasGresik,"Patroli HILING kali ini dilaksanakan di Jl. HOS Cokroaminoto, Bandar Grisse. Dalam kegiatan tersebut, Anggota Satlantas Polres Gresik masih menemukan pengendara yang melawan arus dan tidak menggunakan helm.

#SatlantasPolresGresik #PolriUntukMasyarakat #HILING https://t.co/nv621Oacdz",patroli hiling kali ini dilaksanakan di jl hos cokroaminoto bandar grisse dalam kegiatan tersebut anggota satlantas polres gresik masih menemukan pengendara yang melawan arus dan tidak menggunakan helm satlantaspolresgresik polriuntukmasyarakat hiling,netral,0.997,umum,0.0,,,2026-07-26,Polres Gresik,patroli hiling kali laksana jl hos cokroaminoto bandar grisse giat sebut anggota satlantas polres gresik temu kendara lawan arus guna helm satlantaspolresgresik polriuntukmasyarakat hiling
2080967368180928672,lantasresgresik,Anggota Unit Kamsel Satlantas Polres Gresik melaksanakan Sosialisasi Safety Riding kepada siswa-siswi SMK Semen Gresik sebagai upaya meningkatkan kesadaran dan kepatuhan terhadap peraturan lalu lintas. https://t.co/bUiguMluYu,anggota unit kamsel satlantas polres gresik melaksanakan sosialisasi safety riding kepada siswasiswi smk semen gresik sebagai upaya meningkatkan kesadaran dan kepatuhan terhadap peraturan lalu lintas,netral,0.995,industri,0.0,,,2026-07-25,Polres Gresik,anggota unit kamsel satlantas polres gresik laksana sosialisasi safety riding siswasiswi smk semen gresik upaya tingkat sadar patuh atur lalu lintas
2080964335246123517,lantasresgresik,"Patroli HILING kali ini dilaksanakan di Jl. HOS Cokroaminoto, Bandar Grisse. Dalam kegiatan tersebut, Anggota Satlantas Polres Gresik masih menemukan pengendara yang melawan arus dan tidak menggunakan helm. https://t.co/AxgQjcBSIo",patroli hiling kali ini dilaksanakan di jl hos cokroaminoto bandar grisse dalam kegiatan tersebut anggota satlantas polres gresik masih menemukan pengendara yang melawan arus dan tidak menggunakan helm,netral,0.998,umum,0.0,,,2026-07-25,Polres Gresik,patroli hiling kali laksana jl hos cokroaminoto bandar grisse giat sebut anggota satlantas polres gresik temu kendara lawan arus guna helm
2080855257245159657,HumasGresik,"memperhatikan rambu lalu lintas, serta mengatur waktu perjalanan untuk menghindari kepadatan. Mari bersama-sama menjaga keselamatan dan kelancaran lalu lintas selama proses pekerjaan berlangsung.",memperhatikan rambu lalu lintas serta mengatur waktu perjalanan untuk menghindari kepadatan mari bersamasama menjaga keselamatan dan kelancaran lalu lintas selama proses pekerjaan berlangsung,netral,0.976,infrastruktur,0.0,,,2026-07-25,Polres Gresik,perhati rambu lalu lintas atur waktu jalan hindar padat bersamasama jaga selamat lancar lalu lintas lama proses kerja langsung
2080855232108798003,HumasGresik,"arus di Simpang Tiga Masjid Ahmad Dahlan.

Pekerjaan perbaikan jalan ditargetkan selesai pada 19 Agustus 2026 apabila tidak ada kendala.

Kami mengimbau kepada seluruh masyarakat agar mematuhi arahan petugas di lapangan,",arus di simpang tiga masjid ahmad dahlan pekerjaan perbaikan jalan ditargetkan selesai pada 19 agustus 2026 apabila tidak ada kendala kami mengimbau kepada seluruh masyarakat agar mematuhi arahan petugas di lapangan,netral,0.98,infrastruktur,0.0,,,2026-07-25,Polres Gresik,arus simpang tiga masjid ahmad dahlan kerja baik jalan target selesai 19 agustus 2026 apabila kendala imbau seluruh masyarakat patuh arah tugas lapang
2080855174503940349,HumasGresik,"Bagi pengendara dari arah Lamongan menuju Banjarsari, silakan mengikuti pengalihan arus dengan lurus dan putar balik di Pintu Tol Kebomas. Sedangkan kendaraan dari arah timur menuju Lamongan diberlakukan contra flow di sisi utara Terminal Bunder dengan sistem buka-tutup",bagi pengendara dari arah lamongan menuju banjarsari silakan mengikuti pengalihan arus dengan lurus dan putar balik di pintu tol kebomas sedangkan kendaraan dari arah timur menuju lamongan diberlakukan contra flow di sisi utara terminal bunder dengan sistem bukatutup,netral,0.995,infrastruktur,0.0,,,2026-07-25,Polres Gresik,kendara arah lamongan tuju banjarsari sila ikut alih arus lurus putar balik pintu tol kebomas kendara arah timur tuju lamongan laku contra flow sisi utara terminal bunder sistem bukatutup
2080855028211081277,HumasGresik,"INFO REKAYASA LALU LINTAS 🚧

Sehubungan dengan pekerjaan perbaikan (pengecoran) Jalan Raya Banjarsari di sekitar Terminal Bunder, Satlantas Polres Gresik menerapkan rekayasa dan pengalihan arus lalu lintas guna mengurangi kepadatan kendaraan.

#SatlantasPolresGresik https://t.co/fibIAoq0kN",info rekayasa lalu lintas sehubungan dengan pekerjaan perbaikan pengecoran jalan raya banjarsari di sekitar terminal bunder satlantas polres gresik menerapkan rekayasa dan pengalihan arus lalu lintas guna mengurangi kepadatan kendaraan satlantaspolresgresik,netral,0.997,infrastruktur,0.0,,,2026-07-25,Polres Gresik,info rekayasa lalu lintas hubung kerja baik cor jalan raya banjarsari terminal bunder satlantas polres gresik terap rekayasa alih arus lalu lintas kurang padat kendara satlantaspolresgresik
2080854523783086164,HumasGresik,"Dalam sidang tersebut, Satlantas Polres Gresik memberikan rekomendasi terkait penyediaan fasilitas keselamatan, pengaturan jam operasional angkutan barang, serta manajemen keluar masuk kendaraan selama masa konstruksi guna menjaga keamanan, keselamatan, dan kelancaran lalu lintas",dalam sidang tersebut satlantas polres gresik memberikan rekomendasi terkait penyediaan fasilitas keselamatan pengaturan jam operasional angkutan barang serta manajemen keluar masuk kendaraan selama masa konstruksi guna menjaga keamanan keselamatan dan kelancaran lalu lintas,netral,0.992,umum,0.0,,,2026-07-25,Polres Gresik,sidang sebut satlantas polres gresik beri rekomendasi kait sedia fasilitas selamat atur jam operasional angkut barang manajemen keluar masuk kendara lama masa konstruksi jaga aman selamat lancar lalu lintas
2080853446492651740,HumasGresik,"Semoga sedikit yang kami berikan dapat menjadi penyemangat di tengah aktivitas, sekaligus mempererat kedekatan antara Polri dan masyarakat.

Mari terus tebarkan kebaikan, karena sekecil apa pun, kebaikan akan selalu berarti bagi sesama.",semoga sedikit yang kami berikan dapat menjadi penyemangat di tengah aktivitas sekaligus mempererat kedekatan antara polri dan masyarakat mari terus tebarkan kebaikan karena sekecil apa pun kebaikan akan selalu berarti bagi sesama,positif,0.97,umum,0.0,,,2026-07-25,Polres Gresik,moga sedikit ikan jadi semangat tengah aktivitas sekaligus erat dekat polri masyarakat terus tebar baik kecil apa baik selalu arti sama
2080853278758461532,HumasGresik,"Dalam kegiatan Jumat Berkah Berbagi, Anggota Satlantas Polres Gresik membagikan nasi kepada para driver ojek online di seputaran Bundaran GKB sebagai bentuk kepedulian dan apresiasi atas semangat mereka dalam mencari nafkah.

#SatlantasPolresGresik #PolriUntukMasyarakat https://t.co/hfP2zpcmv3",dalam kegiatan jumat berkah berbagi anggota satlantas polres gresik membagikan nasi kepada para driver ojek online di seputaran bundaran gkb sebagai bentuk kepedulian dan apresiasi atas semangat mereka dalam mencari nafkah satlantaspolresgresik polriuntukmasyarakat,netral,0.99,umum,0.0,,,2026-07-25,Polres Gresik,giat jumat berkah bagi anggota satlantas polres gresik bagi nasi driver ojek online putar bundar gkb bentuk peduli apresiasi atas semangat cari nafkah satlantaspolresgresik polriuntukmasyarakat
2080594678920175706,lantasresgresik,"Dalam kegiatan Jumat Berkah Berbagi, Anggota Satlantas Polres Gresik membagikan nasi kepada para driver ojek online di seputaran Bundaran GKB sebagai bentuk kepedulian dan apresiasi atas semangat mereka dalam mencari nafkah. https://t.co/2Ok7NNv59e",dalam kegiatan jumat berkah berbagi anggota satlantas polres gresik membagikan nasi kepada para driver ojek online di seputaran bundaran gkb sebagai bentuk kepedulian dan apresiasi atas semangat mereka dalam mencari nafkah,netral,0.982,umum,0.0,,,2026-07-24,Polres Gresik,giat jumat berkah bagi anggota satlantas polres gresik bagi nasi driver ojek online putar bundar gkb bentuk peduli apresiasi atas semangat cari nafkah
2080593831482081409,lantasresgresik,"INFO REKAYASA LALU LINTAS 🚧

Sehubungan dengan pekerjaan perbaikan (pengecoran) Jalan Raya Banjarsari di sekitar Terminal Bunder, Satlantas Polres Gresik menerapkan rekayasa dan pengalihan arus lalu lintas guna mengurangi kepadatan kendaraan. https://t.co/1qyS6VoC9F",info rekayasa lalu lintas sehubungan dengan pekerjaan perbaikan pengecoran jalan raya banjarsari di sekitar terminal bunder satlantas polres gresik menerapkan rekayasa dan pengalihan arus lalu lintas guna mengurangi kepadatan kendaraan,netral,0.995,infrastruktur,0.0,,,2026-07-24,Polres Gresik,info rekayasa lalu lintas hubung kerja baik cor jalan raya banjarsari terminal bunder satlantas polres gresik terap rekayasa alih arus lalu lintas kurang padat kendara
2080492295514898683,HumasGresik,"Polres Gresik menggelar kegiatan cangkrukan PIRAMIDA (Ngopi Bareng Awak Media) di Mapolres Gresik bersama Kapolres Gresik AKBP Ramadhan Nasution.

​#PolresGresik #PIRAMIDA #CangkrukanPiramida https://t.co/09rNB568vS",polres gresik menggelar kegiatan cangkrukan piramida ngopi bareng awak media di mapolres gresik bersama kapolres gresik akbp ramadhan nasution polresgresik piramida cangkrukanpiramida,netral,0.997,umum,0.0,,,2026-07-24,Polres Gresik,polres gresik gelar giat cangkrukan piramida ngopi bareng awak media mapolres gresik sama kapolres gresik akbp ramadhan nasution polresgresik piramida cangkrukanpiramida
2080491592415396246,HumasGresik,Polres Gresik mengimbau masyarakat untuk terus bersinergi dalam memberantas peredaran gelap narkoba. Bersama kita wujudkan Gresik yang aman dan bersih dari narkoba! 💪,polres gresik mengimbau masyarakat untuk terus bersinergi dalam memberantas peredaran gelap narkoba bersama kita wujudkan gresik yang aman dan bersih dari narkoba,netral,0.97,umum,0.0,,,2026-07-24,Polres Gresik,polres gresik imbau masyarakat terus sinergi berantas edar gelap narkoba sama wujud gresik aman bersih narkoba
2080491422411870572,HumasGresik,"Dua pelaku kurir sabu lintas wilayah berinisial DE dan MWF tak berkutik saat diamankan di sebuah tempat kos daerah Wringinanom beserta barang bukti 17 klip sabu seberat 38,066 gram.",dua pelaku kurir sabu lintas wilayah berinisial de dan mwf tak berkutik saat diamankan di sebuah tempat kos daerah wringinanom beserta barang bukti 17 klip sabu seberat 38066 gram,netral,0.996,umum,0.0,,,2026-07-24,Polres Gresik,laku kurir sabu lintas wilayah inisial de mwf tak kutik aman buah tempat kos daerah wringinanom serta barang bukti 17 klip sabu berat 38066 gram
2080491298394673360,HumasGresik,"Satresnarkoba Polres Gresik kembali menindak tegas jaringan peredaran narkotika di wilayah Gresik Selatan.

#PolresGresik #SatresnarkobaGresik #PressRelease #NarkobaMusuhKita https://t.co/bCuniQ1Mza",satresnarkoba polres gresik kembali menindak tegas jaringan peredaran narkotika di wilayah gresik selatan polresgresik satresnarkobagresik pressrelease narkobamusuhkita,netral,0.997,umum,0.0,,,2026-07-24,Polres Gresik,satresnarkoba polres gresik tindak tegas jaring edar narkotika wilayah gresik selatan polresgresik satresnarkobagresik pressrelease narkobamusuhkita
2080447268063519144,kabarbaikdotco,"Tangkap 2 Residivis Narkoba, Satreskoba Polres Gresik Sita 38 Gram Sabu

https://t.co/Dzd2NbLIKz https://t.co/nOjKdLc43v",tangkap 2 residivis narkoba satreskoba polres gresik sita 38 gram sabu,netral,0.998,umum,0.0,,,2026-07-24,Polres Gresik,tangkap 2 residivis narkoba satreskoba polres gresik sita 38 gram sabu
2080190648758718902,kabarbaikdotco,"Jajaran Polres Gresik terus menunjukkan komitmennya dalam pemberantasan peredaran narkoba di wilayah Kota Santri. Hal ini terbukti dalam ungkap kasus yang dilakukan jajaran kepolisian selama Januari-Juli 2026.
 https://t.co/Zhora3ZNRn",jajaran polres gresik terus menunjukkan komitmennya dalam pemberantasan peredaran narkoba di wilayah kota santri hal ini terbukti dalam ungkap kasus yang dilakukan jajaran kepolisian selama januarijuli 2026,netral,0.996,umum,0.0,,,2026-07-23,Polres Gresik,jajar polres gresik terus tunjuk komitmen berantas edar narkoba wilayah kota santri bukti ungkap kasus laku jajar polisi lama januarijuli 2026
2080134862103842949,HumasGresik,"Tindak lanjut layanan 110 langsung menuju TKP
.
.
.

#polresgresik #poldajatim #polresgresikkabupaten #infogresik #gresikupdate https://t.co/9uV7Hcfku7",tindak lanjut layanan 110 langsung menuju tkp polresgresik poldajatim polresgresikkabupaten infogresik gresikupdate,netral,0.998,umum,0.0,,,2026-07-23,Polres Gresik,tindak lanjut layan 110 langsung tuju tkp polresgresik poldajatim polresgresikkabupaten infogresik gresikupdate
2080134618750370258,HumasGresik,"Tindak Lanjut Layanan Melalui Live Chat 110 dan Whatsapp Chat secara ramah dan humanis
.
.
.

#polresgresik #poldajatim #polresgresikkabupaten #infogresik #gresikupdate https://t.co/zeNZyZhSnc",tindak lanjut layanan melalui live chat 110 dan whatsapp chat secara ramah dan humanis polresgresik poldajatim polresgresikkabupaten infogresik gresikupdate,netral,0.997,umum,1.0,,,2026-07-23,Polres Gresik,tindak lanjut layan lalu live chat 110 whatsapp chat ramah humanis polresgresik poldajatim polresgresikkabupaten infogresik gresikupdate
2080134056470356083,HumasGresik,"Penerimaan dan tindak lanjut melalui layanan 110 dengan ramah cepat dan humanis
.
.
.

#polresgresik #poldajatim #polresgresikkabupaten #infogresik #gresikupdate https://t.co/Hvzx14O7tQ",penerimaan dan tindak lanjut melalui layanan 110 dengan ramah cepat dan humanis polresgresik poldajatim polresgresikkabupaten infogresik gresikupdate,netral,0.996,umum,0.0,,,2026-07-23,Polres Gresik,terima tindak lanjut lalu layan 110 ramah cepat humanis polresgresik poldajatim polresgresikkabupaten infogresik gresikupdate
2080112166401958026,kabarbaikdotco,"Seluruh senjata api (senpi) dinas yang dipegang personel Polres Gresik hingga jajaran polsek diperiksa secara menyeluruh dalam inspeksi internal yang digelar di Aula Lantai 2 Mapolres Gresik.
 https://t.co/kHLM2ikxX5",seluruh senjata api senpi dinas yang dipegang personel polres gresik hingga jajaran polsek diperiksa secara menyeluruh dalam inspeksi internal yang digelar di aula lantai 2 mapolres gresik,netral,0.998,pemerintahan,0.0,,,2026-07-23,Polres Gresik,seluruh senjata api senpi dinas pegang personel polres gresik hingga jajar polsek periksa seluruh inspeksi internal gelar aula lantai 2 mapolres gresik
2080084481982275804,yuan_tika89,https://t.co/W0v3dF5DYe,,netral,0.0,umum,0.0,,,2026-07-23,Polres Gresik,
2079779413521293501,lantasresgresik,"Rabu, 22 Juli 2026 pukul 04.00 WIB, Anggota Satlantas Polres Gresik bergerak menuju lokasi kecelakaan beruntun di Simpang Empat Bunder setelah menerima laporan melalui Call Center Lapor Cak Rama. https://t.co/LAoelYIyod",rabu 22 juli 2026 pukul 0400 wib anggota satlantas polres gresik bergerak menuju lokasi kecelakaan beruntun di simpang empat bunder setelah menerima laporan melalui call center lapor cak rama,netral,0.998,umum,1.0,,,2026-07-22,Polres Gresik,rabu 22 juli 2026 pukul 0400 wib anggota satlantas polres gresik gerak tuju lokasi celaka untun simpang empat bunder terima lapor lalu call center lapor cak rama
2079760701011489276,HumasGresik,"Kecamatan Menganti, Selasa (21/7).
​Langkah strategis ini diharapkan mampu mendongkrak daya saing produk lokal serta memperkuat ekosistem industri daerah. Seluruh rangkaian acara berlangsung aman, lancar, dan kondusif.",kecamatan menganti selasa 217 langkah strategis ini diharapkan mampu mendongkrak daya saing produk lokal serta memperkuat ekosistem industri daerah seluruh rangkaian acara berlangsung aman lancar dan kondusif,positif,0.894,industri,0.0,,,2026-07-22,Polres Gresik,camat anti selasa 217 langkah strategis harap mampu dongkrak daya saing produk lokal kuat ekosistem industri daerah seluruh rangkai acara langsung aman lancar kondusif
2079760228074271143,HumasGresik,"Omah Rembug sebagai sarana musyawarah, penyelesaian konflik sosial, dan pemecahan masalah di tengah masyarakat secara humanis, cepat, dan kekeluargaan.",omah rembug sebagai sarana musyawarah penyelesaian konflik sosial dan pemecahan masalah di tengah masyarakat secara humanis cepat dan kekeluargaan,netral,0.937,umum,0.0,,,2026-07-22,Polres Gresik,omah rembug sarana musyawarah selesai konflik sosial pecah masalah tengah masyarakat humanis cepat keluarga
2079760194213658962,HumasGresik,"Polres Gresik menerima kunjungan Tim Asistensi Omah Rembug Ditbinmas Polda Jatim. Kegiatan ini bertujuan untuk mengoptimalisasi 
#PolresGresik #PoldaJatim #BinmasPoldaJatim #OmahRembug https://t.co/OW6i5US6AU",polres gresik menerima kunjungan tim asistensi omah rembug ditbinmas polda jatim kegiatan ini bertujuan untuk mengoptimalisasi polresgresik poldajatim binmaspoldajatim omahrembug,netral,0.997,umum,0.0,,,2026-07-22,Polres Gresik,polres gresik terima kunjung tim asistensi omah rembug ditbinmas polda jatim giat tuju optimalisasi polresgresik poldajatim binmaspoldajatim omahrembug
2079759448428683347,HumasGresik,"Wujud dukungan penuh untuk kemajuan IKM Logam Gresik! Semoga Gedung Sentra IKM Logam ini membawa keberkahan dan kebermanfaatan bagi masyarakat.
#IKMLogamGresik #SentraIKM https://t.co/1m3AG4Y2c9",wujud dukungan penuh untuk kemajuan ikm logam gresik semoga gedung sentra ikm logam ini membawa keberkahan dan kebermanfaatan bagi masyarakat ikmlogamgresik sentraikm,positif,0.907,umum,0.0,,,2026-07-22,Polres Gresik,wujud dukung penuh maju ikm logam gresik moga gedung sentra ikm logam bawa berkah manfaat masyarakat ikmlogamgresik sentraikm
2079476940889829379,depalindo35157,"Pelindo memperkuat layanan logistik lewat transformasi di Pelabuhan Gresik. Digitalisasi, peningkatan SDM, dan optimalisasi infrastruktur dilakukan untuk meningkatkan efisiensi, daya saing pelabuhan, serta mendukung ekonomi nasional.
#LogistikIndonesia #Pelindo #Digitalisasi https://t.co/w5Qr6K45ze",pelindo memperkuat layanan logistik lewat transformasi di pelabuhan gresik digitalisasi peningkatan sdm dan optimalisasi infrastruktur dilakukan untuk meningkatkan efisiensi daya saing pelabuhan serta mendukung ekonomi nasional logistikindonesia pelindo digitalisasi,netral,0.96,infrastruktur,0.0,,,2026-07-21,pelabuhan Gresik,pelindo kuat layan logistik lewat transformasi labuh gresik digitalisasi tingkat sdm optimalisasi infrastruktur laku tingkat efisiensi daya saing labuh dukung ekonomi nasional logistikindonesia pelindo digitalisasi
2079438117870739630,cilacapdotinfo,"Perkuat Logistik Jawa Timur, Kinerja Pelabuhan Gresik Tumbuh Positif di Semester I – 2026 https://t.co/HSPDGc3y3r",perkuat logistik jawa timur kinerja pelabuhan gresik tumbuh positif di semester i 2026,netral,0.957,infrastruktur,0.0,,,2026-07-21,pelabuhan Gresik,kuat logistik jawa timur kerja labuh gresik tumbuh positif semester i 2026
2081317716259189036,petrogresik,"Sahabat, tata kelola pupuk bersubsidi yang tepat menjadi salah satu kunci dalam mendukung produktivitas pertanian sekaligus mewujudkan swasembada pangan nasional nihh😁✨

Melalui Sharing Session Tata Kelola Pupuk Bersubsidi bersama Direktur Pupuk Direktorat Jenderal PSP Kementerian Pertanian RI, Syamsuddin, Petrokimia Gresik memperkuat pemahaman mengenai kebijakan dan tata kelola penyaluran pupuk bersubsidi agar semakin efektif, tepat sasaran, dan memberikan manfaat nyata bagi para petani lhoo Sahabat✨🙏

Kolaborasi antara pemerintah dan seluruh pemangku kepentingan diharapkan mampu memastikan setiap pupuk yang diproduksi benar-benar sampai ke tangan yang berhak, sehingga hasil akhirnya dapat dirasakan langsung oleh para petani sebagai garda terdepan ketahanan pangan Indonesia. 🌱🇮🇩

#PetrokimiaGresik #SolusiAgroindustri #SharingSession #TataKelolaPupukBersubsidi #SwasembadaPangan",sahabat tata kelola pupuk bersubsidi yang tepat menjadi salah satu kunci dalam mendukung produktivitas pertanian sekaligus mewujudkan swasembada pangan nasional nihh melalui sharing session tata kelola pupuk bersubsidi bersama direktur pupuk direktorat jenderal psp kementerian pertanian ri syamsuddin petrokimia gresik memperkuat pemahaman mengenai kebijakan dan tata kelola penyaluran pupuk bersubsidi agar semakin efektif tepat sasaran dan memberikan manfaat nyata bagi para petani lhoo sahabat kolaborasi antara pemerintah dan seluruh pemangku kepentingan diharapkan mampu memastikan setiap pupuk yang diproduksi benarbenar sampai ke tangan yang berhak sehingga hasil akhirnya dapat dirasakan langsung oleh para petani sebagai garda terdepan ketahanan pangan indonesia petrokimiagresik solusiagroindustri sharingsession tatakelolapupukbersubsidi swasembadapangan,positif,0.917,industri,0.0,,,2026-07-26,Petrokimia Gresik,sahabat tata kelola pupuk subsidi tepat jadi salah satu kunci dukung produktivitas tani sekaligus wujud swasembada pangan nasional nihh lalu sharing session tata kelola pupuk subsidi sama direktur pupuk direktorat jenderal psp menteri tani ri syamsuddin petrokimia gresik kuat paham kena bijak tata kelola salur pupuk subsidi makin efektif tepat sasar beri manfaat nyata tani lhoo sahabat kolaborasi perintah seluruh mang penting harap mampu pasti pupuk produksi benarbenar tangan hak hasil akhir rasa langsung tani garda depan tahan pangan indonesia petrokimiagresik solusiagroindustri sharingsession tatakelolapupukbersubsidi swasembadapangan
2080845541223887141,petrogresik,"Petrokimia Gresik kembali menghadirkan Petro Agrifood Expo 2026 sebagai wadah edukasi untuk mengajak masyarakat, khususnya generasi muda, mengenal dunia agroindustri lebih dekat, Sahabat. ✨🌱

Diselenggarakan pada 24–26 Juli 2026, kegiatan ini menghadirkan beragam aktivitas interaktif, mulai dari pelatihan komposting, pelatihan petani cilik, hingga panen bersama masyarakat. Pengunjung juga dapat menemukan berbagai stand yang menawarkan komoditas pertanian. Melalui rangkaian kegiatan tersebut, masyarakat diajak memahami peran strategis sektor pertanian dari hulu hingga hilir sekaligus menumbuhkan kepedulian terhadap ketahanan pangan nasional. 💪

Sebagai bentuk komitmen dalam mendukung regenerasi petani, Petrokimia Gresik turut menyerahkan Beasiswa Petani Muda kepada 50 pelajar SMK Pertanian se-Jawa Timur. Semoga langkah ini menginspirasi semakin banyak generasi muda untuk berkontribusi membangun pertanian Indonesia yang modern, maju, dan berkelanjutan. 🌾🇮🇩

#PetrokimiaGresik #SolusiAgroindustri #PetroAgrifoodExpo2026 #RegenerasiPetani #KetahananPangan",petrokimia gresik kembali menghadirkan petro agrifood expo 2026 sebagai wadah edukasi untuk mengajak masyarakat khususnya generasi muda mengenal dunia agroindustri lebih dekat sahabat diselenggarakan pada 2426 juli 2026 kegiatan ini menghadirkan beragam aktivitas interaktif mulai dari pelatihan komposting pelatihan petani cilik hingga panen bersama masyarakat pengunjung juga dapat menemukan berbagai stand yang menawarkan komoditas pertanian melalui rangkaian kegiatan tersebut masyarakat diajak memahami peran strategis sektor pertanian dari hulu hingga hilir sekaligus menumbuhkan kepedulian terhadap ketahanan pangan nasional sebagai bentuk komitmen dalam mendukung regenerasi petani petrokimia gresik turut menyerahkan beasiswa petani muda kepada 50 pelajar smk pertanian sejawa timur semoga langkah ini menginspirasi semakin banyak generasi muda untuk berkontribusi membangun pertanian indonesia yang modern maju dan berkelanjutan petrokimiagresik solusiagroindustri petroagrifoodexpo2026 regenerasipetani ketahananpangan,netral,0.646,pendidikan,0.0,,,2026-07-25,Petrokimia Gresik,petrokimia gresik hadir petro agrifood expo 2026 wadah edukasi ajak masyarakat khusus generasi muda kenal dunia agroindustri lebih dekat sahabat selenggara 2426 juli 2026 giat hadir agam aktivitas interaktif mulai latih komposting latih tani cilik hingga panen sama masyarakat unjung temu bagai stand tawar komoditas tani lalu rangkai giat sebut masyarakat ajak paham peran strategis sektor tani hulu hingga hilir sekaligus tumbuh peduli tahan pangan nasional bentuk komitmen dukung regenerasi tani petrokimia gresik turut serah beasiswa tani muda 50 ajar smk tani sejawa timur moga langkah inspirasi makin banyak generasi muda kontribusi bangun tani indonesia modern maju lanjut petrokimiagresik solusiagroindustri petroagrifoodexpo2026 regenerasipetani ketahananpangan
2080471251240505437,petrogresik,https://t.co/755Is3DTAA,,netral,0.0,umum,0.0,,,2026-07-24,Petrokimia Gresik,
2080471244827488380,petrogresik,"Kunjungan kerja Dewan Komisaris, Managing Director Business 2 PT Danantara Asset Management, Setyanto Hantoro, serta Director PSO Management PT Danantara Asset Management, Zuryati Simbolon, ke Petrokimia Gresik menjadi langkah penguatan sinergi dalam mendukung pengembangan bisnis dan ketahanan pangan nasional, Sahabat. ✨

Semoga kolaborasi ini membuka peluang strategis bagi kemajuan agroindustri, keberlanjutan usaha, serta ketersediaan pupuk bagi petani Indonesia. 🇮🇩

#PetrokimiaGresik #SolusiAgroindustri #AstaCita #KunjunganKerja #Danantara",kunjungan kerja dewan komisaris managing director business 2 pt danantara asset management setyanto hantoro serta director pso management pt danantara asset management zuryati simbolon ke petrokimia gresik menjadi langkah penguatan sinergi dalam mendukung pengembangan bisnis dan ketahanan pangan nasional sahabat semoga kolaborasi ini membuka peluang strategis bagi kemajuan agroindustri keberlanjutan usaha serta ketersediaan pupuk bagi petani indonesia petrokimiagresik solusiagroindustri astacita kunjungankerja danantara,netral,0.967,industri,0.0,,,2026-07-24,Petrokimia Gresik,kunjung kerja dewan komisaris managing director business 2 pt danantara asset management setyanto hantoro director pso management pt danantara asset management zuryati simbolon petrokimia gresik jadi langkah kuat sinergi dukung kembang bisnis tahan pangan nasional sahabat moga kolaborasi buka peluang strategis maju agroindustri lanjut usaha sedia pupuk tani indonesia petrokimiagresik solusiagroindustri astacita kunjungankerja danantara
2080115740020208078,credOLIN,"@mpitt51 Iya ini di kawasan stadion Petrokimia Gresik, kak.",iya ini di kawasan stadion petrokimia gresik kak,netral,0.97,industri,1.0,,,2026-07-23,Petrokimia Gresik,iya kawasan stadion petrokimia gresik kak
2080104470361653455,credOLIN,"📍SOR (Sarana Olahraga) Petrokimia Gresik.

#RandomVisual https://t.co/OimnJAkuGd",sor sarana olahraga petrokimia gresik randomvisual,netral,0.99,industri,8.0,,,2026-07-23,Petrokimia Gresik,sor sarana olahraga petrokimia gresik randomvisual
2080087603282608269,credOLIN,"Aku terbangun di hari Kamis,
Dalam hembusan udara yang kian menipis,
Berharap pada musim tak lagi menghadirkan gerimis.

Seketika daun berjatuhan tanpa bisa ditepis,
Bukankah itu juga karena angin?
Mengapa terus disembunyikannya pada getir tangis?

💚💙✨
#RandomVisual https://t.co/oqOAup8pJF",aku terbangun di hari kamis dalam hembusan udara yang kian menipis berharap pada musim tak lagi menghadirkan gerimis seketika daun berjatuhan tanpa bisa ditepis bukankah itu juga karena angin mengapa terus disembunyikannya pada getir tangis randomvisual,negatif,0.507,bencana,34.0,,,2026-07-23,Petrokimia Gresik,aku bangun hari kamis hembus udara kian tip harap musim tak hadir gerimis ketika daun jatuh tepis bukankah angin terus sembunyi getir tangis randomvisual
2080088032162799796,petrogresik,"Selamat Hari Anak Nasional, Sahabat! 🥳👧🏻

Anak-anak adalah generasi penerus yang akan membawa Indonesia menuju masa depan, termasuk dalam mewujudkan kedaulatan pangan bangsa. Mari bersama menciptakan ruang yang aman, sehat, dan penuh kesempatan agar mereka dapat belajar, bermain, serta tumbuh menjadi pribadi terbaiknya. 🌱

Semoga setiap langkah kecil mereka hari ini menjadi awal bagi Indonesia yang semakin maju, mandiri, dan berdaulat pangan. 💪✨

#PetrokimiaGresik #SolusiAgroindustri #HariAnakNasional #KedaulatanPangan",selamat hari anak nasional sahabat anakanak adalah generasi penerus yang akan membawa indonesia menuju masa depan termasuk dalam mewujudkan kedaulatan pangan bangsa mari bersama menciptakan ruang yang aman sehat dan penuh kesempatan agar mereka dapat belajar bermain serta tumbuh menjadi pribadi terbaiknya semoga setiap langkah kecil mereka hari ini menjadi awal bagi indonesia yang semakin maju mandiri dan berdaulat pangan petrokimiagresik solusiagroindustri harianaknasional kedaulatanpangan,positif,0.854,industri,0.0,,,2026-07-23,Petrokimia Gresik,selamat hari anak nasional sahabat anakanak generasi terus bawa indonesia tuju masa depan masuk wujud daulat pangan bangsa sama cipta ruang aman sehat penuh sempat ajar main tumbuh jadi pribadi baik moga langkah kecil hari jadi awal indonesia makin maju mandiri daulat pangan petrokimiagresik solusiagroindustri harianaknasional kedaulatanpangan
2079808661384486986,petrogresik,"Seporsi Kemenangan untuk fresh graduate! 🚀💚

Program Pemagangan Nasional Kementerian Ketenagakerjaan di Petrokimia Gresik hadir untuk Sahabat yang ingin merasakan pengalaman kerja profesional sekaligus mengembangkan hard skill dan soft skill.

Selama 6 bulan, peserta berkesempatan memperluas jaringan profesional, memperoleh sertifikat MagangHub, serta mendapatkan uang saku.

Yuk, simak persyaratan lengkapnya di slide berikut dan segera daftar melalui https://t.co/1eIdFXsUGM sebelum 28 Juli 2026!

#PetrokimiaGresik #SolusiAgroindustri #ProgramPemaganganNasional #KementerianKetenagakerjaan",seporsi kemenangan untuk fresh graduate program pemagangan nasional kementerian ketenagakerjaan di petrokimia gresik hadir untuk sahabat yang ingin merasakan pengalaman kerja profesional sekaligus mengembangkan hard skill dan soft skill selama 6 bulan peserta berkesempatan memperluas jaringan profesional memperoleh sertifikat maganghub serta mendapatkan uang saku yuk simak persyaratan lengkapnya di slide berikut dan segera daftar melalui sebelum 28 juli 2026 petrokimiagresik solusiagroindustri programpemagangannasional kementerianketenagakerjaan,netral,0.959,industri,2.0,,,2026-07-22,Petrokimia Gresik,porsi menang fresh graduate program magang nasional menteri ketenagakerjaan petrokimia gresik hadir sahabat rasa alam kerja profesional sekaligus kembang hard skill soft skill lama 6 bulan serta sempat luas jaring profesional oleh sertifikat maganghub dapat uang saku yuk simak syarat lengkap slide ikut segera daftar lalu 28 juli 2026 petrokimiagresik solusiagroindustri programpemagangannasional kementerianketenagakerjaan
2079776976274112783,petrogresik,"Selamat memperingati Hari Bhakti Adhyaksa ke-66! 🇮🇩⚖️

Peringatan ini menjadi momentum untuk mengapresiasi dedikasi seluruh insan Adhyaksa dalam menjalankan tugasnya sebagai garda terdepan penegakan hukum. Semangat pengabdian, profesionalisme, dan integritas menjadi fondasi penting dalam mewujudkan keadilan yang dapat dirasakan oleh seluruh masyarakat✨💪

Mari terus mendukung terciptanya sistem hukum yang berkeadilan, transparan, dan dipercaya publik demi Indonesia yang semakin maju☺️

Selamat Hari Bhakti Adhyaksa ke-66. Teruslah mengabdi untuk negeri! 💪

#PetrokimiaGresik #SolusiAgroindustri #HariBhaktiAdhyaksa",selamat memperingati hari bhakti adhyaksa ke66 peringatan ini menjadi momentum untuk mengapresiasi dedikasi seluruh insan adhyaksa dalam menjalankan tugasnya sebagai garda terdepan penegakan hukum semangat pengabdian profesionalisme dan integritas menjadi fondasi penting dalam mewujudkan keadilan yang dapat dirasakan oleh seluruh masyarakat mari terus mendukung terciptanya sistem hukum yang berkeadilan transparan dan dipercaya publik demi indonesia yang semakin maju selamat hari bhakti adhyaksa ke66 teruslah mengabdi untuk negeri petrokimiagresik solusiagroindustri haribhaktiadhyaksa,positif,0.632,infrastruktur,0.0,,,2026-07-22,Petrokimia Gresik,selamat ingat hari bhakti adhyaksa ke66 ingat jadi momentum apresiasi dedikasi seluruh insan adhyaksa jalan tugas garda depan tega hukum semangat abdi profesionalisme integritas jadi fondasi penting wujud adil rasa seluruh masyarakat terus dukung cipta sistem hukum adil transparan percaya publik indonesia makin maju selamat hari bhakti adhyaksa ke66 terus abdi negeri petrokimiagresik solusiagroindustri haribhaktiadhyaksa
2079686466683523481,ellenajaa,@Titiekfernandez pukpuk Petrokimia Gresik,pukpuk petrokimia gresik,netral,0.996,industri,0.0,,,2026-07-21,Petrokimia Gresik,pukpuk petrokimia gresik
2079507331486998928,infoSumbar,"PT Semen Padang Terima Kunjungan PT Pusri Palembang dan PT Petrokimia Gresik, Jajaki Kolaborasi Bisnis Berkelanjutan via @infosumbar https://t.co/LoRofLdygV

#infosumbar",pt semen padang terima kunjungan pt pusri palembang dan pt petrokimia gresik jajaki kolaborasi bisnis berkelanjutan via infosumbar,netral,0.997,industri,0.0,,,2026-07-21,Petrokimia Gresik,pt semen padang terima kunjung pt pusri palembang pt petrokimia gresik jajak kolaborasi bisnis lanjut via infosumbar
2079480342793359729,petrogresik,"🌾✨ Saatnya menikmati serunya dunia pertanian dalam satu acara, Sahabat!

Yuk, ajak keluarga, teman, dan orang-orang terdekat Sahabat ke Petro Agrifood Expo 2026 bertema Heritage of Agriculture. Rasakan pengalaman seru mulai dari mengenal produk pertanian lokal, berburu aneka hasil panen, kuliner, UMKM, hingga berbagai aktivitas edukatif untuk semua usia. 🚜🌱

Ada juga Pelatihan Komposting, Pelatihan Petani Cilik, serta panen buah dan sayur langsung di kebun untuk menambah keseruan akhir pekan Sahabat! 🌾👨‍🌾

Untuk pendaftaran Pelatihan Komposting dan Pelatihan Petani Cilik, Sahabat dapat menghubungi:
📞 Aldy: 0813-3043-0278
📞 Zaki: 0821-3122-2933

📅 24–26 Juli 2026
📍 Kebun Percobaan Petrokimia Gresik, Jl. Tri Dharma, Gresik
🎟️ Gratis untuk umum!

Jangan lewatkan kesempatan untuk belajar, berwisata, dan merasakan semangat pertanian Indonesia bersama keluarga. Sampai jumpa di Petro Agrifood Expo 2026! 💚🌿

#PetroAgrifoodExpo2026 #HeritageOfAgriculture #PetrokimiaGresik #Gresik",saatnya menikmati serunya dunia pertanian dalam satu acara sahabat yuk ajak keluarga teman dan orangorang terdekat sahabat ke petro agrifood expo 2026 bertema heritage of agriculture rasakan pengalaman seru mulai dari mengenal produk pertanian lokal berburu aneka hasil panen kuliner umkm hingga berbagai aktivitas edukatif untuk semua usia ada juga pelatihan komposting pelatihan petani cilik serta panen buah dan sayur langsung di kebun untuk menambah keseruan akhir pekan sahabat untuk pendaftaran pelatihan komposting dan pelatihan petani cilik sahabat dapat menghubungi aldy 081330430278 zaki 082131222933 2426 juli 2026 kebun percobaan petrokimia gresik jl tri dharma gresik gratis untuk umum jangan lewatkan kesempatan untuk belajar berwisata dan merasakan semangat pertanian indonesia bersama keluarga sampai jumpa di petro agrifood expo 2026 petroagrifoodexpo2026 heritageofagriculture petrokimiagresik gresik,positif,0.523,ekonomi,0.0,,,2026-07-21,Petrokimia Gresik,saat nikmat seru dunia tani satu acara sahabat yuk ajak keluarga teman orangorang dekat sahabat petro agrifood expo 2026 tema heritage of agriculture rasa alam seru mulai kenal produk tani lokal buru aneka hasil panen kuliner umkm hingga bagai aktivitas edukatif semua usia latih komposting latih tani cilik panen buah sayur langsung kebun tambah seru akhir pekan sahabat daftar latih komposting latih tani cilik sahabat hubung aldy 081330430278 zaki 082131222933 2426 juli 2026 kebun coba petrokimia gresik jl tri dharma gresik gratis umum jangan lewat sempat ajar wisata rasa semangat tani indonesia sama keluarga jumpa petro agrifood expo 2026 petroagrifoodexpo2026 heritageofagriculture petrokimiagresik gresik
2081923715429015907,BloombergTZ,"Bursa Efek Indonesia (BEI) merombak konstituen indeks LQ45 dan IDX30 untuk periode 3 Agustus-30 Oktober 2026. Di LQ45, PT Indika Energy Tbk dan PT Trimegah Bangun Persada Tbk masuk menggantikan PT Semen Indonesia (Persero) Tbk.

Simak selengkapnya: https://t.co/LpiOx79f1n https://t.co/SR24rvpBzN",bursa efek indonesia bei merombak konstituen indeks lq45 dan idx30 untuk periode 3 agustus30 oktober 2026 di lq45 pt indika energy tbk dan pt trimegah bangun persada tbk masuk menggantikan pt semen indonesia persero tbk simak selengkapnya,netral,0.998,industri,0.0,,,2026-07-28,Semen Indonesia,bursa efek indonesia bei rombak konstituen indeks lq45 idx30 periode 3 agustus30 oktober 2026 lq45 pt indika energy tbk pt trimegah bangun persada tbk masuk ganti pt semen indonesia persero tbk simak lengkap
2081912915486224563,TopCareerID,"Beasiswa Semen Indonesia Batch 3 Buka Pendaftaran, Bisa Kuliah S1 Gratis di UISI
https://t.co/FPdTIwI1n1",beasiswa semen indonesia batch 3 buka pendaftaran bisa kuliah s1 gratis di uisi,netral,0.994,pendidikan,0.0,,,2026-07-28,Semen Indonesia,beasiswa semen indonesia batch 3 buka daftar kuliah s1 gratis uis
2081710742860931334,nawacitamedia,https://t.co/VWWxwte08D,,netral,0.0,umum,0.0,,,2026-07-27,Semen Indonesia,
2081710087882858710,nawacitadotco,https://t.co/vDhMgOBA0S,,netral,0.0,umum,0.0,,,2026-07-27,Semen Indonesia,
2081710005154394296,NAWACIT4,https://t.co/VW2jDhqG5Y,,netral,0.0,umum,0.0,,,2026-07-27,Semen Indonesia,
2081586854122656098,mbahGandalf,"@Dandhy_Laksono @datuksweida Semen indonesia ""LADANG KORUPSI &amp; ATM REZIM"".",semen indonesia ladang korupsi amp atm rezim,negatif,0.979,industri,1.0,,,2026-07-27,Semen Indonesia,semen indonesia ladang korupsi amp atm rezim
2081503579030818988,bolasaljucom,"Tantangan SMGR secara khusus adalah restrukturisasi internal pasca penggabungan usaha dengan Semen Holcim (SMCB) pada 2019 lalu. 

Pendapatan SMGR untuk tahun 2023 sebesar Rp38,09 triliun hanya selisih tipis dibanding pendapatan SMGR tahun 2018 (sebelum akuisisi) sebesar Rp37,49 triliun.

Kutipan analisis saham PT Semen Indonesia (Persero) Tbk (SMGR).

Disclaimer: bukan nasihat investasi.",tantangan smgr secara khusus adalah restrukturisasi internal pasca penggabungan usaha dengan semen holcim smcb pada 2019 lalu pendapatan smgr untuk tahun 2023 sebesar rp3809 triliun hanya selisih tipis dibanding pendapatan smgr tahun 2018 sebelum akuisisi sebesar rp3749 triliun kutipan analisis saham pt semen indonesia persero tbk smgr disclaimer bukan nasihat investasi,netral,0.994,ekonomi,2.0,,,2026-07-26,Semen Indonesia,tantang smgr khusus restrukturisasi internal pasca gabung usaha semen holcim smcb 2019 lalu dapat smgr tahun 2023 besar rp3809 triliun selisih tipis banding dapat smgr tahun 2018 akuisisi besar rp3749 triliun kutip analisis saham pt semen indonesia persero tbk smgr disclaimer bukan nasihat investasi
2081368993840206227,Lintasperkoro,"Penipuan dengan mengatasnamakan Koperasi Karyawan Usaha Sejahtera Bersama milik PT Semen Indonesia dialami oleh Fausta Ari Barata. Atas penipuan tersebut, Fausta Ari Barata kehilangan uangnya sejumlah Rp 686.859.200.

https://t.co/RYyHWhfulD",penipuan dengan mengatasnamakan koperasi karyawan usaha sejahtera bersama milik pt semen indonesia dialami oleh fausta ari barata atas penipuan tersebut fausta ari barata kehilangan uangnya sejumlah rp 686859200,netral,0.85,industri,0.0,,,2026-07-26,Semen Indonesia,tipu mengatasnamakan koperasi karyawan usaha sejahtera sama milik pt semen indonesia alami fausta ari barata atas tipu sebut fausta ari barata hilang uang jumlah rp 686859200
2080563564935623148,nengherba,"IHSG di BEI ambruk ke level 6.200 dipicu aksi risk off seiring lonjakan harga minyak dunia  US$100/barel.
Saham unggulan berkapitalisasi besar ramai dilepas investor hingga turun harga, trtm Bank Mandiri dan Semen Indonesia terkoreksi lebih dr 3%
https://t.co/2crmJDyKGP",ihsg di bei ambruk ke level 6200 dipicu aksi risk off seiring lonjakan harga minyak dunia us100barel saham unggulan berkapitalisasi besar ramai dilepas investor hingga turun harga trtm bank mandiri dan semen indonesia terkoreksi lebih dr 3,netral,0.994,ekonomi,0.0,,,2026-07-24,Semen Indonesia,ihsg bei ambruk level 6200 picu aksi risk off iring lonjak harga minyak dunia us100barel saham unggul kapital besar ramai lepas investor hingga turun harga trtm bank mandiri semen indonesia koreksi lebih 3
2080418032405615023,choppi_s,"🌍 【新興国株で次の成長波に乗るなら？】

💬 「資金は、“過去の実績”より”未来の成長”を買う。」 📈

━━━━━━━━━━━━━━━

🔥 【短期で狙い目の新興国企業】

🇮🇳 BEML 🚜

・鉄道・防衛・鉱山機械を手掛けるインフラ関連企業

・政府のインフラ投資や国防強化が追い風

・大型受注や政策発表が株価材料となる可能性

🇹🇼 Lite-On Technology 💡

・AIサーバー向け電源や電子部品を展開

・データセンター投資の拡大が追い風

・AI関連銘柄として市場の注目を集めやすい

━━━━━━━━━━━━━━━

📊 【中期で狙い目の新興国企業】

🇧🇷 MercadoLibre 🛒

・中南米最大級のEC・フィンテック企業

・EC利用率とデジタル決済の拡大が成長を後押し

・中南米のデジタル経済拡大を取り込める可能性

🇮🇩 Semen Indonesia 🏗️

・インドネシア最大級のセメントメーカー

・住宅・公共インフラ需要の拡大が追い風

・都市開発の進展にも期待

━━━━━━━━━━━━━━━

🚀 【長期で狙い目の新興国企業】

🇻🇳 Gemadept 🚢

・港湾・物流インフラを展開

・輸出入拡大と工業化が追い風

・サプライチェーン再編の恩恵も期待

🇮🇳 APL Apollo Tubes 🏭

・建設用鋼管の大手メーカー

・都市化やインフラ整備が長期テーマ

・建設需要の拡大とともに成長が期待される

━━━━━━━━━━━━━━━

📉 【新興国市場の過去の流れ】

📌 米金利上昇・ドル高
➡️ 新興国市場から資金が流出しやすい

📌 米金融政策の緩和期待
➡️ リスクマネーが新興国へ向かいやすい

📌 為替やコモディティ価格の変動が、
新興国株のボラティリティを高める場面も多かった

━━━━━━━━━━━━━━━

📈 【今後の予測】

✅ 米国の金融政策が緩和方向へ進めば、新興国市場への資金流入が期待される可能性

✅ AI・物流・インフラ・デジタル決済関連は引き続き注目テーマ

✅ 人口増加と製造業シフトが進む国は、中長期で成長が期待される可能性

━━━━━━━━━━━━━━━

🎯 【狙い目ポイント】

🔥 短期
テーマ・材料・出来高

📊 中期
業績成長・政策・市場シェア拡大

🚀 長期
人口増加・工業化・インフラ整備・海外資金流入

━━━━━━━━━━━━━━━

🌏 新興国株の魅力は、世界経済の新しい成長エリアへ投資できること。

短期的な値動きだけでなく、中長期の構造変化にも注目することで、新たな投資機会が見えてくるかもしれません。

━━━━━━━━━━━━━━━

⚠️ 本投稿は情報提供のみを目的としており、特定の銘柄や投資商品の売買を推奨・勧誘するものではありません。

📚 投資には価格変動や為替変動などのリスクがあります。最終的な投資判断は、ご自身で十分に情報をご確認のうえ、ご自身の判断と責任でお願いいたします。

#新興国株 #エマージングマーケット #インド株 #台湾株 #ベトナム株 #インドネシア株 #ブラジル株 #株式投資",新興国株で次の成長波に乗るなら 資金は過去の実績より未来の成長を買う 短期で狙い目の新興国企業 beml 鉄道防衛鉱山機械を手掛けるインフラ関連企業 政府のインフラ投資や国防強化が追い風 大型受注や政策発表が株価材料となる可能性 liteon technology aiサーバー向け電源や電子部品を展開 データセンター投資の拡大が追い風 ai関連銘柄として市場の注目を集めやすい 中期で狙い目の新興国企業 mercadolibre 中南米最大級のecフィンテック企業 ec利用率とデジタル決済の拡大が成長を後押し 中南米のデジタル経済拡大を取り込める可能性 semen indonesia インドネシア最大級のセメントメーカー 住宅公共インフラ需要の拡大が追い風 都市開発の進展にも期待 長期で狙い目の新興国企業 gemadept 港湾物流インフラを展開 輸出入拡大と工業化が追い風 サプライチェーン再編の恩恵も期待 apl apollo tubes 建設用鋼管の大手メーカー 都市化やインフラ整備が長期テーマ 建設需要の拡大とともに成長が期待される 新興国市場の過去の流れ 米金利上昇ドル高 新興国市場から資金が流出しやすい 米金融政策の緩和期待 リスクマネーが新興国へ向かいやすい 為替やコモディティ価格の変動が 新興国株のボラティリティを高める場面も多かった 今後の予測 米国の金融政策が緩和方向へ進めば新興国市場への資金流入が期待される可能性 ai物流インフラデジタル決済関連は引き続き注目テーマ 人口増加と製造業シフトが進む国は中長期で成長が期待される可能性 狙い目ポイント 短期 テーマ材料出来高 中期 業績成長政策市場シェア拡大 長期 人口増加工業化インフラ整備海外資金流入 新興国株の魅力は世界経済の新しい成長エリアへ投資できること 短期的な値動きだけでなく中長期の構造変化にも注目することで新たな投資機会が見えてくるかもしれません 本投稿は情報提供のみを目的としており特定の銘柄や投資商品の売買を推奨勧誘するものではありません 投資には価格変動や為替変動などのリスクがあります最終的な投資判断はご自身で十分に情報をご確認のうえご自身の判断と責任でお願いいたします 新興国株 エマージングマーケット インド株 台湾株 ベトナム株 インドネシア株 ブラジル株 株式投資,netral,0.996,industri,1.0,,,2026-07-23,Semen Indonesia,   beml    liteon technology ai  ai  mercadolibre ec ec  semen indonesia     gemadept    apl apollo tubes             ai                    
2079948567700222279,xdent_s,"kalo di kampusku dulu ada pmmb, magangnya di pabrik-pabrik, tapi sama kaprodiku gak dibolehin RARRRGGGHHH padahal danen udah lolos di indonesia power dan aku lolos di semen indonesia😭😭😭

kan lumayan bejir 6 bulan digaji umr gresik😭😭😭",kalo di kampusku dulu ada pmmb magangnya di pabrikpabrik tapi sama kaprodiku gak dibolehin rarrrggghhh padahal danen udah lolos di indonesia power dan aku lolos di semen indonesia kan lumayan bejir 6 bulan digaji umr gresik,positif,0.76,pendidikan,2.0,,,2026-07-22,Semen Indonesia,kalo kampus dulu pmmb magang pabrikpabrik sama kaprodiku gak dibolehin rarrrggghhh padahal danen udah lolos indonesia power aku lolos semen indonesia kan lumayan bejir 6 bulan gaji umr gresik
2079559814087401573,aelysiann,"anjay juga ya angkatan 22 ini.
waktu kuliah masih dapet MSIB, pas udh lulus ada maganghub :]",anjay juga ya angkatan 22 ini waktu kuliah masih dapet msib pas udh lulus ada maganghub,netral,0.948,umum,8987.0,,,2026-07-21,Semen Indonesia,anjay angkat 22 waktu kuliah dapet msib pas lulus maganghub
2079904049655398531,agusanugrah_,"Mungkin warga Gresik ada yang mau join tennis Sabtu besok di Lapangan Semen Gresik? Bisa hit reclub dibawah yahh!!

[35k] TENNIS TYME!!! OPEN FOR NEWBIE AND BEGINNER 🔰
⏰ Sat, Jul 25 4:00 PM
📍 Lapangan Semen Indonesia, Gresik

RSVP: https://t.co/SgMpzirmV2",mungkin warga gresik ada yang mau join tennis sabtu besok di lapangan semen gresik bisa hit reclub dibawah yahh 35k tennis tyme open for newbie and beginner sat jul 25 400 pm lapangan semen indonesia gresik rsvp,netral,0.991,industri,0.0,,,2026-07-22,Semen Indonesia,mungkin warga gresik mau join tennis sabtu besok lapang semen gresik hit reclub bawah yahh 35k tennis tyme open for newbie and beginner sat jul 25 400 pm lapang semen indonesia gresik rsvp
2079841859946553522,rinto_triditomo,"@MafiaWasit Sponsor by PLTU Karang Kandri, PLTU Adipala, Pertamina dan Dynamix Semen Indonesia Group 😃",sponsor by pltu karang kandri pltu adipala pertamina dan dynamix semen indonesia group,netral,0.995,industri,0.0,,,2026-07-22,Semen Indonesia,sponsor by pltu karang kandri pltu adipala pertamina dynamix semen indonesia group
2081601851104137235,iyas_yskrn,"Ada truck mogok utara jiipe manyar
Dekat kawasan asrama xinyi  @e100ss https://t.co/ca7SFzyWCB",ada truck mogok utara jiipe manyar dekat kawasan asrama xinyi,netral,0.994,industri,0.0,,,2026-07-27,JIIPE,truck mogok utara jiipe manyar dekat kawasan asrama xinyi
2080725809078337716,bullandbear_id,"UPDATE 🎴 PT AKR Corporindo Tbk cetak pertumbuhan laba bersih 21,2% YoY menjadi Rp1,43 triliun per Juni 2026, ditopang lonjakan pendapatan hingga 44% ⛽.

Yang perlu diperhatikan:

• Kontributor Utama: Pendapatan perdagangan/distribusi BBM & kimia dasar naik 43,81% YoY ke Rp28,03 triliun (91,27% dari total pendapatan Rp30,71 triliun), sementara segmen lahan kawasan industri JIIPE Gresik melonjak 100% YoY ke Rp1,71 triliun
• Kinerja Margin & Dividen: Kendati kenaikan beban menekan net profit margin ke 4,64% (vs 5,51% tahun lalu), AKRA berkomitmen bagikan dividen interim Rp1 triliun (Rp50/saham, yield ~3,55%) dengan payment date 14 Agustus 2026
• Pergerakan Saham: Meski saham terkoreksi 5,05% ke Rp1.410 pada perdagangan Kamis (23/7), secara YTD AKRA masih melaju +10,16%, jauh ungguli IHSG yang terkoreksi -27,81%

Sektor diuntungkan: Fuel Trading & Logistics, Industrial Estate (JIIPE) & High-Yield Dividend Stocks. 

$AKRA #IDX #Earnings #EnergySector",update pt akr corporindo tbk cetak pertumbuhan laba bersih 212 yoy menjadi rp143 triliun per juni 2026 ditopang lonjakan pendapatan hingga 44 yang perlu diperhatikan kontributor utama pendapatan perdagangandistribusi bbm kimia dasar naik 4381 yoy ke rp2803 triliun 9127 dari total pendapatan rp3071 triliun sementara segmen lahan kawasan industri jiipe gresik melonjak 100 yoy ke rp171 triliun kinerja margin dividen kendati kenaikan beban menekan net profit margin ke 464 vs 551 tahun lalu akra berkomitmen bagikan dividen interim rp1 triliun rp50saham yield 355 dengan payment date 14 agustus 2026 pergerakan saham meski saham terkoreksi 505 ke rp1410 pada perdagangan kamis 237 secara ytd akra masih melaju 1016 jauh ungguli ihsg yang terkoreksi 2781 sektor diuntungkan fuel trading logistics industrial estate jiipe highyield dividend stocks akra idx earnings energysector,netral,0.959,pemerintahan,0.0,,,2026-07-24,JIIPE,update pt akr corporindo tbk cetak tumbuh laba bersih 212 yoy jadi rp143 triliun per juni 2026 topang lonjak dapat hingga 44 perlu perhati kontributor utama dapat perdagangandistribusi bbm kimia dasar naik 4381 yoy rp2803 triliun 9127 total dapat rp3071 triliun segmen lahan kawasan industri jiipe gresik lonjak 100 yoy rp171 triliun kerja margin dividen kendati naik beban tekan net profit margin 464 vs 551 tahun lalu akra komitmen bagi dividen interim rp1 triliun rp50saham yield 355 payment date 14 agustus 2026 gera saham meski saham koreksi 505 rp1410 dagang kamis 237 ytd akra laju 1016 jauh unggul ihsg koreksi 2781 sektor untung fuel trading logistics industrial estate jiipe highyield dividend stocks akra idx earnings energysector
2080509819421937708,rickyho_1989,"AKRA’s 2Q26 headline looks good. The underlying business is less exciting.

Revenue: +44% YoY
Net profit: +21% YoY

But…

• Gross margin fell 9% → 7%
• Trading margin collapsed 7.4% → 5.6%
• 2Q trading margin dropped further to 4.6% from 7.0% in 1Q.

Higher oil prices aren’t automatically bullish for fuel distributors.

Brent above US$100 and crack spreads near US$70/bbl (vs. normal US$15-20) actually squeezed AKRA’s core trading margins as the company couldn’t fully pass through higher procurement costs.

Fortunately, JIIPE saved the quarter.

• Land sales: 58ha vs. 22ha last year.
• 41ha booked in 2Q alone.

The bigger issue is valuation.

Consensus expects:
• 2027 earnings growth: just +5%
• 2028 earnings: -1%

Yet the stock still trades at around 10x 2027 PER.

AKRA is no longer a growth story.

It’s now a quality company whose future returns depend on margin recovery, not revenue growth.",akras 2q26 headline looks good the underlying business is less exciting revenue 44 yoy net profit 21 yoy but gross margin fell 9 7 trading margin collapsed 74 56 2q trading margin dropped further to 46 from 70 in 1q higher oil prices arent automatically bullish for fuel distributors brent above us100 and crack spreads near us70bbl vs normal us1520 actually squeezed akras core trading margins as the company couldnt fully pass through higher procurement costs fortunately jiipe saved the quarter land sales 58ha vs 22ha last year 41ha booked in 2q alone the bigger issue is valuation consensus expects 2027 earnings growth just 5 2028 earnings 1 yet the stock still trades at around 10x 2027 per akra is no longer a growth story its now a quality company whose future returns depend on margin recovery not revenue growth,netral,0.54,industri,13.0,,,2026-07-24,JIIPE,akras 2q26 headline looks good the underlying business is less exciting revenue 44 yoy net profit 21 yoy but gross margin fell 9 7 trading margin collapsed 74 56 2q trading margin dropped further to 46 from 70 in 1q higher oil prices arent automatically bullish for fuel distributors brent above us100 and crack spreads near us70bbl vs normal us1520 actually squeezed akras core trading margins as the company couldnt fully pass through higher procurement costs fortunately jiipe saved the quarter land sales 58ha vs 22ha last year 41ha booked in 2q alone the bigger issue is valuation consensus expects 2027 earnings growth just 5 2028 earnings 1 yet the stock still trades at around 10x 2027 per akra is no longer a growth story its now a quality company whose future returns depend on margin recovery not revenue growth
2080509411626492380,rickyho_1989,https://t.co/S9xdHCsUqa,,netral,0.0,umum,3.0,,,2026-07-24,JIIPE,
2080324954844008617,blissthethicsss,"@zuzuhroh iya kak selalu hati2 ini
dlu sempat rantau di gresik udh 2thnan jg kerja area jiipe, skrg balik lg kesini😂😭",iya kak selalu hati2 ini dlu sempat rantau di gresik udh 2thnan jg kerja area jiipe skrg balik lg kesini,netral,0.918,industri,1.0,,,2026-07-23,JIIPE,iya kak selalu hati2 dlu sempat rantau gresik 2thnan jg kerja area jiipe skrg balik lg kesini
2080323820968382534,blissthethicsss,"pulang kerja dr jiipe ke manyar macet
trs ke surabaya, dr banyuurip macet ada truk guling
pulang dr surabaya ke gresik jg masih macet di manyar
macete semakin malam semakin nggilani😭 https://t.co/hLQy8BNT6R",pulang kerja dr jiipe ke manyar macet trs ke surabaya dr banyuurip macet ada truk guling pulang dr surabaya ke gresik jg masih macet di manyar macete semakin malam semakin nggilani,negatif,0.994,infrastruktur,2.0,,,2026-07-23,JIIPE,pulang kerja jiipe manyar macet trs surabaya banyuurip macet truk guling pulang surabaya gresik jg macet manyar macete makin malam makin nggilani
2080285787728601372,Achmad306656290,@Randy3009851792 Hahahaha ngarep banget dl pas jiipe masih proyek ada tapi nyebrang Bengawan Solo jembatan kayu setengah meter doang klotak klotak khas zaman dulu 😂,hahahaha ngarep banget dl pas jiipe masih proyek ada tapi nyebrang bengawan solo jembatan kayu setengah meter doang klotak klotak khas zaman dulu,negatif,0.86,infrastruktur,0.0,,,2026-07-23,JIIPE,hahahaha ngarep banget dl pas jiipe proyek nyebrang bengawan solo jembatan kayu tengah meter doang klotak klotak khas zaman dulu
2080239064058581040,Randy3009851792,@Achmad306656290 Ono tembusan jiipe Manyar ngunu jos jis,ono tembusan jiipe manyar ngunu jos jis,negatif,0.983,industri,0.0,,,2026-07-23,JIIPE,ono tembus jiipe manyar ngunu jos jis
2080113068055601280,e100ss,"09.07:
1. Exit Tol Manyar Gresik arah Jalan Raya Deandles atau JIIPE padat. Krisnma pendengar SS mengabarkan ada perbaikan jalan;
2. Jalan Raya Tuban arah Jalan Raya Babat macet. Ilham pendengar SS mengabarkan ada haul di Pondok Langitan, Widang Tuban. Ia menyarankan apabila pengendara dari Surabaya arah Tuban, sebaikanya melewati Manyar, Gresik. (ss-al)",0907 1 exit tol manyar gresik arah jalan raya deandles atau jiipe padat krisnma pendengar ss mengabarkan ada perbaikan jalan 2 jalan raya tuban arah jalan raya babat macet ilham pendengar ss mengabarkan ada haul di pondok langitan widang tuban ia menyarankan apabila pengendara dari surabaya arah tuban sebaikanya melewati manyar gresik ssal,netral,0.872,infrastruktur,14.0,,,2026-07-23,JIIPE,0907 1 exit tol manyar gresik arah jalan raya deandles jiipe padat krisnma dengar ss abar baik jalan 2 jalan raya tuban arah jalan raya babat macet ilham dengar ss abar haul pondok langit widang tuban saran apabila kendara surabaya arah tuban sebaikanya lewat manyar gresik ssal
2079925968572141612,blissthethicsss,@jodohhmmuuu di jiipe,di jiipe,positif,0.727,industri,0.0,,,2026-07-22,JIIPE,jiipe
2079838760666312739,HamzaRasyidi,"Xinyi dari awal sudah di JIIPE Gresik
Rempang itu proyek Jokowi cs",xinyi dari awal sudah di jiipe gresik rempang itu proyek jokowi cs,netral,0.996,industri,0.0,,,2026-07-22,JIIPE,xinyi awal jiipe gresik rempang proyek jokowi cs
2079740618000269327,arifbalikpapan1,"Xinyi Glass Holdings Limited tidak pernah menandatangani kontrak maupun memprakarsai proyek Rempang Eco-City!

Saat Era Jokowi bernarasi investasi Rp174 Triliun akan dikucurkan di Rempang 

Dasar!!! https://t.co/ufNvtvkZxg",xinyi glass holdings limited tidak pernah menandatangani kontrak maupun memprakarsai proyek rempang ecocity saat era jokowi bernarasi investasi rp174 triliun akan dikucurkan di rempang dasar,netral,0.995,ekonomi,100.0,,,2026-07-22,JIIPE,xinyi glass holdings limited pernah menandatangani kontrak maupun prakarsa proyek rempang ecocity era jokowi narasi investasi rp174 triliun kucur rempang dasar
2081586515197698140,gpmmd2429,@Lic4ya Area pabrik Gresik bagian mana kak? Di Gresik banyak kawasan industri,area pabrik gresik bagian mana kak di gresik banyak kawasan industri,netral,0.96,industri,0.0,,,2026-07-27,pabrik Gresik,area pabrik gresik bagi mana kak gresik banyak kawasan industri
2081665463218847844,e100ss,"15.57: 
1. Exit Tol Manyar Gresik macet;
2. Truk mogok di simpang Saimbang Sidoarjo. Adhi pendengar SS melaporkan, lalu lintas dari Dungus arah Sidoarjo kota maupun sebaliknya terjadi antrean. (ss-tm)",1557 1 exit tol manyar gresik macet 2 truk mogok di simpang saimbang sidoarjo adhi pendengar ss melaporkan lalu lintas dari dungus arah sidoarjo kota maupun sebaliknya terjadi antrean sstm,netral,0.991,infrastruktur,0.0,,,2026-07-27,Manyar Gresik,1557 1 exit tol manyar gresik macet 2 truk mogok simpang saimbang sidoarjo adhi dengar ss lapor lalu lintas dungus arah sidoarjo kota maupun balik jadi antre sstm
2081549320302756177,BayuPtama,"Jadi, smelter PT Freeport Indonesia (PTFI) yang dibangun di Manyar, Gresik itu bukan sekadar pabrik biasa. Ini adalah smelter tembaga dengan desain jalur tunggal (single line) terbesar di dunia! https://t.co/1IEwlcFq9Z",jadi smelter pt freeport indonesia ptfi yang dibangun di manyar gresik itu bukan sekadar pabrik biasa ini adalah smelter tembaga dengan desain jalur tunggal single line terbesar di dunia,netral,0.988,industri,0.0,,,2026-07-27,Manyar Gresik,jadi smelter pt freeport indonesia ptfi bangun manyar gresik bukan sekadar pabrik biasa smelter tembaga desain jalur tunggal single line besar dunia
2080124836450611291,mediagress,"Rental PS Mundak Ta Saiki Ji...?
.
.
.
📍 Warkop Giras Black Coffee Manyarejo, Manyar, Gresik, Jatim.
.
#mediagress #gresik #gresik24jam #warkop #kopi https://t.co/CqLafxVCxs",rental ps mundak ta saiki ji warkop giras black coffee manyarejo manyar gresik jatim mediagress gresik gresik24jam warkop kopi,netral,0.988,umum,0.0,,,2026-07-23,Manyar Gresik,rental ps mundak ta saiki ji warkop giras black coffee manyarejo manyar gresik jatim mediagress gresik gresik24jam warkop kopi
2079523894353088895,e100ss,"18.07: 
1. Jalan Kertajaya arah simpang Menur macet;
2. Lakarsantri dari Driyorejo macet;
3. Exit Tol Manyar Gresik macet;
4. Simpang Benowo macet;
5. Semolowaru arah Merr macet. (ss-tm)",1807 1 jalan kertajaya arah simpang menur macet 2 lakarsantri dari driyorejo macet 3 exit tol manyar gresik macet 4 simpang benowo macet 5 semolowaru arah merr macet sstm,netral,0.965,infrastruktur,0.0,,,2026-07-21,Manyar Gresik,1807 1 jalan kertajaya arah simpang menur macet 2 lakarsantri driyorejo macet 3 exit tol manyar gresik macet 4 simpang benowo macet 5 semolowaru arah merr macet sstm
2081427957814620436,hazanafa,"""NILAI HISTORIS, HUKUM DAN KEUTAMAAN YASIN FADHILAH

Penceramah : 
H. AHMAD Zaini Alawi, SE., MM.
Ketua Tanfidziyah Pengurus Ranting Nahdlatul Ulama Kelurahan Indro Kebomas Gresik

YOUTUBE SARINYALA CHANNEL
https://t.co/y5EpfhjVQ7

FACEBOOK ZAINI ALAWI
https://t.co/DzhQsvcGYT https://t.co/BrV5NBpvsO",nilai historis hukum dan keutamaan yasin fadhilah penceramah h ahmad zaini alawi se mm ketua tanfidziyah pengurus ranting nahdlatul ulama kelurahan indro kebomas gresik youtube sarinyala channel facebook zaini alawi,netral,0.996,umum,2.0,,,2026-07-26,Kebomas Gresik,nilai historis hukum utama yasin fadhilah ceramah h ahmad zaini alawi se mm ketua tanfidziyah urus ranting nahdlatul ulama lurah indro kebomas gresik youtube sarinyala channel facebook zaini alawi
2079919964652454074,Putrianjelin2,"Pabrik tangki air fiberglass high quality.
Tersedia semua jenis tangki air fiberglass harga bersaing.
*Info pemesanan hubungi:
#BIOTOKKO
*Perum gading intan blok d1 no 15 driyorejo-gresik.
*Telp kantor:(031-99059250)
*WhatsApp:(08113252285 // 085732168569) https://t.co/4c5jIN4ql6",pabrik tangki air fiberglass high quality tersedia semua jenis tangki air fiberglass harga bersaing info pemesanan hubungi biotokko perum gading intan blok d1 no 15 driyorejogresik telp kantor03199059250 whatsapp08113252285 085732168569,netral,0.989,ekonomi,0.0,,,2026-07-22,Driyorejo Gresik,pabrik tangki air fiberglass high quality sedia semua jenis tangki air fiberglass harga saing info mesan hubung biotokko perum gading intan blok d1 no 15 driyorejogresik telp kantor03199059250 whatsapp08113252285 085732168569
2079825258639704424,e100ss,13.58: Info awal #kecelakaan di simpang Raya Driyorejo Gresik-Pasar Sumput. Truk terguling posisinya melintang menutup persimpangan. (ss-tm) https://t.co/uAYmbSqYeb,1358 info awal kecelakaan di simpang raya driyorejo gresikpasar sumput truk terguling posisinya melintang menutup persimpangan sstm,netral,0.998,ekonomi,0.0,,,2026-07-22,Driyorejo Gresik,1358 info awal celaka simpang raya driyorejo gresikpasar sumput truk guling posisi lintang tutup simpang sstm
2079515699941425411,Putrianjelin2,"Toilet portable biotokko bisa langsung pakai harga bersaing 
Asesoris dalam lengkap bahan dasar fiberglass.
#pemesanan hubungi:
#BIOTOKKO
*Perum gading intan blok d1 no.15 driyorejo-gresik.
*Telp kantor:(031-99059250)
*WhatsApp:(08113252285 // 085732168569) https://t.co/5F99mwpNL6",toilet portable biotokko bisa langsung pakai harga bersaing asesoris dalam lengkap bahan dasar fiberglass pemesanan hubungi biotokko perum gading intan blok d1 no15 driyorejogresik telp kantor03199059250 whatsapp08113252285 085732168569,netral,0.988,ekonomi,0.0,,,2026-07-21,Driyorejo Gresik,toilet portable biotokko langsung pakai harga saing asesoris lengkap bahan dasar fiberglass mesan hubung biotokko perum gading intan blok d1 no15 driyorejogresik telp kantor03199059250 whatsapp08113252285 085732168569
2081327171239575691,leesunqy,"sfs menganti gresik nih sumpah sepi bgt, ini masih banyak loh! kemaren waktu ak pick up di jam 8 malem, cup sleeve nya masih stok banyak dan numpuk. semoga aja besok ada md yg lainnya juga huhuuu 🥹🙏🏻 https://t.co/e9faK6drHy",sfs menganti gresik nih sumpah sepi bgt ini masih banyak loh kemaren waktu ak pick up di jam 8 malem cup sleeve nya masih stok banyak dan numpuk semoga aja besok ada md yg lainnya juga huhuuu,negatif,0.986,umum,0.0,,,2026-07-26,Menganti Gresik,sfs anti gresik nih sumpah sepi banget banyak loh kemaren waktu ak pick up jam 8 malem cup sleeve nya stok banyak numpuk moga besok md lain huhuuu
2079724919282360700,e100ss,"07.26: 
1. TL di Simpang Semolowaru dilaporkan padam, waspadai kepadatan lalu lintasnya;
2. Menganti Gresik arah Lakarsantri macet;
3. Lidah Kulon arah simpang Lontar Lidah Kulon macet;
4. Ambeng-Ambeng Gresik arah Bunder macet. (ss-tm)",0726 1 tl di simpang semolowaru dilaporkan padam waspadai kepadatan lalu lintasnya 2 menganti gresik arah lakarsantri macet 3 lidah kulon arah simpang lontar lidah kulon macet 4 ambengambeng gresik arah bunder macet sstm,netral,0.911,infrastruktur,0.0,,,2026-07-22,Menganti Gresik,0726 1 tl simpang semolowaru lapor padam waspada padat lalu lintas 2 anti gresik arah lakarsantri macet 3 lidah kulon arah simpang lontar lidah kulon macet 4 ambengambeng gresik arah bunder macet sstm
2079478312519516391,e100ss,"15.06: 
1. Ada unjuk rasa di depan Kejaksaan Tinggi Jatim Jalan Frontage Ahmad Yani, waspadai kepadatan saat melintas;
2. Lontar macet imbas truk bermasalah;
3. Bringkang Menganti Gresik macet imbas perbaikan jalan. (ss-tm)",1506 1 ada unjuk rasa di depan kejaksaan tinggi jatim jalan frontage ahmad yani waspadai kepadatan saat melintas 2 lontar macet imbas truk bermasalah 3 bringkang menganti gresik macet imbas perbaikan jalan sstm,netral,0.993,infrastruktur,5.0,,,2026-07-21,Menganti Gresik,1506 1 unjuk rasa depan jaksa tinggi jatim jalan frontage ahmad yani waspada padat lintas 2 lontar macet imbas truk masalah 3 bringkang anti gresik macet imbas baik jalan sstm
2079420552020885855,e100ss,"11.15:
1. Kalianak MACET dua arah;
2. Kawasan Romokalisari masih macet imbas volume;
3. Tol Satelit arah Dupak macet imbas truk bermasalah di KM 8;
4. Simpang empat Pasar Menganti Gresik padat;
5. TL Purwosari Pasuruan padat merambat imbas evakuasi #kecelakaan bus menabrak median jalan. (ss-af)",1115 1 kalianak macet dua arah 2 kawasan romokalisari masih macet imbas volume 3 tol satelit arah dupak macet imbas truk bermasalah di km 8 4 simpang empat pasar menganti gresik padat 5 tl purwosari pasuruan padat merambat imbas evakuasi kecelakaan bus menabrak median jalan ssaf,netral,0.96,infrastruktur,0.0,,,2026-07-21,Menganti Gresik,1115 1 kalianak macet arah 2 kawasan romokalisari macet imbas volume 3 tol satelit arah dupak macet imbas truk masalah km 8 4 simpang empat pasar anti gresik padat 5 tl purwosari pasuruan padat rambat imbas evakuasi celaka bus tabrak median jalan ssaf
2081212794662428717,Samsul84919339,@xkode06 Info cs daerah cerme gresik..?,info cs daerah cerme gresik,netral,0.998,umum,0.0,,,2026-07-26,Cerme Gresik,info cs daerah cerme gresik
2080606806351741122,memorysongs2023,"Saya dulu kkn di desa kandangan, cerme, gresik 😁",saya dulu kkn di desa kandangan cerme gresik,netral,0.997,umum,2.0,,,2026-07-24,Cerme Gresik,dulu kkn desa kandang cerme gresik
2080514277803504049,kompascom,"Viral video seorang lansia yang mengira posko KKN mahasiswa Untag Surabaya sebagai warung penyetan.

Kesalahpahaman itu terjadi karena spanduk posko KKN di Desa Asempapak, Gresik, didesain menyerupai spanduk warung makan dengan ilustrasi aneka lauk.

Kepala Desa Asempapak membenarkan peristiwa tersebut dan menyebut video itu baru diketahuinya setelah kegiatan KKN selesai. 

""Saya juga baru tahu video itu kemarin, diberitahu sama teman-teman setelah mahasiswa selesai KKN. Lucu lihatnya,"" ujar Kepala Desa.

🎥:TikTok/KKNR17_ASEMPAPAK

Penulis: Hamzah Arfah, Reni Susanti
Kreatif: Muchammad Chadziq Hanggeni Utomo
Produser: Elizabeth Ayudya

_ #KKN #JawaTimur #Read",viral video seorang lansia yang mengira posko kkn mahasiswa untag surabaya sebagai warung penyetan kesalahpahaman itu terjadi karena spanduk posko kkn di desa asempapak gresik didesain menyerupai spanduk warung makan dengan ilustrasi aneka lauk kepala desa asempapak membenarkan peristiwa tersebut dan menyebut video itu baru diketahuinya setelah kegiatan kkn selesai saya juga baru tahu video itu kemarin diberitahu sama temanteman setelah mahasiswa selesai kkn lucu lihatnya ujar kepala desa tiktokkknr17_asempapak penulis hamzah arfah reni susanti kreatif muchammad chadziq hanggeni utomo produser elizabeth ayudya _ kkn jawatimur read,netral,0.898,umum,255.0,,,2026-07-24,Cerme Gresik,viral video orang lansia ira posko kkn mahasiswa untag surabaya warung penyet kesalahpahaman jadi spanduk posko kkn desa asempapak gresik desain rupa spanduk warung makan ilustrasi aneka lauk kepala desa asempapak benar peristiwa sebut sebut video baru tahu giat kkn selesai baru tahu video kemarin diberitahu sama temanteman mahasiswa selesai kkn lucu lihat ujar kepala desa tiktokkknr17 asempapak tulis hamzah arfah reni susanti kreatif muchammad chadziq hanggeni utomo produser elizabeth ayudya  kkn jawatimur read
2079843618332791226,e100ss,"15.18: 
1. Jalan Perak Barat arah Jalan Prapat Kurung macet. Yuyun pendengar SS melaporkan, lalu lintas sudah 20 menit tidak bergerak;
2. Kawasan Sidayu Gresik macet, imbas perbaikan jalan. Anwar pendengar SS melaporkan, lalu lintas diatur buka tutup. Jabir pendengar SS menambahkan, sudah 40 menit terjebak kemacetan;
3. Ada truk bermasalah di Jembatan Suramadu, dari Madura arah Surabaya. Posisinya di lajur kiri. Waspadai, Kawan. (ss-ji)",1518 1 jalan perak barat arah jalan prapat kurung macet yuyun pendengar ss melaporkan lalu lintas sudah 20 menit tidak bergerak 2 kawasan sidayu gresik macet imbas perbaikan jalan anwar pendengar ss melaporkan lalu lintas diatur buka tutup jabir pendengar ss menambahkan sudah 40 menit terjebak kemacetan 3 ada truk bermasalah di jembatan suramadu dari madura arah surabaya posisinya di lajur kiri waspadai kawan ssji,netral,0.555,infrastruktur,11.0,,,2026-07-22,Sidayu Gresik,1518 1 jalan perak barat arah jalan prapat kurung macet yuyun dengar ss lapor lalu lintas 20 menit gerak 2 kawasan sidayu gresik macet imbas baik jalan anwar dengar ss lapor lalu lintas atur buka tutup jabir dengar ss tambah 40 menit jebak macet 3 truk masalah jembatan suramadu madura arah surabaya posisi lajur kiri waspada kawan ssji
2081928895750697327,sbyfess,"-rek mau tnya, ke samsat buat ganti plat nomor tapi beda domisili bisa gak yo? Plat motorku kan W (gresik) tapi alamat omahku ndek sby. Opo aku kudu ke samsat gresik kota..",rek mau tnya ke samsat buat ganti plat nomor tapi beda domisili bisa gak yo plat motorku kan w gresik tapi alamat omahku ndek sby opo aku kudu ke samsat gresik kota,netral,0.856,umum,1.0,,,2026-07-28,Samsat Gresik,rek mau tnya samsat buat ganti plat nomor beda domisili gak yo plat motor kan w gresik alamat omahku ndek sby opo aku kudu samsat gresik kota
2082063674748071945,kimcieLKorak,@onyewl HSHS AH SDAKDJS DI SKKSAKSJDN CEK LUCUNE AST CICI KECIL DAN PACAR JABRIKNYA (bkn cici sm pph),hshs ah sdakdjs di skksaksjdn cek lucune ast cici kecil dan pacar jabriknya bkn cici sm pph,negatif,0.808,umum,0.0,,,2026-07-28,Gresik,hshs ah sdakdjs skksaksjdn cek lucune ast cici kecil pacar jabrik bkn cici sama pph
2082059740839092329,siiemak,@ndraperkasa Weh hihii mampir gresik sih harusnya mas 😝,weh hihii mampir gresik sih harusnya mas,positif,0.506,umum,0.0,,,2026-07-28,Gresik,weh hihii mampir gresik sih harus mas
2082058506690076689,sbyfess,"-rek inpokan wifi buat kantor yg unlimited tanpa FUP dong, atau kalo bisa yg FUP nya di atas 1.200 GB. Areanya buat Driyorejo gresik yaa 🙏🏻🙏🏻",rek inpokan wifi buat kantor yg unlimited tanpa fup dong atau kalo bisa yg fup nya di atas 1200 gb areanya buat driyorejo gresik yaa,netral,0.977,umum,0.0,,,2026-07-28,Gresik,rek inpokan wifi buat kantor unlimited fup dong kalo fup nya atas 1200 gb area buat driyorejo gresik yaa
2082040113358586181,e100ss,"16.46: 
1. Banyuurip arah Simo Pomahan macet. Effiana pendengar SS melaporkan imbas ada kecelakaan. Saat ini korban sudah dibawa ambulans;
2. Exit Tol Manyar Gresik masih macet. Hindari dulu jalur ini;
3. Simpang Lakarsantri macet;
4. Simpang Jagir Wonokromo macet;
5. Raya Darmo arah Wonokromo macet;
6. Ketintang macet;
7. Nginden dan Panjang Jiwo arah Prapen macet. (ss-tm)",1646 1 banyuurip arah simo pomahan macet effiana pendengar ss melaporkan imbas ada kecelakaan saat ini korban sudah dibawa ambulans 2 exit tol manyar gresik masih macet hindari dulu jalur ini 3 simpang lakarsantri macet 4 simpang jagir wonokromo macet 5 raya darmo arah wonokromo macet 6 ketintang macet 7 nginden dan panjang jiwo arah prapen macet sstm,netral,0.849,infrastruktur,1.0,,,2026-07-28,Gresik,1646 1 banyuurip arah simo pomahan macet effiana dengar ss lapor imbas celaka korban bawa ambulans 2 exit tol manyar gresik macet hindar dulu jalur 3 simpang lakarsantri macet 4 simpang jagir wonokromo macet 5 raya darmo arah wonokromo macet 6 ketintang macet 7 nginden panjang jiwo arah prapen macet sstm
2082040081561588195,DhaniAnggara,@Newnadeeks Di gresik ada fitness centre kayak gini dimana sist?,di gresik ada fitness centre kayak gini dimana sist,netral,0.882,umum,1.0,,,2026-07-28,Gresik,gresik fitness centre kayak gin sist
2082038690902315304,kimcieLKorak,Jummo sm avocean ikut lomba agustusan,jummo sm avocean ikut lomba agustusan,netral,0.988,umum,0.0,,,2026-07-28,Gresik,jummo sama avocean ikut lomba agustus
2081589030735782104,naarakmark,Gua WNI ya jangan maen maen https://t.co/klbHxcwObm,gua wni ya jangan maen maen,negatif,0.981,umum,3146.0,,,2026-07-27,Gresik,gua wni jangan maen maen
2082038617510441208,Riiinkhu,@sylusteknik Aku gresik ka,aku gresik ka,netral,0.872,umum,0.0,,,2026-07-28,Gresik,aku gresik ka
2082037654812844251,kimcieLKorak,Adek 🥺💙💛,adek,netral,0.0,umum,0.0,,,2026-07-28,Gresik,adek
2081983050678972803,jummo__gmmtv,เช้านิ้โม่ตื่นมาหั้ยกำใจแด๊ดด๊าซ้อมคอนเยียบย้อย กอดกานกลมเรยล่ะ,เชานโมตนมาหยกำใจแดดดาซอมคอนเยยบยอย กอดกานกลมเรยละ,netral,0.0,umum,31687.0,,,2026-07-28,Gresik, 
2082037384817057815,kimcieLKorak,"GUA YG AWALNYA HIATUS X SM TIKTOK langsung kaget liat berita ini my jumark gw😢😢😢💙💛 
Bahkan mark sampe nonaktifkan ig…sampai separah ini ya😢",gua yg awalnya hiatus x sm tiktok langsung kaget liat berita ini my jumark gw bahkan mark sampe nonaktifkan igsampai separah ini ya,negatif,0.996,umum,0.0,,,2026-07-28,Gresik,gua awal hiatus x sama tiktok langsung kaget liat berita my jumark gw bahkan mark sampe nonaktif igsampai parah
2082036853960843543,kimcieLKorak,NGAKAKAKA terus ada adegan nampar staff nya sambil bilang “dont touch my little bolu ketan” kah?? Udah gw aja yg salah,ngakakaka terus ada adegan nampar staff nya sambil bilang dont touch my little bolu ketan kah udah gw aja yg salah,negatif,0.979,umum,0.0,,,2026-07-28,Gresik,ngakakaka terus adegan nampar staff nya bilang dont touch my little bolu ketan udah gw salah
2082036544739889312,kuikafein,"@sbyfess ini ganti plat 5 tahunan ya? setauku harus cabut berkas dulu sih, ngurus mutasi keluar (di gresik). terus mutasi masuk (sby). cmiiw",ini ganti plat 5 tahunan ya setauku harus cabut berkas dulu sih ngurus mutasi keluar di gresik terus mutasi masuk sby cmiiw,netral,0.668,umum,0.0,,,2026-07-28,Gresik,ganti plat 5 tahun tau cabut berkas dulu sih ngurus mutasi keluar gresik terus mutasi masuk sby cmiiw
2082030196996333810,Nasikepal23,"@catitsu oalahh, besok coba tak cari lagi
nde gresik semua outlet ws sold kak😭",oalahh besok coba tak cari lagi nde gresik semua outlet ws sold kak,netral,0.981,umum,0.0,,,2026-07-28,Gresik,oalahh besok coba tak cari nde gresik semua outlet ws sold kak
2082028292555567529,petrogresik,"Sahabat, kualitas air yang baik menjadi kunci agar ikan dan udang dapat tumbuh lebih optimal. 🐟🦐💧

Petrofish hadir untuk membantu menumbuhkan pakan alami, menjaga kesehatan ikan dan udang, serta memperbaiki kualitas air budidaya. Praktis digunakan, maksimal hasilnya! ✨

#PetrokimiaGresik #SolusiAgroindustri #Petrofish #BudidayaIkan #BudidayaUdang",sahabat kualitas air yang baik menjadi kunci agar ikan dan udang dapat tumbuh lebih optimal petrofish hadir untuk membantu menumbuhkan pakan alami menjaga kesehatan ikan dan udang serta memperbaiki kualitas air budidaya praktis digunakan maksimal hasilnya petrokimiagresik solusiagroindustri petrofish budidayaikan budidayaudang,netral,0.537,industri,0.0,,,2026-07-28,Gresik,sahabat kualitas air baik jadi kunci ikan udang tumbuh lebih optimal petrofish hadir bantu tumbuh pakan alami jaga sehat ikan udang baik kualitas air budidaya praktis guna maksimal hasil petrokimiagresik solusiagroindustri petrofish budidayaikan budidayaudang
2082026978023264678,Nasikepal23,@jaeklma gresik ka,gresik ka,netral,0.928,umum,1.0,,,2026-07-28,Gresik,gresik ka
2082023396527997240,e100ss,"15.39: Betonisasi di Exit Tol Manyar, lalu lintas macet total. BBPPJN Jatim-Bali lakukan manajemen lalu lintas jalur alternatif kendaraan R2 dan R4 pribadi:

- Dari Kab Lamongan ke Kota Gresik: Jalan Leran belok kanan-Jalan Poros Banjar Sari-Jalan Kyai H. Syafii belok kanan. 
- Dari Kota Gresik ke arah Lamongan: Jalan Kyai H Syafii belok kanan-Jalan Poros Banjar Sari belok kiri-Jalan Leran belok kiri.

Disarankan HINDARI Exit Tol Manyar Gresik. (ss-tm)",1539 betonisasi di exit tol manyar lalu lintas macet total bbppjn jatimbali lakukan manajemen lalu lintas jalur alternatif kendaraan r2 dan r4 pribadi dari kab lamongan ke kota gresik jalan leran belok kananjalan poros banjar sarijalan kyai h syafii belok kanan dari kota gresik ke arah lamongan jalan kyai h syafii belok kananjalan poros banjar sari belok kirijalan leran belok kiri disarankan hindari exit tol manyar gresik sstm,netral,0.964,infrastruktur,0.0,,,2026-07-28,Gresik,1539 betonisasi exit tol manyar lalu lintas macet total bbppjn jatimbali laku manajemen lalu lintas jalur alternatif kendara r2 r4 pribadi kab lamongan kota gresik jalan leran belok kananjalan poros banjar sarijalan kyai h syafii belok kanan kota gresik arah lamongan jalan kyai h syafii belok kananjalan poros banjar sari belok kirijalan leran belok kiri saran hindar exit tol manyar gresik sstm
2082022803747029199,pecelsiomju,versiku nyon iki mas mas gresik,versiku nyon iki mas mas gresik,negatif,0.86,umum,0.0,,,2026-07-28,Gresik,versi nyon iki mas mas gresik
2082002066495664527,23moroll,#seonghyeon as mas mas jawa https://t.co/JdP28teEOc,seonghyeon as mas mas jawa,netral,0.983,umum,327.0,,,2026-07-28,Gresik,seonghyeon as mas mas jawa
2082018062648426793,credOLIN,"@arieparikesit Gak ada blas, Mas di Gresik beneraan.",gak ada blas mas di gresik beneraan,positif,0.942,umum,0.0,,,2026-07-28,Gresik,gak blas mas gresik beneraan
2082017739187863965,arieparikesit,@credOLIN Di Gresik? Masa sih?,di gresik masa sih,negatif,0.987,umum,1.0,,,2026-07-28,Gresik,gresik masa sih
2082017576587276422,JavaJimmyMaukar,psp p nya pare s sidoarjo g gresik,psp p nya pare s sidoarjo g gresik,netral,0.992,umum,0.0,,,2026-07-28,Gresik,psp p nya pare s sidoarjo g gresik
2081915323167748529,JukiHoki,Kaget dikit kirain PSG https://t.co/8T4PBamtRH,kaget dikit kirain psg,negatif,0.995,umum,41.0,,,2026-07-28,Gresik,kaget dikit kirain psg
2082016710295794163,e100ss,"15.13: 
1. Exit Tol Manyar Gresik macet. Ahmad pendengar SS melaporkan lalu lintas tidak bergerak sekitar 1 jam;
2. Margomulyo arah Tandes macet;
3. Jalan Veteran Gresik arah Surabaya macet;
4. Ngasinan arah simpang Benowo macet. (ss-tm)",1513 1 exit tol manyar gresik macet ahmad pendengar ss melaporkan lalu lintas tidak bergerak sekitar 1 jam 2 margomulyo arah tandes macet 3 jalan veteran gresik arah surabaya macet 4 ngasinan arah simpang benowo macet sstm,netral,0.89,infrastruktur,0.0,,,2026-07-28,Gresik,1513 1 exit tol manyar gresik macet ahmad dengar ss lapor lalu lintas gerak 1 jam 2 margomulyo arah tandes macet 3 jalan veteran gresik arah surabaya macet 4 ngasinan arah simpang benowo macet sstm
2081536520243257805,truffletwirl,"Lu mengharapkan apa sih? Mengharapkan JuMark datang di tengah keriuhan terus pegang tangan lu dan bilang “it’s ok babe, biar aku yang ngomong ke staff kalau kamu gak salah”??

Disgusting. 🤢",lu mengharapkan apa sih mengharapkan jumark datang di tengah keriuhan terus pegang tangan lu dan bilang its ok babe biar aku yang ngomong ke staff kalau kamu gak salah disgusting,negatif,0.988,umum,2906.0,,,2026-07-27,Gresik,lu harap apa sih harap jumark datang tengah riuh terus pegang tangan lu bilang its babe biar aku ngomong staff kalau kamu gak salah disgusting
2082014973958693318,YudhaYudhakus,Banyak yang gak ngeh kalau komplek pabrik di Gresik ini diklaim sebagai single line smelter (satu jalur produksi) terbesar di dunia!,banyak yang gak ngeh kalau komplek pabrik di gresik ini diklaim sebagai single line smelter satu jalur produksi terbesar di dunia,positif,0.597,industri,0.0,,,2026-07-28,Gresik,banyak gak ngeh kalau komplek pabrik gresik klaim single line smelter satu jalur produksi besar dunia
2082014963892355523,YudhaYudhakus,"Kalau kita ngomongin soal Smelter Freeport yang di Gresik itu, rata-rata orang tuh cuma sekadar tahu oh, Indonesia punya pabrik olah tambang baru.",kalau kita ngomongin soal smelter freeport yang di gresik itu ratarata orang tuh cuma sekadar tahu oh indonesia punya pabrik olah tambang baru,netral,0.594,industri,0.0,,,2026-07-28,Gresik,kalau ngomongin soal smelter freeport gresik ratarata orang tuh cuma sekadar tahu indonesia punya pabrik olah tambang baru
2082011197227098433,belamatcha,"chan kamu tega, gresik sleeve nya abis anjir😭😭😭",chan kamu tega gresik sleeve nya abis anjir,negatif,0.995,umum,0.0,,,2026-07-28,Gresik,chan kamu tega gresik sleeve nya abis anjir
2082006174388613425,sonatagatda,"g jadi, Sidoarjo sampe hari ga muncul. bismillah Gresik",g jadi sidoarjo sampe hari ga muncul bismillah gresik,netral,0.91,umum,0.0,,,2026-07-28,Gresik,g jadi sidoarjo sampe hari muncul bismillah gresik
2081601284298404103,sonatagatda,"bulan depan tanggal 23 ke Kediri, pekan depannya 29 ke surabaya. semoga PT yang Sidoarjo beneran bisa diakses di maganghub dan dapet rejeki disana bulan depan",bulan depan tanggal 23 ke kediri pekan depannya 29 ke surabaya semoga pt yang sidoarjo beneran bisa diakses di maganghub dan dapet rejeki disana bulan depan,positif,0.85,umum,1.0,,,2026-07-27,Gresik,bulan depan tanggal 23 diri pekan depan 29 surabaya moga pt sidoarjo beneran akses maganghub dapet rejeki sana bulan depan
2082003919564321248,Scouma_go2,"OPEN PO ALPHA DRIVE ONE 2ND MINI ALBUM - UNBREAKABLE : 少年BEAST
 
🎁 Ktown (NO POB) 
💸 Fragile beast = 285k dp 175k (est 500gr) 
💸 Cementic nest = 240k dp 150k (est 400gr) 
💸 Nest = 340k dp 265k (est 300gr) 
💸 Calendar = 175k dp 100k (est 300gr) 
💸 Hissing = 185k dp 135k (est 200gr) 

🎁 Mnet / Musicplant / Makestar / Apple music 
💸 Fragile beast = 355k dp 245k (est 500gr) 
💸 Cementic nest = 300k dp 200k (est 400gr) 
💸 Hissing = 240k dp 185k (est 200gr) 

=> harga akan di update setelah ada discount web 

🎁 POB from web (fragile beast, cementic nest, hissing) 
✅ Est bersih ina
✅ GO line & WA 
❌ Packing & admin🍊

📌 Min buy 5pcs disc 2k/pcs
⚖️ Harga est jika berat & rate turun harga turun begitu sebaliknya

🚚 Gresik Jawa Timur

📩 Form order
https://t.co/oiXypYEeUO",open po alpha drive one 2nd mini album unbreakable 少年beast ktown no pob fragile beast 285k dp 175k est 500gr cementic nest 240k dp 150k est 400gr nest 340k dp 265k est 300gr calendar 175k dp 100k est 300gr hissing 185k dp 135k est 200gr mnet musicplant makestar apple music fragile beast 355k dp 245k est 500gr cementic nest 300k dp 200k est 400gr hissing 240k dp 185k est 200gr harga akan di update setelah ada discount web pob from web fragile beast cementic nest hissing est bersih ina go line wa packing admin min buy 5pcs disc 2kpcs harga est jika berat rate turun harga turun begitu sebaliknya gresik jawa timur form order,netral,0.655,ekonomi,2.0,,,2026-07-28,Gresik,open po alpha drive one 2nd mini album unbreakable beast ktown no pob fragile beast 285k dp 175k est 500gr cementic nest 240k dp 150k est 400gr nest 340k dp 265k est 300gr calendar 175k dp 100k est 300gr hissing 185k dp 135k est 200gr mnet musicplant makestar apple music fragile beast 355k dp 245k est 500gr cementic nest 300k dp 200k est 400gr hissing 240k dp 185k est 200gr harga update discount web pob from web fragile beast cementic nest hissing est bersih ina go line wa packing admin min buy 5pcs disc 2kpcs harga est berat rate turun harga turun balik gresik jawa timur form order
2081999792197284243,kabarbaikdotco,"DPRD Gresik akan memanggil organisasi perangkat daerah (OPD) terkait problematika pelanggaran norma susila sebagai tindak lanjut atas aspirasi Forum Peduli Gresik (FPG).
 https://t.co/ZGWoTznEM8",dprd gresik akan memanggil organisasi perangkat daerah opd terkait problematika pelanggaran norma susila sebagai tindak lanjut atas aspirasi forum peduli gresik fpg,netral,0.998,bencana,0.0,,,2026-07-28,Gresik,dprd gresik panggil organisasi perangkat daerah opd kait problematika langgar norma susila tindak lanjut atas aspirasi forum peduli gresik fpg
2081996011069927891,Nasikepal23,"@RFS0317_ @Kopikenangan_ID gresik kak, bisa sebenere ke sby tp sumpah mager😭 nah yg cabang gresik ini pada abiss kebnayakan",gresik kak bisa sebenere ke sby tp sumpah mager nah yg cabang gresik ini pada abiss kebnayakan,negatif,0.862,umum,0.0,,,2026-07-28,Gresik,gresik kak sebenere sby sumpah mager nah cabang gresik abiss kebnayakan
2081991142334468301,GO_Shoppirang,"WTS WANT TO SELL LIGHSTICK BTS READY STOCK SEALED SIAP KIRIM
LS BTS VER.4 

💸 1.150.000
Pengiriman Gresik, Jawa Timur.
Shopee Free Ongkir
Tokopedia Free ongkir
Harga Inc adm shopee
No adm? split pay

co hari ini siap kirim besoknya! https://t.co/hZj4cSvMEQ",wts want to sell lighstick bts ready stock sealed siap kirim ls bts ver4 1150000 pengiriman gresik jawa timur shopee free ongkir tokopedia free ongkir harga inc adm shopee no adm split pay co hari ini siap kirim besoknya,netral,0.991,ekonomi,1.0,,,2026-07-28,Gresik,wts want to sell lighstick bts ready stock sealed siap kirim ls bts ver4 1150000 kirim gresik jawa timur shopee free ongkir tokopedia free ongkir harga inc adm shopee no adm split pay co hari siap kirim besok
2081989324112056761,e100ss,"13.24:
1. Kedamean Gresik arah Karangandong macet imbas ada truk bermaslah di simpang empat Pasar Kedamean;
2. Ada kabel menjuntai di persimpangan Raya Kampus Unesa arah Emerald Mansion Citraland, dekat SPBU. Waspadai, Kawan. (ss-af) https://t.co/JkRqCsIiWx",1324 1 kedamean gresik arah karangandong macet imbas ada truk bermaslah di simpang empat pasar kedamean 2 ada kabel menjuntai di persimpangan raya kampus unesa arah emerald mansion citraland dekat spbu waspadai kawan ssaf,netral,0.992,infrastruktur,5.0,,,2026-07-28,Gresik,1324 1 dame gresik arah karangandong macet imbas truk mas simpang empat pasar dame 2 kabel juntai simpang raya kampus unesa arah emerald mansion citraland dekat spbu waspada kawan ssaf
2081983997719334933,credOLIN,"@ruangantara0 Woalah iyaa yaa, Kak tadi kayaknya daerah Banyuwangi juga hujan.
Kalau Gresik udah lama bgt gak hujan.",woalah iyaa yaa kak tadi kayaknya daerah banyuwangi juga hujan kalau gresik udah lama bgt gak hujan,negatif,0.945,umum,1.0,,,2026-07-28,Gresik,woalah iyaa yaa kak tadi kayak daerah banyuwangi hujan kalau gresik udah lama banget gak hujan
2081983192094183522,belamatcha,"@chnshinchan wah gila, ini karena stok dikit apa sfs emang banyak di gresik ini",wah gila ini karena stok dikit apa sfs emang banyak di gresik ini,negatif,0.641,umum,0.0,,,2026-07-28,Gresik,wah gila stok dikit apa sfs emang banyak gresik
2081982842503053399,ngetwiteros,Blio kira blio ini semen gresik,blio kira blio ini semen gresik,netral,0.991,industri,0.0,,,2026-07-28,Gresik,blio kira blio semen gresik
2081434884820836719,spesdelune,"built ur country ape anjinggg,  sinarmas lu??",built ur country ape anjinggg sinarmas lu,negatif,0.991,umum,24228.0,,,2026-07-26,Gresik,built ur country ape anjinggg sinarmas lu
2081981853540704749,belamatcha,@chnshinchan KAKK?? KAMU GRESIK?? AKU BARU MAU AMBIL??? APANYA YANG HABIS???,kakk kamu gresik aku baru mau ambil apanya yang habis,negatif,0.541,umum,0.0,,,2026-07-28,Gresik,kakk kamu gresik aku baru mau ambil apa habis
2081981159958073435,papigalih_____,@JukiHoki Pare Sidoarjo Gresik,pare sidoarjo gresik,netral,0.984,umum,0.0,,,2026-07-28,Gresik,pare sidoarjo gresik
2081976844518342961,e100ss,"12.34:
1. Jalan Mayjend Jonosewojo arah Mayjend HR Muhammad macet. Ari pendengar SS melaporkan, antrean sudah sampai Bundaran PTC;
2. Raya Lontar arah Mayjend Jonosewojo padat;
3. Kawasan Manyar Gresik masih macet imbas aktivitas perbaikan jalan;
4. Bakalan Balongbendo Sidoarjo arah Bypass Krian padat imbas aktivitas perbaikan jalan;
5. Ada truk bermasalah di Pasar Kedamean Gresik. Lalu lintas macet. Heru pendengar SS melaporkan, sudah ada Polisi di lokasi. (ss-af)",1234 1 jalan mayjend jonosewojo arah mayjend hr muhammad macet ari pendengar ss melaporkan antrean sudah sampai bundaran ptc 2 raya lontar arah mayjend jonosewojo padat 3 kawasan manyar gresik masih macet imbas aktivitas perbaikan jalan 4 bakalan balongbendo sidoarjo arah bypass krian padat imbas aktivitas perbaikan jalan 5 ada truk bermasalah di pasar kedamean gresik lalu lintas macet heru pendengar ss melaporkan sudah ada polisi di lokasi ssaf,netral,0.796,infrastruktur,0.0,,,2026-07-28,Gresik,1234 1 jalan mayjend jonosewojo arah mayjend hr muhammad macet ari dengar ss lapor antre bundar ptc 2 raya lontar arah mayjend jonosewojo padat 3 kawasan manyar gresik macet imbas aktivitas baik jalan 4 bakal balongbendo sidoarjo arah bypass krian padat imbas aktivitas baik jalan 5 truk masalah pasar dame gresik lalu lintas macet heru dengar ss lapor polisi lokasi ssaf
2081973513410560318,chnshinchan,outlet gresik restock lagi napa…. demi aku pls💔💔💔💔😔😔😔😔,outlet gresik restock lagi napa demi aku pls,netral,0.597,umum,0.0,,,2026-07-28,Gresik,outlet gresik restock napa aku pls
2081969721680040204,penyalurkerja,"Alhamdulillah,, 🥰🥰
. 
Lowongan Kerja Art &amp; Baby Sitter
Penjemputan via Travel Gratis
. 
#surabaya #sidoarjo #malang #gresik #pasuruan #jombang #nganjuk #ngawi #madiun #magetan #ponorogo #blitar #kediri #trenggalek #tulungagung #jember #probolinggo #lumajang #banyuwangi https://t.co/fP9yF0TYfT",alhamdulillah lowongan kerja art amp baby sitter penjemputan via travel gratis surabaya sidoarjo malang gresik pasuruan jombang nganjuk ngawi madiun magetan ponorogo blitar kediri trenggalek tulungagung jember probolinggo lumajang banyuwangi,netral,0.965,bencana,0.0,,,2026-07-28,Gresik,alhamdulillah lowong kerja art amp baby sitter jemput via travel gratis surabaya sidoarjo malang gresik pasuruan jombang nganjuk ngawi madiun magetan ponorogo blitar diri trenggalek tulungagung jember probolinggo lumajang banyuwangi
2081968452605227279,e100ss,"11.58: Kawasan Manyar Gresik masih MACET imbas aktivitas perbaikan jalan. Waspadai kemacetannya, Kawan. (ss-af) https://t.co/xsOOFmtFQU",1158 kawasan manyar gresik masih macet imbas aktivitas perbaikan jalan waspadai kemacetannya kawan ssaf,netral,0.789,infrastruktur,9.0,,,2026-07-28,Gresik,1158 kawasan manyar gresik macet imbas aktivitas baik jalan waspada macet kawan ssaf
2081963115927998968,KoFPLI_GRESIK,"THIS IS #KGR

#BRFI2627 @LigaBRFI

🏟️ Wizard Brew Stadium
🏠 Gresik
🥸 @dhimazpn14
🤓 @fpljagador

@Rockingham_FPL @andykasp @mochamad_baderi @oxapoetra @DickyArifiyant1 @doddydoayz @artadeden @zadzedlians @bowoariee @arfntajul @akharozim @septianhardyboy @wak_obin https://t.co/UTfibCQxm6",this is kgr brfi2627 wizard brew stadium gresik,netral,0.994,olahraga,13.0,,,2026-07-28,Gresik,this is kgr brfi2627 wizard brew stadium gresik
2081960539648049616,Nasikepal23,info kopken daerah gresik-sby yg masih ada menu gwp ada gaa? masa udh abis semua demmm,info kopken daerah gresiksby yg masih ada menu gwp ada gaa masa udh abis semua demmm,netral,0.733,umum,0.0,,,2026-07-28,Gresik,info kopken daerah gresiksby menu gwp gaa masa abis semua demmm
2081960263646167084,anasajadeh,"Satu makanan ini ternyata punya banyak nama, tergantung daerahnya. Meski penyebutannya berbeda-beda, yang dimaksud tetap gorengan tepung dengan campuran sayuran yang kita kenal sebagai bakwan.

Bakwan — Jakarta, Yogyakarta, Banyumas, dan banyak daerah lainnya
Bala-bala — Jawa Barat
Badak — Semarang (juga dikenal di Pekalongan)
Pia-pia — Pati, Kuningan, Ponorogo
Ote-ote — Surabaya, Sidoarjo, Gresik, Samarinda
Weci / Heci — Malang
Bikandoang — Makassar

di daerah kalian apa namanya ?",satu makanan ini ternyata punya banyak nama tergantung daerahnya meski penyebutannya berbedabeda yang dimaksud tetap gorengan tepung dengan campuran sayuran yang kita kenal sebagai bakwan bakwan jakarta yogyakarta banyumas dan banyak daerah lainnya balabala jawa barat badak semarang juga dikenal di pekalongan piapia pati kuningan ponorogo oteote surabaya sidoarjo gresik samarinda weci heci malang bikandoang makassar di daerah kalian apa namanya,netral,0.576,umum,15.0,,,2026-07-28,Gresik,satu makan nyata punya banyak nama gantung daerah meski sebut berbedabeda maksud tetap goreng tepung campur sayur kenal bakwan bakwan jakarta yogyakarta banyumas banyak daerah lain balabala jawa barat badak semarang kenal kalong piapia pati kuningan ponorogo oteote surabaya sidoarjo gresik samarinda weci heci malang bikandoang makassar daerah kalian apa nama
2081959978747990319,KoFPLI_GRESIK,"ada yang datang ada yang pergi
#KGR akan selalu menjadi rumah kalian

see u on top @onkyeri @agungsemprul10 @anggasakek12 @BenyHuud https://t.co/10Myabk874",ada yang datang ada yang pergi kgr akan selalu menjadi rumah kalian see u on top,positif,0.822,umum,9.0,,,2026-07-28,Gresik,datang pergi kgr selalu jadi rumah kalian see u on top
2081956393788346810,e100ss,"11.13:
1. Kalianak macet dua arah;
2. Tambak osowilangun arah Jembatan Branjangan macet;
3. Margomulyo arah Tambak Osowilangun padat;
4. Simpang empat Legundi Gresik padat;
5. Raya Manyar Gresik masih macet. (ss-af)",1113 1 kalianak macet dua arah 2 tambak osowilangun arah jembatan branjangan macet 3 margomulyo arah tambak osowilangun padat 4 simpang empat legundi gresik padat 5 raya manyar gresik masih macet ssaf,netral,0.517,infrastruktur,0.0,,,2026-07-28,Gresik,1113 1 kalianak macet arah 2 tambak osowilangun arah jembatan branjangan macet 3 margomulyo arah tambak osowilangun padat 4 simpang empat legundi gresik padat 5 raya manyar gresik macet ssaf
2081956104477749362,mediagress,"Kosongan Gak Onok STNK-e Ta Ji..?
.
.
.
📍 Warkop Mewah Jaiz Men, Desa Karangpoh Bungah, Gresik, Jatim.
.
#mediagress #gresik #gresik24jam #warkop #kopi https://t.co/BOsy01vQZo",kosongan gak onok stnke ta ji warkop mewah jaiz men desa karangpoh bungah gresik jatim mediagress gresik gresik24jam warkop kopi,netral,0.966,umum,0.0,,,2026-07-28,Gresik,kosong gak onok stnke ta ji warkop mewah jaiz men desa karangpoh bungah gresik jatim mediagress gresik gresik24jam warkop kopi
2081954347882332561,e100ss,"11.05:
1. Gate Tol Manyar Gresik macet dua arah;
2. Bakalan Balongbendo Sidoarjo arah Bypass Krian macet imbas aktivitas perbaikan jalan;
3. Jalan Gubernur Sunandar Sidoarjo arah Jembatan Legundi macet. (ss-af)",1105 1 gate tol manyar gresik macet dua arah 2 bakalan balongbendo sidoarjo arah bypass krian macet imbas aktivitas perbaikan jalan 3 jalan gubernur sunandar sidoarjo arah jembatan legundi macet ssaf,netral,0.564,infrastruktur,2.0,,,2026-07-28,Gresik,1105 1 gate tol manyar gresik macet arah 2 bakal balongbendo sidoarjo arah bypass krian macet imbas aktivitas baik jalan 3 jalan gubernur sunandar sidoarjo arah jembatan legundi macet ssaf
2081950012305703395,zoyydz,"""ngapain sih effort banget sampe jauh jauh kesana?""

hey hey aku dan my bapak gua aja dulu sering pp sda-gresik cuman buat makan nasi krawu dan pp sda-mlg cuman buat makan bakso🙄",ngapain sih effort banget sampe jauh jauh kesana hey hey aku dan my bapak gua aja dulu sering pp sdagresik cuman buat makan nasi krawu dan pp sdamlg cuman buat makan bakso,negatif,0.867,umum,0.0,,,2026-07-28,Gresik,ngapain sih effort banget sampe jauh jauh kesana hey hey aku my bapak gua dulu sering pp sdagresik cuman buat makan nasi krawu pp sdamlg cuman buat makan bakso
2081948419556282523,kindlyloved,@myhanbinieee jauh ya ... aku gresik 😩😩😩,jauh ya aku gresik,negatif,0.99,umum,0.0,,,2026-07-28,Gresik,jauh aku gresik
2081945909882171772,Pianiyan2,"WTS  SALE PHOTOCARD PC SEVENTEEN INA

pc joshua woozi

🏠 gresik, jatim 
💥 7k pack
💥 keep with dp
💥 ⁠no HNR/wasting time https://t.co/tSBoms7Nvs",wts sale photocard pc seventeen ina pc joshua woozi gresik jatim 7k pack keep with dp no hnrwasting time,netral,0.963,umum,0.0,,,2026-07-28,Gresik,wts sale photocard pc seventeen ina pc joshua woozi gresik jatim 7k pack keep with dp no hnrwasting time
2081944483282014328,cuteflxwrr,di gresik blm ada tu postcard nya haechan hik,di gresik blm ada tu postcard nya haechan hik,positif,0.938,umum,0.0,,,2026-07-28,Gresik,gresik tu postcard nya haechan hik
2081944193656860679,petrogresik,"Waspada Lowongan Kerja Palsu, Sahabat! 🚨

Sahabat, kembali beredar informasi lowongan kerja palsu yang mengatasnamakan PT Petrokimia Gresik (Persero) nihh 😱😱 
Informasi tersebut bukan berasal dari kanal resmi Petrokimia Gresik dan tidak dapat dipertanggungjawabkan kebenarannya yaa Sahabat!

Jangan mudah percaya dengan informasi rekrutmen yang beredar di media sosial, grup percakapan, maupun tautan yang tidak berasal dari akun atau website resmi. Selalu lakukan pengecekan terlebih dahulu agar Sahabat terhindar dari modus penipuan yang dapat merugikan.

Apabila Sahabat menemukan informasi mencurigakan yang mengatasnamakan Petrokimia Gresik, jangan ragu untuk mengabaikannya dan melaporkannya kepada pihak terkait🙏

Tetap waspada, selalu cek informasi dari kanal resmi, dan jangan sampai menjadi korban penipuan ya, Sahabat! 🙏✨

#PetrokimiaGresik #SolusiAgroindustri #WaspadaPenipuan #LowonganKerjaPalsu #RekrutmenPalsu",waspada lowongan kerja palsu sahabat sahabat kembali beredar informasi lowongan kerja palsu yang mengatasnamakan pt petrokimia gresik persero nihh informasi tersebut bukan berasal dari kanal resmi petrokimia gresik dan tidak dapat dipertanggungjawabkan kebenarannya yaa sahabat jangan mudah percaya dengan informasi rekrutmen yang beredar di media sosial grup percakapan maupun tautan yang tidak berasal dari akun atau website resmi selalu lakukan pengecekan terlebih dahulu agar sahabat terhindar dari modus penipuan yang dapat merugikan apabila sahabat menemukan informasi mencurigakan yang mengatasnamakan petrokimia gresik jangan ragu untuk mengabaikannya dan melaporkannya kepada pihak terkait tetap waspada selalu cek informasi dari kanal resmi dan jangan sampai menjadi korban penipuan ya sahabat petrokimiagresik solusiagroindustri waspadapenipuan lowongankerjapalsu rekrutmenpalsu,negatif,0.918,ekonomi,0.0,,,2026-07-28,Gresik,waspada lowong kerja palsu sahabat sahabat edar informasi lowong kerja palsu mengatasnamakan pt petrokimia gresik persero nihh informasi sebut bukan asal kanal resmi petrokimia gresik dipertanggungjawabkan benar yaa sahabat jangan mudah percaya informasi rekrutmen edar media sosial grup cakap maupun taut asal akun website resmi selalu laku kece lebih sahabat hindar modus tipu rugi apabila sahabat temu informasi curiga mengatasnamakan petrokimia gresik jangan ragu abai lapor pihak kait tetap waspada selalu cek informasi kanal resmi jangan jadi korban tipu sahabat petrokimiagresik solusiagroindustri waspadapenipuan lowongankerjapalsu rekrutmenpalsu
2081943917113888986,Novitayulianaaa,"Udah lama aku gak posting LOKER Ya ternyata huaaaa

PT. Pangansari Utama Food Resources is looking for several position at Site Freeport Smelter Gresik - Jawa Timur.

If you are interested or have any references, please send your update CV to: recruitment@pangansari.co.id with subject: Position_Placement.",udah lama aku gak posting loker ya ternyata huaaaa pt pangansari utama food resources is looking for several position at site freeport smelter gresik jawa timur if you are interested or have any references please send your update cv to recruitmentcoid with subject position_placement,netral,0.951,industri,7.0,,,2026-07-28,Gresik,udah lama aku gak posting loker nyata huaaaa pt pangansari utama food resources is looking for several position at site freeport smelter gresik jawa timur if you are interested or have any references please send your update cv to recruitmentcoid with subject position placement
2081943521687453717,e100ss,"10.22: Info awal #kecelakaan motor di Raya Krikilan Driyorejo Gresik. Wafda pendengar SS melaporkan, ada korban tergeletak. Kronologi dan data lengkap belum diketahui. (ss-af)",1022 info awal kecelakaan motor di raya krikilan driyorejo gresik wafda pendengar ss melaporkan ada korban tergeletak kronologi dan data lengkap belum diketahui ssaf,netral,0.998,umum,4.0,,,2026-07-28,Gresik,1022 info awal celaka motor raya krikilan driyorejo gresik wafda dengar ss lapor korban geletak kronologi data lengkap tahu ssaf
2081942034869592287,ahceahwin,"sedihnya yang gresik dah abis, jadi aku membeli di surabaya dan titip di kos temen akuu",sedihnya yang gresik dah abis jadi aku membeli di surabaya dan titip di kos temen akuu,negatif,0.992,umum,0.0,,,2026-07-28,Gresik,sedih gresik dah abis jadi aku beli surabaya titip kos temen akuu
2081939791609012309,HumasGresik,"Terima kasih untuk seluruh partisipan yang sudah berjuang dan menjunjung tinggi sportivitas! Sampai jumpa di turnamen berikutnya! 📷📷
#PointToPoint #KapolresGresikCup2026 #TennisTournament #GresikTennis https://t.co/67caiOfR0j",terima kasih untuk seluruh partisipan yang sudah berjuang dan menjunjung tinggi sportivitas sampai jumpa di turnamen berikutnya pointtopoint kapolresgresikcup2026 tennistournament gresiktennis,netral,0.957,umum,0.0,,,2026-07-28,Gresik,terima kasih seluruh partisipan juang junjung tinggi sportivitas jumpa turnamen ikut pointtopoint kapolresgresikcup2026 tennistournament gresiktennis
2081939556337885435,HumasGresik,"""Tuku trasi iwake bakaran, kalau tidak bisa berprestasi, minimal tidak membuat pelanggaran."" 📷
Mengabdi dengan ikhlas, melayani dengan hati. Polres Gresik siap memberikan pelayanan yang presisi demi keamanan dan kenyamanan masyarakat. 📷📷
#PolresGresik #PolriPresisi #JogoGresik https://t.co/KZ6u9zVGsy",tuku trasi iwake bakaran kalau tidak bisa berprestasi minimal tidak membuat pelanggaran mengabdi dengan ikhlas melayani dengan hati polres gresik siap memberikan pelayanan yang presisi demi keamanan dan kenyamanan masyarakat polresgresik polripresisi jogogresik,netral,0.974,umum,0.0,,,2026-07-28,Gresik,tuku tras iwake bakar kalau prestasi minimal buat langgar abdi ikhlas layan hati polres gresik siap beri layan presisi aman nyaman masyarakat polresgresik polripresisi jogogresik
2081939274807869451,HumasGresik,"hingga Bola Basket siap diselenggarakan sebagai wadah generasi muda berkarya dan berprestasi. 📷📷
Mari junjung tinggi sportivitas dan dukung atlet",hingga bola basket siap diselenggarakan sebagai wadah generasi muda berkarya dan berprestasi mari junjung tinggi sportivitas dan dukung atlet,netral,0.864,olahraga,0.0,,,2026-07-28,Gresik,hingga bola basket siap selenggara wadah generasi muda karya prestasi junjung tinggi sportivitas dukung atlet
2081939242188759374,HumasGresik,"Resmi Dibuka! 📷
Pembukaan Pertandingan Event Bhajay Cup 2026 dalam rangka HUT Korem 084/BJ! Berbagai cabang olahraga seperti Pencak Silat, Sepak Takraw, favoritmu! 📷📷
#BhajayCup2026 #HUTKorem084BJ #JogoGresik #PolresGresik https://t.co/guNhbKGZfy",resmi dibuka pembukaan pertandingan event bhajay cup 2026 dalam rangka hut korem 084bj berbagai cabang olahraga seperti pencak silat sepak takraw favoritmu bhajaycup2026 hutkorem084bj jogogresik polresgresik,netral,0.979,umum,0.0,,,2026-07-28,Gresik,resmi buka buka tanding event bhajay cup 2026 rangka hut korem 084bj bagai cabang olahraga pencak silat sepak takraw favorit bhajaycup2026 hutkorem084bj jogogresik polresgresik
2081938968678216094,credOLIN,@ellyaqul Gak adaa di Gresik satupuun.,gak adaa di gresik satupuun,negatif,0.799,umum,0.0,,,2026-07-28,Gresik,gak adaa gresik satupuun
2081938527324090647,bkpsdmgresikkab,"Bersama membangun birokrasi yang profesional demi pelayanan terbaik untuk masyarakat.

#BKPSDMGresik #KabupatenGresiK #SistemMerit #ASNBerAKHLAK #ManajemenASN",bersama membangun birokrasi yang profesional demi pelayanan terbaik untuk masyarakat bkpsdmgresik kabupatengresik sistemmerit asnberakhlak manajemenasn,netral,0.92,umum,0.0,,,2026-07-28,Gresik,sama bangun birokrasi profesional layan baik masyarakat bkpsdmgresik kabupatengresik sistemmerit asnberakhlak manajemenasn
2081938524606190049,bkpsdmgresikkab,"Kepada seluruh masyarakat Kabupaten Gresik, kami berkomitmen untuk terus meningkatkan kualitas pelayanan kepegawaian melalui penerapan Sistem Merit secara konsisten, sehingga mampu menghadirkan ASN yang profesional, berintegritas, dan berorientasi pada pelayanan publik yg prima.",kepada seluruh masyarakat kabupaten gresik kami berkomitmen untuk terus meningkatkan kualitas pelayanan kepegawaian melalui penerapan sistem merit secara konsisten sehingga mampu menghadirkan asn yang profesional berintegritas dan berorientasi pada pelayanan publik yg prima,netral,0.638,umum,0.0,,,2026-07-28,Gresik,seluruh masyarakat kabupaten gresik komitmen terus tingkat kualitas layan pegawai lalu terap sistem rit konsisten mampu hadir asn profesional integritas orientasi layan publik prima
2081938521720537494,bkpsdmgresikkab,"BKPSDM Kabupaten Gresik menyampaikan terima kasih kepada Kementerian PANRB dan BPK RI atas kunjungan, arahan, serta masukan yang diberikan. Semoga sinergi ini semakin memperkuat komitmen Pemkab Gresik dalam mewujudkan tata kelola manajemen ASN yang semakin baik dan berkualitas.",bkpsdm kabupaten gresik menyampaikan terima kasih kepada kementerian panrb dan bpk ri atas kunjungan arahan serta masukan yang diberikan semoga sinergi ini semakin memperkuat komitmen pemkab gresik dalam mewujudkan tata kelola manajemen asn yang semakin baik dan berkualitas,positif,0.772,pemerintahan,0.0,,,2026-07-28,Kabupaten Gresik,bkpsdm kabupaten gresik sampai terima kasih menteri panrb bpk ri atas kunjung arah masuk beri moga sinergi makin kuat komitmen pemkab gresik wujud tata kelola manajemen asn makin baik kualitas
2081938519019385208,bkpsdmgresikkab,"Kunjungan ini menjadi bagian dari upaya bersama untuk memastikan penerapan Sistem Merit dalam manajemen Aparatur Sipil Negara (ASN) telah berjalan sesuai dengan prinsip profesionalisme, objektivitas, transparansi, akuntabilitas, dan berbasis kompetensi.",kunjungan ini menjadi bagian dari upaya bersama untuk memastikan penerapan sistem merit dalam manajemen aparatur sipil negara asn telah berjalan sesuai dengan prinsip profesionalisme objektivitas transparansi akuntabilitas dan berbasis kompetensi,netral,0.977,infrastruktur,0.0,,,2026-07-28,Kabupaten Gresik,kunjung jadi bagi upaya sama pasti terap sistem rit manajemen aparatur sipil negara asn jalan sesuai prinsip profesionalisme objektivitas transparansi akuntabilitas bas kompetensi
2081938516301558034,bkpsdmgresikkab,"Pada Senin, 27 Juli 2026, BKPSDM Kabupaten Gresik menerima kunjungan dari Kementerian Pendayagunaan Aparatur Negara dan Reformasi Birokrasi bersama Badan Pemeriksa Keuangan Republik Indonesia dalam rangka konfirmasi penyelenggaraan Sistem Merit di lingkungan Pemkab Gresik.",pada senin 27 juli 2026 bkpsdm kabupaten gresik menerima kunjungan dari kementerian pendayagunaan aparatur negara dan reformasi birokrasi bersama badan pemeriksa keuangan republik indonesia dalam rangka konfirmasi penyelenggaraan sistem merit di lingkungan pemkab gresik,netral,0.998,pemerintahan,0.0,,,2026-07-28,Kabupaten Gresik,senin 27 juli 2026 bkpsdm kabupaten gresik terima kunjung menteri pendayagunaan aparatur negara reformasi birokrasi sama badan periksa uang republik indonesia rangka konfirmasi selenggara sistem rit lingkung pemkab gresik
2081938512673480745,bkpsdmgresikkab,📍 Kunjungan Kementerian PANRB dan BPK RI ke BKPSDM Kabupaten Gresik https://t.co/g0vA2xxKNi,kunjungan kementerian panrb dan bpk ri ke bkpsdm kabupaten gresik,netral,0.998,umum,0.0,,,2026-07-28,Kabupaten Gresik,kunjung menteri panrb bpk ri bkpsdm kabupaten gresik
2081701152794771796,Korem084Bj,"BHAJAY CUP 2026 Resmi Bergulir, Danrem 084/Bhaskara Jaya Ajak Generasi Muda Bertanding dengan Sportivitas dan Persaudaraan

Danrem 084/BJ, Brigjen TNI Kohir, secara resmi membuka BHAJAY CUP 2026 di GOR Wahana Ekspresi Poesponegoro (WEP), Kabupaten Gresik, Senin (27/07/2026). https://t.co/D86AXtEu41",bhajay cup 2026 resmi bergulir danrem 084bhaskara jaya ajak generasi muda bertanding dengan sportivitas dan persaudaraan danrem 084bj brigjen tni kohir secara resmi membuka bhajay cup 2026 di gor wahana ekspresi poesponegoro wep kabupaten gresik senin 27072026,netral,0.995,umum,3.0,,,2026-07-27,Kabupaten Gresik,bhajay cup 2026 resmi gulir danrem 084bhaskara jaya ajak generasi muda tanding sportivitas saudara danrem 084bj brigjen tni kohir resmi buka bhajay cup 2026 gor wahana ekspresi poesponegoro wep kabupaten gresik senin 27072026
2081641961652642218,puprjatimbali,"Peningkatan kualitas jalan yang masuk dalam paket Instruksi Jalan Daerah (IJD) ini bertujuan mendukung konektivitas antarwilayah, memperlancar mobilitas masyarakat, meningkatkan efisiensi distribusi barang, serta mendorong pertumbuhan ekonomi di Kabupaten Gresik dan sekitarnya.",peningkatan kualitas jalan yang masuk dalam paket instruksi jalan daerah ijd ini bertujuan mendukung konektivitas antarwilayah memperlancar mobilitas masyarakat meningkatkan efisiensi distribusi barang serta mendorong pertumbuhan ekonomi di kabupaten gresik dan sekitarnya,netral,0.849,infrastruktur,0.0,,,2026-07-27,Kabupaten Gresik,tingkat kualitas jalan masuk paket instruksi jalan daerah ijd tuju dukung konektivitas antarwilayah lancar mobilitas masyarakat tingkat efisiensi distribusi barang dorong tumbuh ekonomi kabupaten gresik sekitar
2081641958498529659,puprjatimbali,"#SobatBinaMarga, BBPJN Jawa Timur–Bali melalui PPK PJBH Jembatan Suramadu 2 Provinsi Jawa Timur telah menyelesaikan preservasi Jalan Sidoraharjo–Randegan, Kabupaten Gresik sepanjang 1,61 Km. https://t.co/N7rYwavVJz",sobatbinamarga bbpjn jawa timurbali melalui ppk pjbh jembatan suramadu 2 provinsi jawa timur telah menyelesaikan preservasi jalan sidoraharjorandegan kabupaten gresik sepanjang 161 km,netral,0.997,infrastruktur,1.0,,,2026-07-27,Kabupaten Gresik,sobatbinamarga bbpjn jawa timurbali lalu ppk pjbh jembatan suramadu 2 provinsi jawa timur selesai preservasi jalan sidoraharjorandegan kabupaten gresik panjang 161 km
2081552630405603656,kabarbaikdotco,"Razia gabungan yang digelar Satpol PP Kabupaten Gresik di lima lokasi warung remang-remang tidak hanya menyasar penertiban, tetapi juga mengungkap temuan dari hasil pemeriksaan kesehatan dan tes narkoba terhadap para pemandu lagu (LC) serta pemilik warung. https://t.co/zjQlMsaYGR",razia gabungan yang digelar satpol pp kabupaten gresik di lima lokasi warung remangremang tidak hanya menyasar penertiban tetapi juga mengungkap temuan dari hasil pemeriksaan kesehatan dan tes narkoba terhadap para pemandu lagu lc serta pemilik warung,netral,0.997,umum,0.0,,,2026-07-27,Kabupaten Gresik,razia gabung gelar satpol pp kabupaten gresik lima lokasi warung remangremang sasar tertib ungkap temu hasil periksa sehat tes narkoba pandu lagu lc milik warung
2080956417834693071,Lintasperkoro,"Usaha penggilingan plastik yang berlokasi di Desa Banjarsari, Kecaamatan Cerme, Kabupaten Gresik, dikeluhkan oleh petani dan petambak. Sebab, padi yang mereka tanam layu akibat limbah cair dari industri penggilangan plastik tersebut.

https://t.co/LrF5aWdJFA",usaha penggilingan plastik yang berlokasi di desa banjarsari kecaamatan cerme kabupaten gresik dikeluhkan oleh petani dan petambak sebab padi yang mereka tanam layu akibat limbah cair dari industri penggilangan plastik tersebut,netral,0.985,industri,0.0,,,2026-07-25,Kabupaten Gresik,usaha giling plastik lokasi desa banjarsari kecaamatan cerme kabupaten gresik keluh tani tambak padi tanam layu akibat limbah cair industri gilang plastik sebut
2080953344458436822,bkpsdmgresikkab,#PemkabGresik #BKPSDMGresik #DispendikGresik #SDMUnggul #TransformasiDigital #PengembangTeknologiPembelajaran #InovasiPendidikan #PelatihanASN #GresikCerdas #GresikBaru,pemkabgresik bkpsdmgresik dispendikgresik sdmunggul transformasidigital pengembangteknologipembelajaran inovasipendidikan pelatihanasn gresikcerdas gresikbaru,netral,0.992,pemerintahan,0.0,,,2026-07-25,Kabupaten Gresik,pemkabgresik bkpsdmgresik dispendikgresik sdmunggul transformasidigital pengembangteknologipembelajaran inovasipendidikan pelatihanasn gresikcerdas gresikbaru
2080953341212025097,bkpsdmgresikkab,"Langkah ini merupakan wujud komitmen bersama dalam mencetak SDM unggul, baik di kalangan ASN maupun pelajar, untuk masa depan Gresik yang lebih baik.",langkah ini merupakan wujud komitmen bersama dalam mencetak sdm unggul baik di kalangan asn maupun pelajar untuk masa depan gresik yang lebih baik,positif,0.614,umum,0.0,,,2026-07-25,Kabupaten Gresik,langkah rupa wujud komitmen sama cetak sdm unggul baik kalang asn maupun ajar masa depan gresik lebih baik
2080953337722343599,bkpsdmgresikkab,"2️⃣ Peningkatan Mutu Pendidikan: Keberadaan Pengembang Teknologi Pembelajaran (PTP) juga diarahkan untuk mentransformasi metode pembelajaran di sekolah-sekolah, menjadikannya lebih inovatif dan relevan bagi siswa di era saat ini.",2 peningkatan mutu pendidikan keberadaan pengembang teknologi pembelajaran ptp juga diarahkan untuk mentransformasi metode pembelajaran di sekolahsekolah menjadikannya lebih inovatif dan relevan bagi siswa di era saat ini,positif,0.522,pendidikan,0.0,,,2026-07-25,Kabupaten Gresik,2 tingkat mutu didik ada kembang teknologi ajar ptp arah transformasi metode ajar sekolahsekolah jadi lebih inovatif relevan siswa era
2080953334736068971,bkpsdmgresikkab,"1️⃣ Menunjang Pelatihan ASN: Memetakan kebutuhan SDM kompeten untuk membangun sistem pelatihan internal yang lebih modern, efektif, dan berbasis digital bagi Aparatur Sipil Negara di lingkungan Pemkab Gresik.",1 menunjang pelatihan asn memetakan kebutuhan sdm kompeten untuk membangun sistem pelatihan internal yang lebih modern efektif dan berbasis digital bagi aparatur sipil negara di lingkungan pemkab gresik,netral,0.991,pemerintahan,0.0,,,2026-07-25,Kabupaten Gresik,1 tunjang latih asn meta butuh sdm kompeten bangun sistem latih internal lebih modern efektif bas digital aparatur sipil negara lingkung pemkab gresik
2080953330076193098,bkpsdmgresikkab,"Kolaborasi antara BKPSDM dan Dinas Pendidikan Kabupaten Gresik ini berfokus pada dua agenda strategis melalui kegiatan ""Verifikasi Usul Kebutuhan Jabatan Fungsional Pengembang Teknologi Pembelajaran (PTP)"".
Fokus utamanya adalah: https://t.co/6kc61g04Pr",kolaborasi antara bkpsdm dan dinas pendidikan kabupaten gresik ini berfokus pada dua agenda strategis melalui kegiatan verifikasi usul kebutuhan jabatan fungsional pengembang teknologi pembelajaran ptp fokus utamanya adalah,netral,0.995,pemerintahan,0.0,,,2026-07-25,Kabupaten Gresik,kolaborasi bkpsdm dinas didik kabupaten gresik fokus agenda strategis lalu giat verifikasi usul butuh jabat fungsional kembang teknologi ajar ptp fokus utama
2080854051609256157,HumasGresik,"Kanit Kamsel Satlantas Polres Gresik bersama Dishub Kabupaten Gresik dan instansi terkait menghadiri Sidang Andalalin pembangunan PT. Indraco Global Indonesia dan Supermarket Palapa.

#SatlantasPolresGresik #PolriUntukMasyarakat https://t.co/tRqc0s2jLm",kanit kamsel satlantas polres gresik bersama dishub kabupaten gresik dan instansi terkait menghadiri sidang andalalin pembangunan pt indraco global indonesia dan supermarket palapa satlantaspolresgresik polriuntukmasyarakat,netral,0.998,umum,0.0,,,2026-07-25,Kabupaten Gresik,kanit kamsel satlantas polres gresik sama dishub kabupaten gresik instansi kait hadir sidang andalalin bangun pt indraco global indonesia supermarket palapa satlantaspolresgresik polriuntukmasyarakat
2080594360182472934,lantasresgresik,Kanit Kamsel Satlantas Polres Gresik bersama Dishub Kabupaten Gresik dan instansi terkait menghadiri Sidang Andalalin pembangunan PT. Indraco Global Indonesia dan Supermarket Palapa. https://t.co/FYLF9Lyang,kanit kamsel satlantas polres gresik bersama dishub kabupaten gresik dan instansi terkait menghadiri sidang andalalin pembangunan pt indraco global indonesia dan supermarket palapa,netral,0.998,umum,0.0,,,2026-07-24,Kabupaten Gresik,kanit kamsel satlantas polres gresik sama dishub kabupaten gresik instansi kait hadir sidang andalalin bangun pt indraco global indonesia supermarket palapa
2080492337957073194,HumasGresik,"Melalui ajang silaturahmi ini, Polres Gresik menegaskan komitmen untuk terus memperkuat komunikasi dua arah dan menjadikan media sebagai mitra strategis demi mewujudkan kondusivitas serta keamanan di Kabupaten Gresik.",melalui ajang silaturahmi ini polres gresik menegaskan komitmen untuk terus memperkuat komunikasi dua arah dan menjadikan media sebagai mitra strategis demi mewujudkan kondusivitas serta keamanan di kabupaten gresik,netral,0.897,umum,0.0,,,2026-07-24,Kabupaten Gresik,lalu ajang silaturahmi polres gresik tegas komitmen terus kuat komunikasi arah jadi media mitra strategis wujud kondusivitas aman kabupaten gresik
2080268232544698536,lantasresgresik,"Kanit Kamsel bersama Anggota Satlantas Polres Gresik, Dishub Kabupaten Gresik, dan instansi terkait melaksanakan Survei Lapangan Andalalin terhadap pembangunan PT. Indraco Global Indonesia di Kecamatan Driyorejo serta pembangunan minimarket/supermarket di Kecamatan Menganti. https://t.co/SGH20eU9Mc",kanit kamsel bersama anggota satlantas polres gresik dishub kabupaten gresik dan instansi terkait melaksanakan survei lapangan andalalin terhadap pembangunan pt indraco global indonesia di kecamatan driyorejo serta pembangunan minimarketsupermarket di kecamatan menganti,netral,0.997,umum,0.0,,,2026-07-23,Kabupaten Gresik,kanit kamsel sama anggota satlantas polres gresik dishub kabupaten gresik instansi kait laksana survei lapang andalalin bangun pt indraco global indonesia camat driyorejo bangun minimarketsupermarket camat anti
2080267925840429368,lantasresgresik,Satlantas Polres Gresik menghadiri Rapat Koordinasi dan Evaluasi terkait pembahasan jam larangan operasional angkutan barang di kawasan tertib lalu lintas Kabupaten Gresik. https://t.co/FkZO9KBWwT,satlantas polres gresik menghadiri rapat koordinasi dan evaluasi terkait pembahasan jam larangan operasional angkutan barang di kawasan tertib lalu lintas kabupaten gresik,netral,0.998,pemerintahan,1.0,,,2026-07-23,Kabupaten Gresik,satlantas polres gresik hadir rapat koordinasi evaluasi kait bahas jam larang operasional angkut barang kawasan tertib lalu lintas kabupaten gresik
2080171416717050321,Dobel_Step,"Dijaga kebersihannya ya adik², daripada rusak🤭
Desa Badegan, Kecamatan Margorejo, Kabupaten Gresik. https://t.co/e39yJjw1nJ",dijaga kebersihannya ya adik² daripada rusak desa badegan kecamatan margorejo kabupaten gresik,netral,0.958,umum,34.0,,,2026-07-23,Kabupaten Gresik,jaga bersih adik rusak desa badegan camat margorejo kabupaten gresik
2080120756596551936,adhie_hazard,"Stadion Gelora Joko Samudro 
📍Kabupaten Gresik https://t.co/OeF2h0NdMj",stadion gelora joko samudro kabupaten gresik,netral,0.996,olahraga,0.0,,,2026-07-23,Kabupaten Gresik,stadion gelora joko samudro kabupaten gresik
2079987512626573366,MUI_Gresik,"Dewan Pimpinan MUI Kabupaten Gresik Mengucapkan Selamat Hari Bhakti Adhyaksa Ke-66 Tahun 
22 Juli 1960-2026 https://t.co/HB9WcuMKo4",dewan pimpinan mui kabupaten gresik mengucapkan selamat hari bhakti adhyaksa ke66 tahun 22 juli 19602026,netral,0.996,umum,0.0,,,2026-07-22,Kabupaten Gresik,dewan pimpin mui kabupaten gresik ucap selamat hari bhakti adhyaksa ke66 tahun 22 juli 19602026
2079953760529629268,hazanafa,"📿 Dzikir Istighotsah KH Hasyim Asy'ari 📚 Ngaji Kitab Lubabul Hadits

📅 Kamis, 23 Juli 2026
⏰ Ba'da Isyak
📍 Aula Sarinyala (Gang Rolas, Indro, Kebomas, Gresik)

🎙️  Al-Faqir Ahmad Zaini Alawi  Khodim Jama'ah Sarinyala Kabupaten Gresik 
📱 Live Facebook: Zaini Alawi https://t.co/JDdawIt2PA",dzikir istighotsah kh hasyim asyari ngaji kitab lubabul hadits kamis 23 juli 2026 bada isyak aula sarinyala gang rolas indro kebomas gresik alfaqir ahmad zaini alawi khodim jamaah sarinyala kabupaten gresik live facebook zaini alawi,netral,0.995,umum,1.0,,,2026-07-22,Kabupaten Gresik,dzikir istighotsah kh hasyim asyari ngaji kitab lubabul hadits kamis 23 juli 2026 bada isyak aula sarinyala gang rolas indro kebomas gresik alfaqir ahmad zaini alawi khodim jamaah sarinyala kabupaten gresik live facebook zaini alawi
2079859069892845962,lantasresgresik,Kanit Kamsel Satlantas Polres Gresik bersama Jasa Raharja Kabupaten Gresik dan RS Petrokimia Gresik melaksanakan Sosialisasi Keselamatan Berlalu Lintas kepada siswa-siswi SMK PGRI 1 Gresik. https://t.co/Fx5baPxhKk,kanit kamsel satlantas polres gresik bersama jasa raharja kabupaten gresik dan rs petrokimia gresik melaksanakan sosialisasi keselamatan berlalu lintas kepada siswasiswi smk pgri 1 gresik,netral,0.997,industri,0.0,,,2026-07-22,Kabupaten Gresik,kanit kamsel satlantas polres gresik sama jasa raharja kabupaten gresik rs petrokimia gresik laksana sosialisasi selamat lalu lintas siswasiswi smk pgri 1 gresik
2079824938089972064,bkpsdmgresikkab,"Melalui mekanisme yang terstruktur, proses perpanjangan kontrak diharapkan berjalan secara objektif, transparan, dan akuntabel.

Simak informasi selengkapnya pada postingan ini. 👉

#BKPSDMGresik #PPPK #ASNBerAKHLAK #ManajemenASN #KabupatenGresik",melalui mekanisme yang terstruktur proses perpanjangan kontrak diharapkan berjalan secara objektif transparan dan akuntabel simak informasi selengkapnya pada postingan ini bkpsdmgresik pppk asnberakhlak manajemenasn kabupatengresik,netral,0.994,infrastruktur,0.0,,,2026-07-22,Kabupaten Gresik,lalu mekanisme struktur proses panjang kontrak harap jalan objektif transparan akuntabel simak informasi lengkap postingan bkpsdmgresik pppk asnberakhlak manajemenasn kabupatengresik
2079824933694349802,bkpsdmgresikkab,"Sudah tahu bagaimana alur perpanjangan kontrak PPPK? 🤔

Sesuai PP Nomor 49 Tahun 2018, masa hubungan perjanjian kerja PPPK paling singkat 1 (satu) tahun dan dapat diperpanjang sesuai kebutuhan serta berdasarkan penilaian kinerja. https://t.co/8dkKFrGgvC",sudah tahu bagaimana alur perpanjangan kontrak pppk sesuai pp nomor 49 tahun 2018 masa hubungan perjanjian kerja pppk paling singkat 1 satu tahun dan dapat diperpanjang sesuai kebutuhan serta berdasarkan penilaian kinerja,netral,0.979,umum,0.0,,,2026-07-22,Kabupaten Gresik,tahu bagaimana alur panjang kontrak pppk sesuai pp nomor 49 tahun 2018 masa hubung janji kerja pppk paling singkat 1 satu tahun panjang sesuai butuh dasar nilai kerja
2079760666609746003,HumasGresik,"Kapolres Gresik bersama jajaran Forkopimda mendampingi Bupati Gresik dalam meresmikan Gedung Sentra Industri Kecil Menengah (IKM) Logam Kabupaten Gresik di Desa Hulaan, 
​#PolresGresik #ForkopimdaGresik #GresikBisa #IKMLogamGresik https://t.co/clc56vS5Zf",kapolres gresik bersama jajaran forkopimda mendampingi bupati gresik dalam meresmikan gedung sentra industri kecil menengah ikm logam kabupaten gresik di desa hulaan polresgresik forkopimdagresik gresikbisa ikmlogamgresik,netral,0.996,pemerintahan,0.0,,,2026-07-22,Kabupaten Gresik,kapolres gresik sama jajar forkopimda damping bupati gresik resmi gedung sentra industri kecil tengah ikm logam kabupaten gresik desa hulaan polresgresik forkopimdagresik gresikbisa ikmlogamgresik
2079634005746749860,hazanafa,"SELASA 21.07.26
RUTINAN JAMA'AH SHOLAWAT MUHAMMAD ROHMATAN LIL ALAMIN KABUPATEN GRESIK

YOUTUBE SARINYALA CHANNEL
https://t.co/e1kN2fad2w

FACEBOOK CAK MA'ARIF
https://t.co/Vi6tkAHtBW",selasa 210726 rutinan jamaah sholawat muhammad rohmatan lil alamin kabupaten gresik youtube sarinyala channel facebook cak maarif,netral,0.997,umum,1.0,,,2026-07-21,Kabupaten Gresik,selasa 210726 rutin jamaah sholawat muhammad rohmat lil alamin kabupaten gresik youtube sarinyala channel facebook cak maarif
2079629723915919696,hazanafa,"SELASA 21.07.26
RUTINAN JAMA'AH SHOLAWAT MUHAMMAD ROHMATAN LIL ALAMIN KABUPATEN GRESIK

YOUTUBE SARINYALA CHANNEL
https://t.co/sm3q7v3Pjs

FACEBOOK ZAINI ALAWI
https://t.co/zozqtSYFWu",selasa 210726 rutinan jamaah sholawat muhammad rohmatan lil alamin kabupaten gresik youtube sarinyala channel facebook zaini alawi,netral,0.997,umum,1.0,,,2026-07-21,Kabupaten Gresik,selasa 210726 rutin jamaah sholawat muhammad rohmat lil alamin kabupaten gresik youtube sarinyala channel facebook zaini alawi
2079603854862430483,hazanafa,"📢 MONGGO HADIR
NGAJI RUTIN KITAB BULUGHUL MARAM MIN ADILLATIL AHKAM

🗓 Rabu, 22 Juli 2026
🕋 Ba'da Isyak
📍 MUSHOLLA NURUL HUDA RT 6 RW 2 Indro, Kebomas, Gresik

Pemateri :
Al-Faqir Ahmad Zaini Alawi
Khodim Jama'ah Sarinyala Kabupaten Gresik 

📱 Live Facebook: ZAINI ALAWI https://t.co/9h6ZkruEVm",monggo hadir ngaji rutin kitab bulughul maram min adillatil ahkam rabu 22 juli 2026 bada isyak musholla nurul huda rt 6 rw 2 indro kebomas gresik pemateri alfaqir ahmad zaini alawi khodim jamaah sarinyala kabupaten gresik live facebook zaini alawi,netral,0.993,umum,1.0,,,2026-07-21,Kabupaten Gresik,monggo hadir ngaji rutin kitab bulughul maram min adillatil ahkam rabu 22 juli 2026 bada isyak musholla nurul huda rt 6 rw 2 indro kebomas gresik materi alfaqir ahmad zaini alawi khodim jamaah sarinyala kabupaten gresik live facebook zaini alawi
2079567182741291388,lantasresgresik,"Ketua Tim Asistensi Pengawasan Ditlantas Polda Jatim bersama Satlantas Polres Gresik, Dishub Kabupaten Gresik, tenaga ahli konsultan, dan pihak PT. Surindo Teguh Gemilang melaksanakan Monitoring dan Evaluasi (Monev) Andalalin. https://t.co/fdaQn56LSY",ketua tim asistensi pengawasan ditlantas polda jatim bersama satlantas polres gresik dishub kabupaten gresik tenaga ahli konsultan dan pihak pt surindo teguh gemilang melaksanakan monitoring dan evaluasi monev andalalin,netral,0.998,umum,0.0,,,2026-07-21,Kabupaten Gresik,ketua tim asistensi awas ditlantas polda jatim sama satlantas polres gresik dishub kabupaten gresik tenaga ahli konsultan pihak pt surindo teguh gemilang laksana monitoring evaluasi monev andalalin
2079565901742104820,lantasresgresik,"Ketua Tim Asistensi Pengawasan Ditlantas Polda Jatim bersama Satlantas Polres Gresik, Dishub Kabupaten Gresik, tenaga ahli konsultan, dan pihak PT. Surindo Teguh Gemilang melaksanakan Monitoring dan Evaluasi (Monev) Andalalin. https://t.co/LxeKyMstfx",ketua tim asistensi pengawasan ditlantas polda jatim bersama satlantas polres gresik dishub kabupaten gresik tenaga ahli konsultan dan pihak pt surindo teguh gemilang melaksanakan monitoring dan evaluasi monev andalalin,netral,0.998,umum,0.0,,,2026-07-21,Kabupaten Gresik,ketua tim asistensi awas ditlantas polda jatim sama satlantas polres gresik dishub kabupaten gresik tenaga ahli konsultan pihak pt surindo teguh gemilang laksana monitoring evaluasi monev andalalin
2081926438815740296,LEMtv_News,"Jamin Hak Identitas hingga Pendidikan, Pemkab Gresik Pulangkan 9 Anak PMI dari Malaysia https://t.co/OfZOK7HXuw",jamin hak identitas hingga pendidikan pemkab gresik pulangkan 9 anak pmi dari malaysia,netral,0.997,pemerintahan,0.0,,,2026-07-28,Pemkab Gresik,jamin hak identitas hingga didik pemkab gresik pulang 9 anak pmi malaysia
2081667268946366481,fmsuaragresik,"Hari Anak Nasional 2026, Pemkab Gresik Tegaskan Perlindungan Anak Adalah Investasi Masa Depan
 || Berita selengkapnya di website https://t.co/lTM94tH3hO https://t.co/R3FPrdOQXg",hari anak nasional 2026 pemkab gresik tegaskan perlindungan anak adalah investasi masa depan berita selengkapnya di website,netral,0.995,pemerintahan,0.0,,,2026-07-27,Pemkab Gresik,hari anak nasional 2026 pemkab gresik tegas lindung anak investasi masa depan berita lengkap website
2080117653549765055,Jurnas_net,"Pemkab Gresik Percepat Program RTLH, Wabup Alif Serahkan Bantuan Perbaikan Rumah untuk Warga Miskin https://t.co/7xGFwHaY8m",pemkab gresik percepat program rtlh wabup alif serahkan bantuan perbaikan rumah untuk warga miskin,netral,0.997,pemerintahan,0.0,,,2026-07-23,Pemkab Gresik,pemkab gresik cepat program rtlh wabup alif serah bantu baik rumah warga miskin
2080101553802015034,jawapos,"Saling Tuding Kasus SK ASN Pemkab Gresik Palsu, Saksi Sebut Peran Dominan Tersangka Agus Priyono
https://t.co/A3yejScfJY",saling tuding kasus sk asn pemkab gresik palsu saksi sebut peran dominan tersangka agus priyono,netral,0.995,pemerintahan,0.0,,,2026-07-23,Pemkab Gresik,saling tuding kasus sk asn pemkab gresik palsu saksi sebut peran dominan sangka agus priyono
2079946456564375732,radarbangsa_com,"Pemkab Gresik Bantu Warga Miliki Hunian Layak Lewat Program RTLH
https://t.co/zCUH7zXp1y",pemkab gresik bantu warga miliki hunian layak lewat program rtlh,netral,0.997,pemerintahan,0.0,,,2026-07-22,Pemkab Gresik,pemkab gresik bantu warga milik huni layak lewat program rtlh
2079892738926150002,mcinewsid,Pemkab Gresik Salurkan Bantuan RTLH untuk Tingkatkan Hunian Warga Miskin https://t.co/VtdTBYyVVW https://t.co/oDyPVqkR9g,pemkab gresik salurkan bantuan rtlh untuk tingkatkan hunian warga miskin,netral,0.997,pemerintahan,0.0,,,2026-07-22,Pemkab Gresik,pemkab gresik salur bantu rtlh tingkat huni warga miskin
2081928895750697327,sbyfess,"-rek mau tnya, ke samsat buat ganti plat nomor tapi beda domisili bisa gak yo? Plat motorku kan W (gresik) tapi alamat omahku ndek sby. Opo aku kudu ke samsat gresik kota..",rek mau tnya ke samsat buat ganti plat nomor tapi beda domisili bisa gak yo plat motorku kan w gresik tapi alamat omahku ndek sby opo aku kudu ke samsat gresik kota,netral,0.856,umum,21.0,,,2026-07-28,Gresik Kota,rek mau tnya samsat buat ganti plat nomor beda domisili gak yo plat motor kan w gresik alamat omahku ndek sby opo aku kudu samsat gresik kota
2081889555280789838,credOLIN,"Today I walked 6K.
7894 steps.
04.28 - 05.26 WIB

📍GRESIK KOTA BARU

💛🧡✨

#RandomVisual https://t.co/CNUty9FgEB",today i walked 6k 7894 steps 0428 0526 wib gresik kota baru randomvisual,netral,0.998,umum,50.0,,,2026-07-27,Gresik Kota,today i walked 6k 7894 steps 0428 0526 wib gresik kota baru randomvisual
2081512713206059436,credOLIN,"Today I ran 3K.
Walked 3K.
7986 steps.
04.29 - 05.23 WIB

📍Gresik Kota Baru

#RandomVisual https://t.co/eQETepJNN6",today i ran 3k walked 3k 7986 steps 0429 0523 wib gresik kota baru randomvisual,netral,0.997,umum,48.0,,,2026-07-26,Gresik Kota,today i ran 3k walked 3k 7986 steps 0429 0523 wib gresik kota baru randomvisual
2081552560629129667,credOLIN,"@tamasyax Gresik Kota Baru, Kak bukan batu.",gresik kota baru kak bukan batu,positif,0.455,umum,1.0,,,2026-07-27,Gresik Kota,gresik kota baru kak bukan batu
2077931005919596937,credOLIN,"Today I ran 5K.
Walked 1K.
7347 steps.
06.57 - 07.58 WIB

📍SOR (Sarana Olahraga) Petrokimia Gresik

💚💙✨

#RandomVisual https://t.co/VJNZ5mnrBc",today i ran 5k walked 1k 7347 steps 0657 0758 wib sor sarana olahraga petrokimia gresik randomvisual,netral,0.997,industri,38.0,,,2026-07-17,Gresik Kota,today i ran 5k walked 1k 7347 steps 0657 0758 wib sor sarana olahraga petrokimia gresik randomvisual
2081376145887416564,yunesafess,"rek! Buat kalian mahasiswa UNESA 2024 dan 2025  yang asal Gresik, tak kasih rekomendasi organisasi mahasiswa daerah yang seruuuu (bisa ketemu temen se Gresik kota/selatan/utara) lohhh 🤩🥳 https://t.co/1BSaeZW45F",rek buat kalian mahasiswa unesa 2024 dan 2025 yang asal gresik tak kasih rekomendasi organisasi mahasiswa daerah yang seruuuu bisa ketemu temen se gresik kotaselatanutara lohhh,positif,0.909,umum,1.0,,,2026-07-26,Gresik Kota,rek buat kalian mahasiswa unesa 2024 2025 asal gresik tak kasih rekomendasi organisasi mahasiswa daerah seruuuu ketemu temen se gresik kotaselatanutara lohhh
2080509983515709835,stlobelixuxi,ke Kopken Benowo apa yang di Gresik kota ya enaknya.. jaraknya sama sih wkwk,ke kopken benowo apa yang di gresik kota ya enaknya jaraknya sama sih wkwk,positif,0.987,umum,0.0,,,2026-07-24,Gresik Kota,kopken benowo apa gresik kota enak jarak sama sih wkwk
2080468273335091487,chanjunn23,@laila_ls01 di kopken gresik kota baru kaa,di kopken gresik kota baru kaa,netral,0.981,umum,0.0,,,2026-07-24,Gresik Kota,kopken gresik kota baru kaa
2079762424522281382,kidzzznj2,@ChilikKhus56451 gresik kota nih,gresik kota nih,positif,0.613,umum,0.0,,,2026-07-22,Gresik Kota,gresik kota nih
2081687091310940492,edysavs,@ainunnajib balongpanggang gresik jawa timur,balongpanggang gresik jawa timur,netral,0.995,umum,0.0,,,2026-07-27,Gresik Jawa Timur,balongpanggang gresik jawa timur
2081650858488693027,not_ur_baginda,"🇰🇷 Open mediheal 

Rate 13

‼️tidak termasuk tax

📍 gresik, jawa timur

Grup wa :
https://t.co/5rxiGRsBZe https://t.co/txlUP1YkcI",open mediheal rate 13 tidak termasuk tax gresik jawa timur grup wa,netral,0.997,umum,0.0,,,2026-07-27,Gresik Jawa Timur,open mediheal rate 13 masuk tax gresik jawa timur grup wa
2081606765419127150,lipslea,"WTS
LRP LA ROCHE POSAY STARTER KIT

💸 22.000 

isinya :
- 1pcs Cicaplast baume 1.5ml
- 1pcs Hyalu serum 1.5ml

ORIGINAL
📍Gresik, Jawa Timur https://t.co/YjJV52Swfy",wts lrp la roche posay starter kit 22000 isinya 1pcs cicaplast baume 15ml 1pcs hyalu serum 15ml original gresik jawa timur,netral,0.994,umum,0.0,,,2026-07-27,Gresik Jawa Timur,wts lrp la roche posay starter kit 22000 isi 1pcs cicaplast baume 15ml 1pcs hyalu serum 15ml original gresik jawa timur
2081603298852065488,Scouma_go2,"OPEN PO LUCKYDRAW CORTIS 

🎁 Web Weverse 
💸 Reguler + LD (1 Album + 1 LD) = 310k dp 235k
💸 Reguler + LD (1 Album studio + 1 LD) = 350k dp 235k
💸 Reguler set (3 Album + 5 LD) = 960k dp 710k 
💸 Weverse + LD ( 1 Album + 1 LD) = 170k dp 145k 
💸 Weverse set (4 Album  + 5 LD) = 650k dp 585k

🎁 Web Mukor
💸 Reguler + LD (1 Album + 1 LD) = 310k dp 235k
💸 Reguler + LD (1 Album studio + 1 LD) = 350k dp 235k
💸 Reguler set (3 Album + 5 LD) = 960k dp 710k 
💸 Weverse + LD ( 1 Album + 1 LD) = 175k dp 150k
💸 Weverse set (4 Album  + 5 LD) = 660k dp 600k

🎁 Web Everline
💸 Reguler + LD (1 Album + 1 LD) = 285k dp 205k
💸 Reguler + LD (1 Album studio + 1 LD) = 320k dp 205k
💸 Reguler set (3 Album + 5 LD) = 870k dp 620k
💸 Weverse + LD ( 1 Album + 1 LD) = 155k dp 130k
💸 Weverse set (4 Album  + 5 LD) = 590k dp 525k

🎁 Web Soundwave
💸 Reguler + LD (1 Album + 1 LD) = 310k dp 230k
💸 Reguler + LD (1 Album studio + 1 LD) = 350k dp 230k
💸 Reguler set (3 Album + 5 LD) = 950k dp 690k
💸 Weverse + LD ( 1 Album + 1 LD) = 165k dp 140k
💸 Weverse set (4 Album  + 5 LD) = 620k dp 555k

✅ Est bersih ina 
✅ GO Line & WA
❌ Packing & admin🍊
💳 BCA, Spay, Seabank, Qriss

🚛 Gresik, Jawa Timur
⚖️ Harga est jika berat & rate turun harga turun begitu sebaliknya

💌 Form order
https://t.co/q4Xm0RYOqX",open po luckydraw cortis web weverse reguler ld 1 album 1 ld 310k dp 235k reguler ld 1 album studio 1 ld 350k dp 235k reguler set 3 album 5 ld 960k dp 710k weverse ld 1 album 1 ld 170k dp 145k weverse set 4 album 5 ld 650k dp 585k web mukor reguler ld 1 album 1 ld 310k dp 235k reguler ld 1 album studio 1 ld 350k dp 235k reguler set 3 album 5 ld 960k dp 710k weverse ld 1 album 1 ld 175k dp 150k weverse set 4 album 5 ld 660k dp 600k web everline reguler ld 1 album 1 ld 285k dp 205k reguler ld 1 album studio 1 ld 320k dp 205k reguler set 3 album 5 ld 870k dp 620k weverse ld 1 album 1 ld 155k dp 130k weverse set 4 album 5 ld 590k dp 525k web soundwave reguler ld 1 album 1 ld 310k dp 230k reguler ld 1 album studio 1 ld 350k dp 230k reguler set 3 album 5 ld 950k dp 690k weverse ld 1 album 1 ld 165k dp 140k weverse set 4 album 5 ld 620k dp 555k est bersih ina go line wa packing admin bca spay seabank qriss gresik jawa timur harga est jika berat rate turun harga turun begitu sebaliknya form order,netral,0.869,ekonomi,0.0,,,2026-07-27,Gresik Jawa Timur,open po luckydraw cortis web weverse reguler ld 1 album 1 ld 310k dp 235k reguler ld 1 album studio 1 ld 350k dp 235k reguler set 3 album 5 ld 960k dp 710k weverse ld 1 album 1 ld 170k dp 145k weverse set 4 album 5 ld 650k dp 585k web mukor reguler ld 1 album 1 ld 310k dp 235k reguler ld 1 album studio 1 ld 350k dp 235k reguler set 3 album 5 ld 960k dp 710k weverse ld 1 album 1 ld 175k dp 150k weverse set 4 album 5 ld 660k dp 600k web everline reguler ld 1 album 1 ld 285k dp 205k reguler ld 1 album studio 1 ld 320k dp 205k reguler set 3 album 5 ld 870k dp 620k weverse ld 1 album 1 ld 155k dp 130k weverse set 4 album 5 ld 590k dp 525k web soundwave reguler ld 1 album 1 ld 310k dp 230k reguler ld 1 album studio 1 ld 350k dp 230k reguler set 3 album 5 ld 950k dp 690k weverse ld 1 album 1 ld 165k dp 140k weverse set 4 album 5 ld 620k dp 555k est bersih ina go line wa packing admin bca spay seabank qriss gresik jawa timur harga est berat rate turun harga turun balik form order
2081420290123596100,Alvianoaakh,"#wts wts https://t.co/nSbymviYlf take it off ( aou set, joong set ) first sigh lykn ( william set, tui set, lego set ), sisanya bisa check sendiri ya 😁 jual murah aja karena mau ngurangin barang 

📢 check vidcon by dm
✅️ freebies 
❌ packing + adm shopee
🏡 Gresik, Jawa Timur https://t.co/XgKplaH4LA",wts wts take it off aou set joong set first sigh lykn william set tui set lego set sisanya bisa check sendiri ya jual murah aja karena mau ngurangin barang check vidcon by dm freebies packing adm shopee gresik jawa timur,netral,0.904,bencana,1.0,,,2026-07-26,Gresik Jawa Timur,wts wts take it off aou set joong set first sigh lykn william set tui set lego set sisa check sendiri jual murah mau ngurangin barang check vidcon by dm freebies packing adm shopee gresik jawa timur
2081347872692584581,Scouma_go2,"OPEN PO LUCKYDRAW CORTIS 

🎁 Web Weverse / Everline / Mukor / Soundwave
💸 Reguler + LD (1 Album + 1 LD) = 330k dp 245k
💸 Reguler set (3 Album + 5 LD) = 990k dp 735k
💸 Weverse + LD ( 1 Album + 1 LD) = 178k dp 150k
💸 Weverse set (4 Album  + 5 LD) = 700k dp 650k 
💸 Weverse set (5 Album + 5 LD) = 830k dp 770k 

📌 SHARING ALBUM ONLY & POB ONLY 
💸 Reguler set (3 Album) = 590k dp 450k ✅✅
💸 Weverse set (4 Album) = 300k dp 230k ✅✅
💸 LD only set (OT5) = 400k dp 350k❌❌
=> Sharing harus full, ga full cancel 

✅ Est bersih ina 
✅ GO Line & WA
❌ Packing & admin🍊
💳 BCA, Spay, Seabank, Qriss

🚛 Gresik, Jawa Timur
⚖️ Harga est jika berat & rate turun harga turun begitu sebaliknya

💌 Form order
https://t.co/q4Xm0RYOqX",open po luckydraw cortis web weverse everline mukor soundwave reguler ld 1 album 1 ld 330k dp 245k reguler set 3 album 5 ld 990k dp 735k weverse ld 1 album 1 ld 178k dp 150k weverse set 4 album 5 ld 700k dp 650k weverse set 5 album 5 ld 830k dp 770k sharing album only pob only reguler set 3 album 590k dp 450k weverse set 4 album 300k dp 230k ld only set ot5 400k dp 350k sharing harus full ga full cancel est bersih ina go line wa packing admin bca spay seabank qriss gresik jawa timur harga est jika berat rate turun harga turun begitu sebaliknya form order,netral,0.801,ekonomi,0.0,,,2026-07-26,Gresik Jawa Timur,open po luckydraw cortis web weverse everline mukor soundwave reguler ld 1 album 1 ld 330k dp 245k reguler set 3 album 5 ld 990k dp 735k weverse ld 1 album 1 ld 178k dp 150k weverse set 4 album 5 ld 700k dp 650k weverse set 5 album 5 ld 830k dp 770k sharing album only pob only reguler set 3 album 590k dp 450k weverse set 4 album 300k dp 230k ld only set ot5 400k dp 350k sharing full full cancel est bersih ina go line wa packing admin bca spay seabank qriss gresik jawa timur harga est berat rate turun harga turun balik form order
2080677015867335014,DoliFadoli87772,@tante_ola Gresik Jawa Timur,gresik jawa timur,netral,0.982,umum,0.0,,,2026-07-24,Gresik Jawa Timur,gresik jawa timur
2080528340226801780,not_ur_baginda,"🇰🇷 Open po cavish summer sale

Price start 9900₩
📍 Gresik, Jawa Timur
Est.ina Agustus

Grup wa :
https://t.co/5rxiGRsBZe https://t.co/OAX2hkOi70",open po cavish summer sale price start 9900 gresik jawa timur estina agustus grup wa,netral,0.994,umum,0.0,,,2026-07-24,Gresik Jawa Timur,open po cavish summer sale price start 9900 gresik jawa timur estina agustus grup wa
2080477215238815772,not_ur_baginda,"🇰🇷 Open po isntree toner

(300+200+pump)
💸211.200

‼️tidak termasuk tax

📍 gresik, jawa timur

Grup wa 
https://t.co/5rxiGRsBZe https://t.co/iIbEtCBPV7",open po isntree toner 300200pump 211200 tidak termasuk tax gresik jawa timur grup wa,netral,0.997,umum,0.0,,,2026-07-24,Gresik Jawa Timur,open po isntree toner 300200pump 211200 masuk tax gresik jawa timur grup wa
2080411574972621255,GO_Shoppirang,"Want to Sell Album Only BTS TXT ENHYPEN FREE PC OFFICIAL!!
Hai semua, karena aku mau stop collect jadi aku mau jual koleksi album aku yaa. harganya range 50.000-85.000 aja bisa cod lewat oyenn free ongkir, pengiriman dari gresik jawa timur.
#wts #albumkpop #bts #enhypen #txt https://t.co/GEU9kSadR1",want to sell album only bts txt enhypen free pc official hai semua karena aku mau stop collect jadi aku mau jual koleksi album aku yaa harganya range 5000085000 aja bisa cod lewat oyenn free ongkir pengiriman dari gresik jawa timur wts albumkpop bts enhypen txt,netral,0.973,ekonomi,0.0,,,2026-07-23,Gresik Jawa Timur,want to sell album only bts txt enhypen free pc official hai semua aku mau stop collect jadi aku mau jual koleksi album aku yaa harga range 5000085000 cod lewat oyenn free ongkir kirim gresik jawa timur wts albumkpop bts enhypen txt
2080119174060515627,kumparan,"BNN Republik Indonesia melakukan pemusnahan barang bukti obat terlarang yang merupakan hasil pengungkapan tiga kasus di wilayah Bali, Gresik Jawa Timur, dan DKI Jakarta. Pemusnahan akan dilakukan di Balai Besar Rehabilitasi BNN, Cigombong, Kab. Bogor, Jawa Barat, Kamis (23/7).

Deputi Pemberantasan Narkotika BNN, Irjen Pol Aswin Sipayung menyebut, sesuai ketentuan peraturan perundang-undangan, sebagian barang bukti disisihkan untuk kepentingan pembuktian perkara, pemeriksaan uji laboratorium, dan kepentingan penyidikan, sedangkan sisanya dimusnahkan.

Pemusnahan disaksikan oleh unsur aparat penegak hukum, instansi terkait, serta masyarakat sebagai bentuk keterbukaan dalam penanganan barang bukti narkotika. Total barang bukti yang akan dimusnahkan hari ini mencapai 3,3 ton.

📸: Dok. kumparan/Pradya.

Baca selengkapnya dengan klik link di bio. Cari tahu berita update lainnya dengan download aplikasi kumparan di App Store atau Google Play.⁠

📝: newsupdate | update | news | vidol | R158 | R384 | E053
#bicarafaktalewatberita #kumparan",bnn republik indonesia melakukan pemusnahan barang bukti obat terlarang yang merupakan hasil pengungkapan tiga kasus di wilayah bali gresik jawa timur dan dki jakarta pemusnahan akan dilakukan di balai besar rehabilitasi bnn cigombong kab bogor jawa barat kamis 237 deputi pemberantasan narkotika bnn irjen pol aswin sipayung menyebut sesuai ketentuan peraturan perundangundangan sebagian barang bukti disisihkan untuk kepentingan pembuktian perkara pemeriksaan uji laboratorium dan kepentingan penyidikan sedangkan sisanya dimusnahkan pemusnahan disaksikan oleh unsur aparat penegak hukum instansi terkait serta masyarakat sebagai bentuk keterbukaan dalam penanganan barang bukti narkotika total barang bukti yang akan dimusnahkan hari ini mencapai 33 ton dok kumparanpradya baca selengkapnya dengan klik link di bio cari tahu berita update lainnya dengan download aplikasi kumparan di app store atau google play newsupdate update news vidol r158 r384 e053 bicarafaktalewatberita kumparan,netral,0.824,umum,5.0,,,2026-07-23,Gresik Jawa Timur,bnn republik indonesia laku musnah barang bukti obat larang rupa hasil ungkap tiga kasus wilayah bal gresik jawa timur dki jakarta musnah laku balai besar rehabilitasi bnn cigombong kab bogor jawa barat kamis 237 deputi berantas narkotika bnn irjen pol aswin sipayung sebut sesuai tentu atur perundangundangan bagi barang bukti sisih penting bukti perkara periksa uji laboratorium penting sidi sisa musnah musnah saksi unsur aparat tegak hukum instansi kait masyarakat bentuk buka tangan barang bukti narkotika total barang bukti musnah hari capai 33 ton dok kumparanpradya baca lengkap klik link bio cari tahu berita update lain download aplikasi kumpar app store google play newsupdate update news vidol r158 r384 e053 bicarafaktalewatberita kumpar
2080089818089070786,RickySatya7,"Kalau lu pernah denger kata Smelter Freeport di berita tapi masih bingung itu barang apaan, simpelnya gini gais: itu adalah fasilitas pemurnian hasil tambang raksasa yang lokasinya ada di Gresik, Jawa Timur. Dan nilainya? Investasi puluhan triliun rupiah gais, gede banget! 💰🚀",kalau lu pernah denger kata smelter freeport di berita tapi masih bingung itu barang apaan simpelnya gini gais itu adalah fasilitas pemurnian hasil tambang raksasa yang lokasinya ada di gresik jawa timur dan nilainya investasi puluhan triliun rupiah gais gede banget,positif,0.632,ekonomi,0.0,,,2026-07-23,Gresik Jawa Timur,kalau lu pernah denger kata smelter freeport berita bingung barang apa simpel gin gais fasilitas murni hasil tambang raksasa lokasi gresik jawa timur nilai investasi puluh triliun rupiah gais gede banget
2079947424983076869,badak3399,"Wts

Hotwheels f1 2024
Haas &amp; alpine. Sepaket, dpet 3 sesuai foto.
350k 

Ada yang crack bubble haas driver magnussen ga kefoto cuma 75k saja. 

Lok gresik, jawa timur. 
Direct/cod, mp +15% bisa split. 

#hotwheels #diecast #f1 https://t.co/79eMg8HjsD",wts hotwheels f1 2024 haas amp alpine sepaket dpet 3 sesuai foto 350k ada yang crack bubble haas driver magnussen ga kefoto cuma 75k saja lok gresik jawa timur directcod mp 15 bisa split hotwheels diecast f1,netral,0.984,umum,0.0,,,2026-07-22,Gresik Jawa Timur,wts hotwheels f1 2024 haas amp alpine paket dpet 3 sesuai foto 350k crack bubble haas driver magnussen foto cuma 75k lok gresik jawa timur directcod mp 15 split hotwheels diecast f1
2079584509628961152,hayamarumiraie,"@imurbaedarl Pengiriman dari Gresik, Jawa Timur yaa kak setelah barang sampai di Indonesia~",pengiriman dari gresik jawa timur yaa kak setelah barang sampai di indonesia,netral,0.984,umum,0.0,,,2026-07-21,Gresik Jawa Timur,kirim gresik jawa timur yaa kak barang indonesia
2080835625570418834,kabarbaikdotco,"Sektor pertanian dinilai tak lagi identik dengan pekerjaan konvensional yang mengandalkan tenaga fisik semata. Kemajuan teknologi hingga terbukanya akses pasar membuat bidang ini dinilai semakin menjanjikan, terutama bagi generasi muda.
 https://t.co/diTR4onbS1",sektor pertanian dinilai tak lagi identik dengan pekerjaan konvensional yang mengandalkan tenaga fisik semata kemajuan teknologi hingga terbukanya akses pasar membuat bidang ini dinilai semakin menjanjikan terutama bagi generasi muda,positif,0.732,ekonomi,1.0,,,2026-07-25,Bupati Gresik,sektor tani nilai tak identik kerja konvensional andal tenaga fisik semata maju teknologi hingga buka akses pasar buat bidang nilai makin janji utama generasi muda
2079827266830536719,fmsuaragresik,"Resmi Dibuka, Bupati Gresik Cup 2026 Jadi Panggung Atlet Muda Gresik Menuju Prestasi || Berita selengkapnya di webiste https://t.co/lTM94tH3hO https://t.co/4MnTgG7w8k",resmi dibuka bupati gresik cup 2026 jadi panggung atlet muda gresik menuju prestasi berita selengkapnya di webiste,netral,0.992,pemerintahan,1.0,,,2026-07-22,Bupati Gresik,resmi buka bupati gresik cup 2026 jadi panggung atlet muda gresik tuju prestasi berita lengkap webiste
2079534364891951559,mcinewsid,"Bupati Gresik Cup 2026 Resmi Dibuka, 1.413 Atlet Berebut Prestasi https://t.co/IzEnCnnt5s https://t.co/B4T6oXLpjj",bupati gresik cup 2026 resmi dibuka 1413 atlet berebut prestasi,netral,0.993,pemerintahan,0.0,,,2026-07-21,Bupati Gresik,bupati gresik cup 2026 resmi buka 1413 atlet rebut prestasi
2081938272939642919,HumasGresik,"Meningkatkan kedisiplinan dan memperkuat komitmen pelayanan! Kapolres Gresik AKBP Ramadhan Nasution memimpin Apel Pagi Jam Pimpinan, mengajak seluruh personel untuk selalu humanis dan inovatif dalam bertugas.
#PolresGresik #PolisiPresisi #PelayananPublik #SinergitasTNIPolri https://t.co/aFFtQmN7r2",meningkatkan kedisiplinan dan memperkuat komitmen pelayanan kapolres gresik akbp ramadhan nasution memimpin apel pagi jam pimpinan mengajak seluruh personel untuk selalu humanis dan inovatif dalam bertugas polresgresik polisipresisi pelayananpublik sinergitastnipolri,netral,0.967,umum,0.0,,,2026-07-28,Polres Gresik,tingkat disiplin kuat komitmen layan kapolres gresik akbp ramadhan nasution pimpin apel pagi jam pimpin ajak seluruh personel selalu humanis inovatif tugas polresgresik polisipresisi pelayananpublik sinergitastnipolri
2081657363258593652,lantasresgresik,"Anggota Satlantas Polres Gresik melaksanakan sosialisasi dan imbauan keselamatan berlalu lintas kepada para juru parkir di seputaran GKB, Gresik. https://t.co/1OzJtZxZXU",anggota satlantas polres gresik melaksanakan sosialisasi dan imbauan keselamatan berlalu lintas kepada para juru parkir di seputaran gkb gresik,netral,0.998,umum,0.0,,,2026-07-27,Polres Gresik,anggota satlantas polres gresik laksana sosialisasi imbau selamat lalu lintas juru parkir putar gkb gresik
2081657139181826413,lantasresgresik,"Pada Sabtu, 25 Juli 2026, Satlantas Polres Gresik menerima permintaan pengawalan ambulans yang membawa pasien dari Pulau Bawean melalui Pelabuhan Paciran menuju RS Ibnu Sina Gresik. https://t.co/IzTxPovghN",pada sabtu 25 juli 2026 satlantas polres gresik menerima permintaan pengawalan ambulans yang membawa pasien dari pulau bawean melalui pelabuhan paciran menuju rs ibnu sina gresik,netral,0.998,infrastruktur,0.0,,,2026-07-27,Polres Gresik,sabtu 25 juli 2026 satlantas polres gresik terima minta awal ambulans bawa pasien pulau bawean lalu labuh paciran tuju rs ibnu sina gresik
2081560688389173531,HumasGresik,"Blind Spot adalah area disekitar kendaraan besar dimana pengemudi ( sopir) tidak dapat melihat kendaraan lain, pejalan kaki atau objek secara langsung maupun melalui kaca spion melalui titik depan, titik belakang, titik kiri, dan titik kanan truk
.
.
.

#polresgresik #poldajatim https://t.co/uI0xPnkRNk",blind spot adalah area disekitar kendaraan besar dimana pengemudi sopir tidak dapat melihat kendaraan lain pejalan kaki atau objek secara langsung maupun melalui kaca spion melalui titik depan titik belakang titik kiri dan titik kanan truk polresgresik poldajatim,netral,0.997,infrastruktur,0.0,,,2026-07-27,Polres Gresik,blind spot area sekitar kendara besar kemudi sopir lihat kendara pejal kaki objek langsung maupun lalu kaca spion lalu titik depan titik belakang titik kiri titik kanan truk polresgresik poldajatim
2081559573555789906,HumasGresik,"Hallo Sobat Polri
Dalam rangka Perbaikan Jalan Bringkang menganti akan ada pengalian arus Lalu Lintas tanggal 25 Juli  - September  2026
.
.
.

#polresgresik #poldajatim #polresgresikkabupaten #infogresik #gresikupdate https://t.co/ZUhHH98apT",hallo sobat polri dalam rangka perbaikan jalan bringkang menganti akan ada pengalian arus lalu lintas tanggal 25 juli september 2026 polresgresik poldajatim polresgresikkabupaten infogresik gresikupdate,netral,0.995,infrastruktur,0.0,,,2026-07-27,Polres Gresik,hallo sobat polri rangka baik jalan bringkang anti ali arus lalu lintas tanggal 25 juli september 2026 polresgresik poldajatim polresgresikkabupaten infogresik gresikupdate
2081558944003293272,HumasGresik,"Hallo rekkk!!!
Jadwal SIM keliling untuk pekan ini ( 27 Juli - 01 Agustus 2026) sudah keluar catat tanggal dan lokasinya, ya!
Jangan sampai kelewatan ya🤭
.
.
.

#polresgresik #poldajatim #polresgresikkabupaten #infogresik #gresikupdate https://t.co/clYVOhq7Uc",hallo rekkk jadwal sim keliling untuk pekan ini 27 juli 01 agustus 2026 sudah keluar catat tanggal dan lokasinya ya jangan sampai kelewatan ya polresgresik poldajatim polresgresikkabupaten infogresik gresikupdate,netral,0.997,umum,0.0,,,2026-07-27,Polres Gresik,hallo rekkk jadwal sim keliling pekan 27 juli 01 agustus 2026 keluar catat tanggal lokasi jangan lewat polresgresik poldajatim polresgresikkabupaten infogresik gresikupdate
2081229821125050749,HumasGresik,"Diikuti oleh 206 peserta dari 4 kategori, ajang ini tidak hanya sekadar kompetisi, tetapi juga sarana mempererat silaturahmi, menumbuhkan sportifitas, serta memperkuat sinergi antara Polri dan masyarakat.
Selamat bertanding kepada seluruh peserta! Junjung tinggi fair play! https://t.co/a4KRps3AdW",diikuti oleh 206 peserta dari 4 kategori ajang ini tidak hanya sekadar kompetisi tetapi juga sarana mempererat silaturahmi menumbuhkan sportifitas serta memperkuat sinergi antara polri dan masyarakat selamat bertanding kepada seluruh peserta junjung tinggi fair play,positif,0.529,umum,0.0,,,2026-07-26,Polres Gresik,ikut 206 serta 4 kategori ajang sekadar kompetisi sarana erat silaturahmi tumbuh sportifitas kuat sinergi polri masyarakat selamat tanding seluruh serta junjung tinggi fair play
2081229683845439586,HumasGresik,"Polres Gresik secara resmi membuka Opening Ceremony Tennis Tournament Point to Point Kapolres Gresik Cup 2026 Season 2 di Lapangan Tenis SOR Tridharma Petrokimia Gresik.
 🏆✨

#PolresGresik #KapolresGresikCup2026 #TennisTournament #PointToPoint https://t.co/RNHPrJo0bG",polres gresik secara resmi membuka opening ceremony tennis tournament point to point kapolres gresik cup 2026 season 2 di lapangan tenis sor tridharma petrokimia gresik polresgresik kapolresgresikcup2026 tennistournament pointtopoint,netral,0.99,industri,0.0,,,2026-07-26,Polres Gresik,polres gresik resmi buka opening ceremony tennis tournament point to point kapolres gresik cup 2026 season 2 lapang tenis sor tridharma petrokimia gresik polresgresik kapolresgresikcup2026 tennistournament pointtopoint
2081229441867677919,HumasGresik,"Tennis Tournament Point to Point Season 2 - Kapolres Gresik Cup 2026 siap menjadi ajang pembuktian semangat juang, sportivitas, dan kebersamaan. Kalah dan menang itu biasa, yang utama adalah mental juara dan mempererat tali silaturahmi! 🤝🏻✨
#KapolresGresikCup2026 #PointToPoint https://t.co/iIQR7Jg1B3",tennis tournament point to point season 2 kapolres gresik cup 2026 siap menjadi ajang pembuktian semangat juang sportivitas dan kebersamaan kalah dan menang itu biasa yang utama adalah mental juara dan mempererat tali silaturahmi kapolresgresikcup2026 pointtopoint,positif,0.557,umum,0.0,,,2026-07-26,Polres Gresik,tennis tournament point to point season 2 kapolres gresik cup 2026 siap jadi ajang bukti semangat juang sportivitas sama kalah menang biasa utama mental juara erat tali silaturahmi kapolresgresikcup2026 pointtopoint
2081224038933008510,HumasGresik,"Ingat, keren itu bukan soal ngebut di jalan, tapi soal bisa pulang ke rumah dengan selamat.",ingat keren itu bukan soal ngebut di jalan tapi soal bisa pulang ke rumah dengan selamat,positif,0.961,infrastruktur,0.0,,,2026-07-26,Polres Gresik,ingat keren bukan soal ngebut jalan soal pulang rumah selamat
2081224014954193126,HumasGresik,"Melalui materi Safety Riding dan Defensive Driving, para pelajar dibekali cara berkendara yang aman, pentingnya menggunakan perlengkapan keselamatan, serta memahami rambu lalu lintas agar dapat menjadi pelopor keselamatan, baik di lingkungan sekolah maupun di masyarakat.",melalui materi safety riding dan defensive driving para pelajar dibekali cara berkendara yang aman pentingnya menggunakan perlengkapan keselamatan serta memahami rambu lalu lintas agar dapat menjadi pelopor keselamatan baik di lingkungan sekolah maupun di masyarakat,netral,0.778,pendidikan,0.0,,,2026-07-26,Polres Gresik,lalu materi safety riding defensive driving ajar bekal cara kendara aman penting guna lengkap selamat paham rambu lalu lintas jadi pelopor selamat baik lingkung sekolah maupun masyarakat
2081223809336811595,HumasGresik,"Anggota Unit Kamsel Satlantas Polres Gresik melaksanakan Sosialisasi Safety Riding kepada siswa-siswi SMK Semen Gresik sebagai upaya meningkatkan kesadaran dan kepatuhan terhadap peraturan lalu lintas.

#SatlantasPolresGresik #PolriUntukMasyarakat #SafetyRiding #DefensiveDrivin https://t.co/1KW4J7Ill4",anggota unit kamsel satlantas polres gresik melaksanakan sosialisasi safety riding kepada siswasiswi smk semen gresik sebagai upaya meningkatkan kesadaran dan kepatuhan terhadap peraturan lalu lintas satlantaspolresgresik polriuntukmasyarakat safetyriding defensivedrivin,netral,0.996,industri,0.0,,,2026-07-26,Polres Gresik,anggota unit kamsel satlantas polres gresik laksana sosialisasi safety riding siswasiswi smk semen gresik upaya tingkat sadar patuh atur lalu lintas satlantaspolresgresik polriuntukmasyarakat safetyriding defensivedrivin
2081222835184324636,HumasGresik,"dan upaya meningkatkan kepatuhan berlalu lintas.

Jangan jadikan jalan pintas sebagai jalan menuju bahaya. Patuhi rambu, gunakan helm, dan utamakan keselamatan dalam setiap perjalanan.",dan upaya meningkatkan kepatuhan berlalu lintas jangan jadikan jalan pintas sebagai jalan menuju bahaya patuhi rambu gunakan helm dan utamakan keselamatan dalam setiap perjalanan,negatif,0.571,infrastruktur,0.0,,,2026-07-26,Polres Gresik,upaya tingkat patuh lalu lintas jangan jadi jalan pintas jalan tuju bahaya patuh rambu guna helm utama selamat jalan
2081222800963195282,HumasGresik,"Pelanggaran ini bukan hanya membahayakan diri sendiri, tetapi juga mengancam keselamatan pengguna jalan dari arah berlawanan. Oleh karena itu, petugas memberikan sanksi Tilang Handheld kepada pengendara yang terbukti melanggar sebagai bentuk penegakan hukum",pelanggaran ini bukan hanya membahayakan diri sendiri tetapi juga mengancam keselamatan pengguna jalan dari arah berlawanan oleh karena itu petugas memberikan sanksi tilang handheld kepada pengendara yang terbukti melanggar sebagai bentuk penegakan hukum,negatif,0.838,infrastruktur,0.0,,,2026-07-26,Polres Gresik,langgar bukan bahaya diri sendiri ancam selamat guna jalan arah lawan tugas beri sanksi tilang handheld kendara bukti langgar bentuk tega hukum
2081222534578721226,HumasGresik,"Patroli HILING kali ini dilaksanakan di Jl. HOS Cokroaminoto, Bandar Grisse. Dalam kegiatan tersebut, Anggota Satlantas Polres Gresik masih menemukan pengendara yang melawan arus dan tidak menggunakan helm.

#SatlantasPolresGresik #PolriUntukMasyarakat #HILING https://t.co/nv621Oacdz",patroli hiling kali ini dilaksanakan di jl hos cokroaminoto bandar grisse dalam kegiatan tersebut anggota satlantas polres gresik masih menemukan pengendara yang melawan arus dan tidak menggunakan helm satlantaspolresgresik polriuntukmasyarakat hiling,netral,0.997,umum,0.0,,,2026-07-26,Polres Gresik,patroli hiling kali laksana jl hos cokroaminoto bandar grisse giat sebut anggota satlantas polres gresik temu kendara lawan arus guna helm satlantaspolresgresik polriuntukmasyarakat hiling
2080967368180928672,lantasresgresik,Anggota Unit Kamsel Satlantas Polres Gresik melaksanakan Sosialisasi Safety Riding kepada siswa-siswi SMK Semen Gresik sebagai upaya meningkatkan kesadaran dan kepatuhan terhadap peraturan lalu lintas. https://t.co/bUiguMluYu,anggota unit kamsel satlantas polres gresik melaksanakan sosialisasi safety riding kepada siswasiswi smk semen gresik sebagai upaya meningkatkan kesadaran dan kepatuhan terhadap peraturan lalu lintas,netral,0.995,industri,0.0,,,2026-07-25,Polres Gresik,anggota unit kamsel satlantas polres gresik laksana sosialisasi safety riding siswasiswi smk semen gresik upaya tingkat sadar patuh atur lalu lintas
2080964335246123517,lantasresgresik,"Patroli HILING kali ini dilaksanakan di Jl. HOS Cokroaminoto, Bandar Grisse. Dalam kegiatan tersebut, Anggota Satlantas Polres Gresik masih menemukan pengendara yang melawan arus dan tidak menggunakan helm. https://t.co/AxgQjcBSIo",patroli hiling kali ini dilaksanakan di jl hos cokroaminoto bandar grisse dalam kegiatan tersebut anggota satlantas polres gresik masih menemukan pengendara yang melawan arus dan tidak menggunakan helm,netral,0.998,umum,0.0,,,2026-07-25,Polres Gresik,patroli hiling kali laksana jl hos cokroaminoto bandar grisse giat sebut anggota satlantas polres gresik temu kendara lawan arus guna helm
2080855257245159657,HumasGresik,"memperhatikan rambu lalu lintas, serta mengatur waktu perjalanan untuk menghindari kepadatan. Mari bersama-sama menjaga keselamatan dan kelancaran lalu lintas selama proses pekerjaan berlangsung.",memperhatikan rambu lalu lintas serta mengatur waktu perjalanan untuk menghindari kepadatan mari bersamasama menjaga keselamatan dan kelancaran lalu lintas selama proses pekerjaan berlangsung,netral,0.976,infrastruktur,0.0,,,2026-07-25,Polres Gresik,perhati rambu lalu lintas atur waktu jalan hindar padat bersamasama jaga selamat lancar lalu lintas lama proses kerja langsung
2080855232108798003,HumasGresik,"arus di Simpang Tiga Masjid Ahmad Dahlan.

Pekerjaan perbaikan jalan ditargetkan selesai pada 19 Agustus 2026 apabila tidak ada kendala.

Kami mengimbau kepada seluruh masyarakat agar mematuhi arahan petugas di lapangan,",arus di simpang tiga masjid ahmad dahlan pekerjaan perbaikan jalan ditargetkan selesai pada 19 agustus 2026 apabila tidak ada kendala kami mengimbau kepada seluruh masyarakat agar mematuhi arahan petugas di lapangan,netral,0.98,infrastruktur,0.0,,,2026-07-25,Polres Gresik,arus simpang tiga masjid ahmad dahlan kerja baik jalan target selesai 19 agustus 2026 apabila kendala imbau seluruh masyarakat patuh arah tugas lapang
2080855174503940349,HumasGresik,"Bagi pengendara dari arah Lamongan menuju Banjarsari, silakan mengikuti pengalihan arus dengan lurus dan putar balik di Pintu Tol Kebomas. Sedangkan kendaraan dari arah timur menuju Lamongan diberlakukan contra flow di sisi utara Terminal Bunder dengan sistem buka-tutup",bagi pengendara dari arah lamongan menuju banjarsari silakan mengikuti pengalihan arus dengan lurus dan putar balik di pintu tol kebomas sedangkan kendaraan dari arah timur menuju lamongan diberlakukan contra flow di sisi utara terminal bunder dengan sistem bukatutup,netral,0.995,infrastruktur,0.0,,,2026-07-25,Polres Gresik,kendara arah lamongan tuju banjarsari sila ikut alih arus lurus putar balik pintu tol kebomas kendara arah timur tuju lamongan laku contra flow sisi utara terminal bunder sistem bukatutup
2080855028211081277,HumasGresik,"INFO REKAYASA LALU LINTAS 🚧

Sehubungan dengan pekerjaan perbaikan (pengecoran) Jalan Raya Banjarsari di sekitar Terminal Bunder, Satlantas Polres Gresik menerapkan rekayasa dan pengalihan arus lalu lintas guna mengurangi kepadatan kendaraan.

#SatlantasPolresGresik https://t.co/fibIAoq0kN",info rekayasa lalu lintas sehubungan dengan pekerjaan perbaikan pengecoran jalan raya banjarsari di sekitar terminal bunder satlantas polres gresik menerapkan rekayasa dan pengalihan arus lalu lintas guna mengurangi kepadatan kendaraan satlantaspolresgresik,netral,0.997,infrastruktur,0.0,,,2026-07-25,Polres Gresik,info rekayasa lalu lintas hubung kerja baik cor jalan raya banjarsari terminal bunder satlantas polres gresik terap rekayasa alih arus lalu lintas kurang padat kendara satlantaspolresgresik
2080854523783086164,HumasGresik,"Dalam sidang tersebut, Satlantas Polres Gresik memberikan rekomendasi terkait penyediaan fasilitas keselamatan, pengaturan jam operasional angkutan barang, serta manajemen keluar masuk kendaraan selama masa konstruksi guna menjaga keamanan, keselamatan, dan kelancaran lalu lintas",dalam sidang tersebut satlantas polres gresik memberikan rekomendasi terkait penyediaan fasilitas keselamatan pengaturan jam operasional angkutan barang serta manajemen keluar masuk kendaraan selama masa konstruksi guna menjaga keamanan keselamatan dan kelancaran lalu lintas,netral,0.992,umum,0.0,,,2026-07-25,Polres Gresik,sidang sebut satlantas polres gresik beri rekomendasi kait sedia fasilitas selamat atur jam operasional angkut barang manajemen keluar masuk kendara lama masa konstruksi jaga aman selamat lancar lalu lintas
2080853446492651740,HumasGresik,"Semoga sedikit yang kami berikan dapat menjadi penyemangat di tengah aktivitas, sekaligus mempererat kedekatan antara Polri dan masyarakat.

Mari terus tebarkan kebaikan, karena sekecil apa pun, kebaikan akan selalu berarti bagi sesama.",semoga sedikit yang kami berikan dapat menjadi penyemangat di tengah aktivitas sekaligus mempererat kedekatan antara polri dan masyarakat mari terus tebarkan kebaikan karena sekecil apa pun kebaikan akan selalu berarti bagi sesama,positif,0.97,umum,0.0,,,2026-07-25,Polres Gresik,moga sedikit ikan jadi semangat tengah aktivitas sekaligus erat dekat polri masyarakat terus tebar baik kecil apa baik selalu arti sama
2080853278758461532,HumasGresik,"Dalam kegiatan Jumat Berkah Berbagi, Anggota Satlantas Polres Gresik membagikan nasi kepada para driver ojek online di seputaran Bundaran GKB sebagai bentuk kepedulian dan apresiasi atas semangat mereka dalam mencari nafkah.

#SatlantasPolresGresik #PolriUntukMasyarakat https://t.co/hfP2zpcmv3",dalam kegiatan jumat berkah berbagi anggota satlantas polres gresik membagikan nasi kepada para driver ojek online di seputaran bundaran gkb sebagai bentuk kepedulian dan apresiasi atas semangat mereka dalam mencari nafkah satlantaspolresgresik polriuntukmasyarakat,netral,0.99,umum,0.0,,,2026-07-25,Polres Gresik,giat jumat berkah bagi anggota satlantas polres gresik bagi nasi driver ojek online putar bundar gkb bentuk peduli apresiasi atas semangat cari nafkah satlantaspolresgresik polriuntukmasyarakat
2080594678920175706,lantasresgresik,"Dalam kegiatan Jumat Berkah Berbagi, Anggota Satlantas Polres Gresik membagikan nasi kepada para driver ojek online di seputaran Bundaran GKB sebagai bentuk kepedulian dan apresiasi atas semangat mereka dalam mencari nafkah. https://t.co/2Ok7NNv59e",dalam kegiatan jumat berkah berbagi anggota satlantas polres gresik membagikan nasi kepada para driver ojek online di seputaran bundaran gkb sebagai bentuk kepedulian dan apresiasi atas semangat mereka dalam mencari nafkah,netral,0.982,umum,0.0,,,2026-07-24,Polres Gresik,giat jumat berkah bagi anggota satlantas polres gresik bagi nasi driver ojek online putar bundar gkb bentuk peduli apresiasi atas semangat cari nafkah
2080593831482081409,lantasresgresik,"INFO REKAYASA LALU LINTAS 🚧

Sehubungan dengan pekerjaan perbaikan (pengecoran) Jalan Raya Banjarsari di sekitar Terminal Bunder, Satlantas Polres Gresik menerapkan rekayasa dan pengalihan arus lalu lintas guna mengurangi kepadatan kendaraan. https://t.co/1qyS6VoC9F",info rekayasa lalu lintas sehubungan dengan pekerjaan perbaikan pengecoran jalan raya banjarsari di sekitar terminal bunder satlantas polres gresik menerapkan rekayasa dan pengalihan arus lalu lintas guna mengurangi kepadatan kendaraan,netral,0.995,infrastruktur,0.0,,,2026-07-24,Polres Gresik,info rekayasa lalu lintas hubung kerja baik cor jalan raya banjarsari terminal bunder satlantas polres gresik terap rekayasa alih arus lalu lintas kurang padat kendara
2080492295514898683,HumasGresik,"Polres Gresik menggelar kegiatan cangkrukan PIRAMIDA (Ngopi Bareng Awak Media) di Mapolres Gresik bersama Kapolres Gresik AKBP Ramadhan Nasution.

​#PolresGresik #PIRAMIDA #CangkrukanPiramida https://t.co/09rNB568vS",polres gresik menggelar kegiatan cangkrukan piramida ngopi bareng awak media di mapolres gresik bersama kapolres gresik akbp ramadhan nasution polresgresik piramida cangkrukanpiramida,netral,0.997,umum,0.0,,,2026-07-24,Polres Gresik,polres gresik gelar giat cangkrukan piramida ngopi bareng awak media mapolres gresik sama kapolres gresik akbp ramadhan nasution polresgresik piramida cangkrukanpiramida
2080491592415396246,HumasGresik,Polres Gresik mengimbau masyarakat untuk terus bersinergi dalam memberantas peredaran gelap narkoba. Bersama kita wujudkan Gresik yang aman dan bersih dari narkoba! 💪,polres gresik mengimbau masyarakat untuk terus bersinergi dalam memberantas peredaran gelap narkoba bersama kita wujudkan gresik yang aman dan bersih dari narkoba,netral,0.97,umum,0.0,,,2026-07-24,Polres Gresik,polres gresik imbau masyarakat terus sinergi berantas edar gelap narkoba sama wujud gresik aman bersih narkoba
2080491422411870572,HumasGresik,"Dua pelaku kurir sabu lintas wilayah berinisial DE dan MWF tak berkutik saat diamankan di sebuah tempat kos daerah Wringinanom beserta barang bukti 17 klip sabu seberat 38,066 gram.",dua pelaku kurir sabu lintas wilayah berinisial de dan mwf tak berkutik saat diamankan di sebuah tempat kos daerah wringinanom beserta barang bukti 17 klip sabu seberat 38066 gram,netral,0.996,umum,0.0,,,2026-07-24,Polres Gresik,laku kurir sabu lintas wilayah inisial de mwf tak kutik aman buah tempat kos daerah wringinanom serta barang bukti 17 klip sabu berat 38066 gram
2080491298394673360,HumasGresik,"Satresnarkoba Polres Gresik kembali menindak tegas jaringan peredaran narkotika di wilayah Gresik Selatan.

#PolresGresik #SatresnarkobaGresik #PressRelease #NarkobaMusuhKita https://t.co/bCuniQ1Mza",satresnarkoba polres gresik kembali menindak tegas jaringan peredaran narkotika di wilayah gresik selatan polresgresik satresnarkobagresik pressrelease narkobamusuhkita,netral,0.997,umum,0.0,,,2026-07-24,Polres Gresik,satresnarkoba polres gresik tindak tegas jaring edar narkotika wilayah gresik selatan polresgresik satresnarkobagresik pressrelease narkobamusuhkita
2080447268063519144,kabarbaikdotco,"Tangkap 2 Residivis Narkoba, Satreskoba Polres Gresik Sita 38 Gram Sabu

https://t.co/Dzd2NbLIKz https://t.co/nOjKdLc43v",tangkap 2 residivis narkoba satreskoba polres gresik sita 38 gram sabu,netral,0.998,umum,0.0,,,2026-07-24,Polres Gresik,tangkap 2 residivis narkoba satreskoba polres gresik sita 38 gram sabu
2080190648758718902,kabarbaikdotco,"Jajaran Polres Gresik terus menunjukkan komitmennya dalam pemberantasan peredaran narkoba di wilayah Kota Santri. Hal ini terbukti dalam ungkap kasus yang dilakukan jajaran kepolisian selama Januari-Juli 2026.
 https://t.co/Zhora3ZNRn",jajaran polres gresik terus menunjukkan komitmennya dalam pemberantasan peredaran narkoba di wilayah kota santri hal ini terbukti dalam ungkap kasus yang dilakukan jajaran kepolisian selama januarijuli 2026,netral,0.996,umum,0.0,,,2026-07-23,Polres Gresik,jajar polres gresik terus tunjuk komitmen berantas edar narkoba wilayah kota santri bukti ungkap kasus laku jajar polisi lama januarijuli 2026
2080134862103842949,HumasGresik,"Tindak lanjut layanan 110 langsung menuju TKP
.
.
.

#polresgresik #poldajatim #polresgresikkabupaten #infogresik #gresikupdate https://t.co/9uV7Hcfku7",tindak lanjut layanan 110 langsung menuju tkp polresgresik poldajatim polresgresikkabupaten infogresik gresikupdate,netral,0.998,umum,0.0,,,2026-07-23,Polres Gresik,tindak lanjut layan 110 langsung tuju tkp polresgresik poldajatim polresgresikkabupaten infogresik gresikupdate
2080134618750370258,HumasGresik,"Tindak Lanjut Layanan Melalui Live Chat 110 dan Whatsapp Chat secara ramah dan humanis
.
.
.

#polresgresik #poldajatim #polresgresikkabupaten #infogresik #gresikupdate https://t.co/zeNZyZhSnc",tindak lanjut layanan melalui live chat 110 dan whatsapp chat secara ramah dan humanis polresgresik poldajatim polresgresikkabupaten infogresik gresikupdate,netral,0.997,umum,1.0,,,2026-07-23,Polres Gresik,tindak lanjut layan lalu live chat 110 whatsapp chat ramah humanis polresgresik poldajatim polresgresikkabupaten infogresik gresikupdate
2080134056470356083,HumasGresik,"Penerimaan dan tindak lanjut melalui layanan 110 dengan ramah cepat dan humanis
.
.
.

#polresgresik #poldajatim #polresgresikkabupaten #infogresik #gresikupdate https://t.co/Hvzx14O7tQ",penerimaan dan tindak lanjut melalui layanan 110 dengan ramah cepat dan humanis polresgresik poldajatim polresgresikkabupaten infogresik gresikupdate,netral,0.996,umum,0.0,,,2026-07-23,Polres Gresik,terima tindak lanjut lalu layan 110 ramah cepat humanis polresgresik poldajatim polresgresikkabupaten infogresik gresikupdate
2080112166401958026,kabarbaikdotco,"Seluruh senjata api (senpi) dinas yang dipegang personel Polres Gresik hingga jajaran polsek diperiksa secara menyeluruh dalam inspeksi internal yang digelar di Aula Lantai 2 Mapolres Gresik.
 https://t.co/kHLM2ikxX5",seluruh senjata api senpi dinas yang dipegang personel polres gresik hingga jajaran polsek diperiksa secara menyeluruh dalam inspeksi internal yang digelar di aula lantai 2 mapolres gresik,netral,0.998,pemerintahan,0.0,,,2026-07-23,Polres Gresik,seluruh senjata api senpi dinas pegang personel polres gresik hingga jajar polsek periksa seluruh inspeksi internal gelar aula lantai 2 mapolres gresik
2080084481982275804,yuan_tika89,https://t.co/W0v3dF5DYe,,netral,0.0,umum,0.0,,,2026-07-23,Polres Gresik,
2079779413521293501,lantasresgresik,"Rabu, 22 Juli 2026 pukul 04.00 WIB, Anggota Satlantas Polres Gresik bergerak menuju lokasi kecelakaan beruntun di Simpang Empat Bunder setelah menerima laporan melalui Call Center Lapor Cak Rama. https://t.co/LAoelYIyod",rabu 22 juli 2026 pukul 0400 wib anggota satlantas polres gresik bergerak menuju lokasi kecelakaan beruntun di simpang empat bunder setelah menerima laporan melalui call center lapor cak rama,netral,0.998,umum,1.0,,,2026-07-22,Polres Gresik,rabu 22 juli 2026 pukul 0400 wib anggota satlantas polres gresik gerak tuju lokasi celaka untun simpang empat bunder terima lapor lalu call center lapor cak rama
2079760701011489276,HumasGresik,"Kecamatan Menganti, Selasa (21/7).
​Langkah strategis ini diharapkan mampu mendongkrak daya saing produk lokal serta memperkuat ekosistem industri daerah. Seluruh rangkaian acara berlangsung aman, lancar, dan kondusif.",kecamatan menganti selasa 217 langkah strategis ini diharapkan mampu mendongkrak daya saing produk lokal serta memperkuat ekosistem industri daerah seluruh rangkaian acara berlangsung aman lancar dan kondusif,positif,0.894,industri,0.0,,,2026-07-22,Polres Gresik,camat anti selasa 217 langkah strategis harap mampu dongkrak daya saing produk lokal kuat ekosistem industri daerah seluruh rangkai acara langsung aman lancar kondusif
2079760228074271143,HumasGresik,"Omah Rembug sebagai sarana musyawarah, penyelesaian konflik sosial, dan pemecahan masalah di tengah masyarakat secara humanis, cepat, dan kekeluargaan.",omah rembug sebagai sarana musyawarah penyelesaian konflik sosial dan pemecahan masalah di tengah masyarakat secara humanis cepat dan kekeluargaan,netral,0.937,umum,0.0,,,2026-07-22,Polres Gresik,omah rembug sarana musyawarah selesai konflik sosial pecah masalah tengah masyarakat humanis cepat keluarga
2079760194213658962,HumasGresik,"Polres Gresik menerima kunjungan Tim Asistensi Omah Rembug Ditbinmas Polda Jatim. Kegiatan ini bertujuan untuk mengoptimalisasi 
#PolresGresik #PoldaJatim #BinmasPoldaJatim #OmahRembug https://t.co/OW6i5US6AU",polres gresik menerima kunjungan tim asistensi omah rembug ditbinmas polda jatim kegiatan ini bertujuan untuk mengoptimalisasi polresgresik poldajatim binmaspoldajatim omahrembug,netral,0.997,umum,0.0,,,2026-07-22,Polres Gresik,polres gresik terima kunjung tim asistensi omah rembug ditbinmas polda jatim giat tuju optimalisasi polresgresik poldajatim binmaspoldajatim omahrembug
2079759448428683347,HumasGresik,"Wujud dukungan penuh untuk kemajuan IKM Logam Gresik! Semoga Gedung Sentra IKM Logam ini membawa keberkahan dan kebermanfaatan bagi masyarakat.
#IKMLogamGresik #SentraIKM https://t.co/1m3AG4Y2c9",wujud dukungan penuh untuk kemajuan ikm logam gresik semoga gedung sentra ikm logam ini membawa keberkahan dan kebermanfaatan bagi masyarakat ikmlogamgresik sentraikm,positif,0.907,umum,0.0,,,2026-07-22,Polres Gresik,wujud dukung penuh maju ikm logam gresik moga gedung sentra ikm logam bawa berkah manfaat masyarakat ikmlogamgresik sentraikm
2079476940889829379,depalindo35157,"Pelindo memperkuat layanan logistik lewat transformasi di Pelabuhan Gresik. Digitalisasi, peningkatan SDM, dan optimalisasi infrastruktur dilakukan untuk meningkatkan efisiensi, daya saing pelabuhan, serta mendukung ekonomi nasional.
#LogistikIndonesia #Pelindo #Digitalisasi https://t.co/w5Qr6K45ze",pelindo memperkuat layanan logistik lewat transformasi di pelabuhan gresik digitalisasi peningkatan sdm dan optimalisasi infrastruktur dilakukan untuk meningkatkan efisiensi daya saing pelabuhan serta mendukung ekonomi nasional logistikindonesia pelindo digitalisasi,netral,0.96,infrastruktur,0.0,,,2026-07-21,pelabuhan Gresik,pelindo kuat layan logistik lewat transformasi labuh gresik digitalisasi tingkat sdm optimalisasi infrastruktur laku tingkat efisiensi daya saing labuh dukung ekonomi nasional logistikindonesia pelindo digitalisasi
2081900890165014589,petrogresik,"Sahabat, hasil pertanian selalu menjadi bagian penting dalam kehidupan sehari-hari, termasuk bagi masyarakat perkotaan. 🌾💚

Melalui Petro Agrifood Expo (PAE) 2026, Petrokimia Gresik mengajak masyarakat mengenal dunia agroindustri dari hulu hingga hilir dengan cara yang edukatif dan menyenangkan, sekaligus menumbuhkan kepedulian generasi muda terhadap pentingnya regenerasi petani.

Di PAE 2026, pengunjung dapat memetik buah dan sayuran segar, membeli berbagai komoditas pertanian, mengunjungi stand kebutuhan pertanian, hingga mengikuti beragam pelatihan interaktif tentang pertanian modern. 🌽🚜

Semoga PAE 2026 dapat menginspirasi semakin banyak generasi muda untuk melihat pertanian sebagai sektor yang modern, inovatif, dan penuh peluang, sehingga turut mendukung regenerasi petani menuju kedaulatan pangan Indonesia. 🇮🇩🌱

Terima kasih atas antusiasme Sahabat di PAE 2026. Sampai bertemu kembali di Petro Agrifood Expo berikutnya! 💚👋

#PetrokimiaGresik #SolusiAgroindustri #PetroAgrifoodExpo2026",sahabat hasil pertanian selalu menjadi bagian penting dalam kehidupan seharihari termasuk bagi masyarakat perkotaan melalui petro agrifood expo pae 2026 petrokimia gresik mengajak masyarakat mengenal dunia agroindustri dari hulu hingga hilir dengan cara yang edukatif dan menyenangkan sekaligus menumbuhkan kepedulian generasi muda terhadap pentingnya regenerasi petani di pae 2026 pengunjung dapat memetik buah dan sayuran segar membeli berbagai komoditas pertanian mengunjungi stand kebutuhan pertanian hingga mengikuti beragam pelatihan interaktif tentang pertanian modern semoga pae 2026 dapat menginspirasi semakin banyak generasi muda untuk melihat pertanian sebagai sektor yang modern inovatif dan penuh peluang sehingga turut mendukung regenerasi petani menuju kedaulatan pangan indonesia terima kasih atas antusiasme sahabat di pae 2026 sampai bertemu kembali di petro agrifood expo berikutnya petrokimiagresik solusiagroindustri petroagrifoodexpo2026,positif,0.959,industri,0.0,,,2026-07-28,Petrokimia Gresik,sahabat hasil tani selalu jadi bagi penting hidup seharihari masuk masyarakat kota lalu petro agrifood expo pae 2026 petrokimia gresik ajak masyarakat kenal dunia agroindustri hulu hingga hilir cara edukatif senang sekaligus tumbuh peduli generasi muda penting regenerasi tani pae 2026 unjung petik buah sayur segar beli bagai komoditas tani unjung stand butuh tani hingga ikut agam latih interaktif tani modern moga pae 2026 inspirasi makin banyak generasi muda lihat tani sektor modern inovatif penuh peluang turut dukung regenerasi tani tuju daulat pangan indonesia terima kasih atas antusiasme sahabat pae 2026 temu petro agrifood expo ikut petrokimiagresik solusiagroindustri petroagrifoodexpo2026
2081713219010244648,petrogresik,"Sahabat, Selamat Hari Mangrove Sedunia! 🌱✨

Sebagai wujud komitmen menjaga kelestarian lingkungan, Petrokimia Gresik turut berpartisipasi dalam Aksi Penanaman Mangrove Serentak Seluruh Indonesia yang diinisiasi oleh Kementerian Lingkungan Hidup RI dengan menanam 1.000 bibit mangrove secara bertahap di Pusat Restorasi dan Pembelajaran Mangrove (PRPM) Mengare, Gresik. 🌿

Aksi ini akan dilanjutkan dengan acara puncak penanaman mangrove bersama karyawan Petrokimia Gresik sebagai wujud kolaborasi dalam menjaga dan memulihkan ekosistem pesisir.

Langkah ini menjadi bagian dari upaya Petrokimia Gresik dalam mendukung pelestarian ekosistem pesisir, meningkatkan penyerapan karbon, serta mewujudkan lingkungan yang lebih hijau dan berkelanjutan. 🌏

Karena setiap bibit mangrove yang ditanam hari ini bukan hanya menjaga pesisir, tetapi juga menjadi investasi bagi bumi dan generasi mendatang. 🤝💚

Menjaga Mangrove, Menjaga Generasi Mendatang. 🌱

#PetrokimiaGresik #SolusiAgroindustri #MangroveBerkelanjutan #HariMangroveSedunia #ESG #NetZeroEmission #PelestarianLingkungan",sahabat selamat hari mangrove sedunia sebagai wujud komitmen menjaga kelestarian lingkungan petrokimia gresik turut berpartisipasi dalam aksi penanaman mangrove serentak seluruh indonesia yang diinisiasi oleh kementerian lingkungan hidup ri dengan menanam 1000 bibit mangrove secara bertahap di pusat restorasi dan pembelajaran mangrove prpm mengare gresik aksi ini akan dilanjutkan dengan acara puncak penanaman mangrove bersama karyawan petrokimia gresik sebagai wujud kolaborasi dalam menjaga dan memulihkan ekosistem pesisir langkah ini menjadi bagian dari upaya petrokimia gresik dalam mendukung pelestarian ekosistem pesisir meningkatkan penyerapan karbon serta mewujudkan lingkungan yang lebih hijau dan berkelanjutan karena setiap bibit mangrove yang ditanam hari ini bukan hanya menjaga pesisir tetapi juga menjadi investasi bagi bumi dan generasi mendatang menjaga mangrove menjaga generasi mendatang petrokimiagresik solusiagroindustri mangroveberkelanjutan harimangrovesedunia esg netzeroemission pelestarianlingkungan,netral,0.64,ekonomi,0.0,,,2026-07-27,Petrokimia Gresik,sahabat selamat hari mangrove dunia wujud komitmen jaga lestari lingkung petrokimia gresik turut partisipasi aksi tanam mangrove serentak seluruh indonesia inisiasi menteri lingkung hidup ri tanam 1000 bibit mangrove tahap pusat restorasi ajar mangrove prpm are gresik aksi lanjut acara puncak tanam mangrove sama karyawan petrokimia gresik wujud kolaborasi jaga pulih ekosistem pesisir langkah jadi bagi upaya petrokimia gresik dukung lestari ekosistem pesisir tingkat serap karbon wujud lingkung lebih hijau lanjut bibit mangrove tanam hari bukan jaga pesisir jadi investasi bumi generasi datang jaga mangrove jaga generasi datang petrokimiagresik solusiagroindustri mangroveberkelanjutan harimangrovesedunia esg netzeroemission pelestarianlingkungan
2081317716259189036,petrogresik,"Sahabat, tata kelola pupuk bersubsidi yang tepat menjadi salah satu kunci dalam mendukung produktivitas pertanian sekaligus mewujudkan swasembada pangan nasional nihh😁✨

Melalui Sharing Session Tata Kelola Pupuk Bersubsidi bersama Direktur Pupuk Direktorat Jenderal PSP Kementerian Pertanian RI, Syamsuddin, Petrokimia Gresik memperkuat pemahaman mengenai kebijakan dan tata kelola penyaluran pupuk bersubsidi agar semakin efektif, tepat sasaran, dan memberikan manfaat nyata bagi para petani lhoo Sahabat✨🙏

Kolaborasi antara pemerintah dan seluruh pemangku kepentingan diharapkan mampu memastikan setiap pupuk yang diproduksi benar-benar sampai ke tangan yang berhak, sehingga hasil akhirnya dapat dirasakan langsung oleh para petani sebagai garda terdepan ketahanan pangan Indonesia. 🌱🇮🇩

#PetrokimiaGresik #SolusiAgroindustri #SharingSession #TataKelolaPupukBersubsidi #SwasembadaPangan",sahabat tata kelola pupuk bersubsidi yang tepat menjadi salah satu kunci dalam mendukung produktivitas pertanian sekaligus mewujudkan swasembada pangan nasional nihh melalui sharing session tata kelola pupuk bersubsidi bersama direktur pupuk direktorat jenderal psp kementerian pertanian ri syamsuddin petrokimia gresik memperkuat pemahaman mengenai kebijakan dan tata kelola penyaluran pupuk bersubsidi agar semakin efektif tepat sasaran dan memberikan manfaat nyata bagi para petani lhoo sahabat kolaborasi antara pemerintah dan seluruh pemangku kepentingan diharapkan mampu memastikan setiap pupuk yang diproduksi benarbenar sampai ke tangan yang berhak sehingga hasil akhirnya dapat dirasakan langsung oleh para petani sebagai garda terdepan ketahanan pangan indonesia petrokimiagresik solusiagroindustri sharingsession tatakelolapupukbersubsidi swasembadapangan,positif,0.917,industri,0.0,,,2026-07-26,Petrokimia Gresik,sahabat tata kelola pupuk subsidi tepat jadi salah satu kunci dukung produktivitas tani sekaligus wujud swasembada pangan nasional nihh lalu sharing session tata kelola pupuk subsidi sama direktur pupuk direktorat jenderal psp menteri tani ri syamsuddin petrokimia gresik kuat paham kena bijak tata kelola salur pupuk subsidi makin efektif tepat sasar beri manfaat nyata tani lhoo sahabat kolaborasi perintah seluruh mang penting harap mampu pasti pupuk produksi benarbenar tangan hak hasil akhir rasa langsung tani garda depan tahan pangan indonesia petrokimiagresik solusiagroindustri sharingsession tatakelolapupukbersubsidi swasembadapangan
2080845541223887141,petrogresik,"Petrokimia Gresik kembali menghadirkan Petro Agrifood Expo 2026 sebagai wadah edukasi untuk mengajak masyarakat, khususnya generasi muda, mengenal dunia agroindustri lebih dekat, Sahabat. ✨🌱

Diselenggarakan pada 24–26 Juli 2026, kegiatan ini menghadirkan beragam aktivitas interaktif, mulai dari pelatihan komposting, pelatihan petani cilik, hingga panen bersama masyarakat. Pengunjung juga dapat menemukan berbagai stand yang menawarkan komoditas pertanian. Melalui rangkaian kegiatan tersebut, masyarakat diajak memahami peran strategis sektor pertanian dari hulu hingga hilir sekaligus menumbuhkan kepedulian terhadap ketahanan pangan nasional. 💪

Sebagai bentuk komitmen dalam mendukung regenerasi petani, Petrokimia Gresik turut menyerahkan Beasiswa Petani Muda kepada 50 pelajar SMK Pertanian se-Jawa Timur. Semoga langkah ini menginspirasi semakin banyak generasi muda untuk berkontribusi membangun pertanian Indonesia yang modern, maju, dan berkelanjutan. 🌾🇮🇩

#PetrokimiaGresik #SolusiAgroindustri #PetroAgrifoodExpo2026 #RegenerasiPetani #KetahananPangan",petrokimia gresik kembali menghadirkan petro agrifood expo 2026 sebagai wadah edukasi untuk mengajak masyarakat khususnya generasi muda mengenal dunia agroindustri lebih dekat sahabat diselenggarakan pada 2426 juli 2026 kegiatan ini menghadirkan beragam aktivitas interaktif mulai dari pelatihan komposting pelatihan petani cilik hingga panen bersama masyarakat pengunjung juga dapat menemukan berbagai stand yang menawarkan komoditas pertanian melalui rangkaian kegiatan tersebut masyarakat diajak memahami peran strategis sektor pertanian dari hulu hingga hilir sekaligus menumbuhkan kepedulian terhadap ketahanan pangan nasional sebagai bentuk komitmen dalam mendukung regenerasi petani petrokimia gresik turut menyerahkan beasiswa petani muda kepada 50 pelajar smk pertanian sejawa timur semoga langkah ini menginspirasi semakin banyak generasi muda untuk berkontribusi membangun pertanian indonesia yang modern maju dan berkelanjutan petrokimiagresik solusiagroindustri petroagrifoodexpo2026 regenerasipetani ketahananpangan,netral,0.646,pendidikan,0.0,,,2026-07-25,Petrokimia Gresik,petrokimia gresik hadir petro agrifood expo 2026 wadah edukasi ajak masyarakat khusus generasi muda kenal dunia agroindustri lebih dekat sahabat selenggara 2426 juli 2026 giat hadir agam aktivitas interaktif mulai latih komposting latih tani cilik hingga panen sama masyarakat unjung temu bagai stand tawar komoditas tani lalu rangkai giat sebut masyarakat ajak paham peran strategis sektor tani hulu hingga hilir sekaligus tumbuh peduli tahan pangan nasional bentuk komitmen dukung regenerasi tani petrokimia gresik turut serah beasiswa tani muda 50 ajar smk tani sejawa timur moga langkah inspirasi makin banyak generasi muda kontribusi bangun tani indonesia modern maju lanjut petrokimiagresik solusiagroindustri petroagrifoodexpo2026 regenerasipetani ketahananpangan
2080471251240505437,petrogresik,https://t.co/755Is3DTAA,,netral,0.0,umum,0.0,,,2026-07-24,Petrokimia Gresik,
2080471244827488380,petrogresik,"Kunjungan kerja Dewan Komisaris, Managing Director Business 2 PT Danantara Asset Management, Setyanto Hantoro, serta Director PSO Management PT Danantara Asset Management, Zuryati Simbolon, ke Petrokimia Gresik menjadi langkah penguatan sinergi dalam mendukung pengembangan bisnis dan ketahanan pangan nasional, Sahabat. ✨

Semoga kolaborasi ini membuka peluang strategis bagi kemajuan agroindustri, keberlanjutan usaha, serta ketersediaan pupuk bagi petani Indonesia. 🇮🇩

#PetrokimiaGresik #SolusiAgroindustri #AstaCita #KunjunganKerja #Danantara",kunjungan kerja dewan komisaris managing director business 2 pt danantara asset management setyanto hantoro serta director pso management pt danantara asset management zuryati simbolon ke petrokimia gresik menjadi langkah penguatan sinergi dalam mendukung pengembangan bisnis dan ketahanan pangan nasional sahabat semoga kolaborasi ini membuka peluang strategis bagi kemajuan agroindustri keberlanjutan usaha serta ketersediaan pupuk bagi petani indonesia petrokimiagresik solusiagroindustri astacita kunjungankerja danantara,netral,0.967,industri,0.0,,,2026-07-24,Petrokimia Gresik,kunjung kerja dewan komisaris managing director business 2 pt danantara asset management setyanto hantoro director pso management pt danantara asset management zuryati simbolon petrokimia gresik jadi langkah kuat sinergi dukung kembang bisnis tahan pangan nasional sahabat moga kolaborasi buka peluang strategis maju agroindustri lanjut usaha sedia pupuk tani indonesia petrokimiagresik solusiagroindustri astacita kunjungankerja danantara
2080115740020208078,credOLIN,"@mpitt51 Iya ini di kawasan stadion Petrokimia Gresik, kak.",iya ini di kawasan stadion petrokimia gresik kak,netral,0.97,industri,1.0,,,2026-07-23,Petrokimia Gresik,iya kawasan stadion petrokimia gresik kak
2080104470361653455,credOLIN,"📍SOR (Sarana Olahraga) Petrokimia Gresik.

#RandomVisual https://t.co/OimnJAkuGd",sor sarana olahraga petrokimia gresik randomvisual,netral,0.99,industri,8.0,,,2026-07-23,Petrokimia Gresik,sor sarana olahraga petrokimia gresik randomvisual
2080087603282608269,credOLIN,"Aku terbangun di hari Kamis,
Dalam hembusan udara yang kian menipis,
Berharap pada musim tak lagi menghadirkan gerimis.

Seketika daun berjatuhan tanpa bisa ditepis,
Bukankah itu juga karena angin?
Mengapa terus disembunyikannya pada getir tangis?

💚💙✨
#RandomVisual https://t.co/oqOAup8pJF",aku terbangun di hari kamis dalam hembusan udara yang kian menipis berharap pada musim tak lagi menghadirkan gerimis seketika daun berjatuhan tanpa bisa ditepis bukankah itu juga karena angin mengapa terus disembunyikannya pada getir tangis randomvisual,negatif,0.507,bencana,34.0,,,2026-07-23,Petrokimia Gresik,aku bangun hari kamis hembus udara kian tip harap musim tak hadir gerimis ketika daun jatuh tepis bukankah angin terus sembunyi getir tangis randomvisual
2080088032162799796,petrogresik,"Selamat Hari Anak Nasional, Sahabat! 🥳👧🏻

Anak-anak adalah generasi penerus yang akan membawa Indonesia menuju masa depan, termasuk dalam mewujudkan kedaulatan pangan bangsa. Mari bersama menciptakan ruang yang aman, sehat, dan penuh kesempatan agar mereka dapat belajar, bermain, serta tumbuh menjadi pribadi terbaiknya. 🌱

Semoga setiap langkah kecil mereka hari ini menjadi awal bagi Indonesia yang semakin maju, mandiri, dan berdaulat pangan. 💪✨

#PetrokimiaGresik #SolusiAgroindustri #HariAnakNasional #KedaulatanPangan",selamat hari anak nasional sahabat anakanak adalah generasi penerus yang akan membawa indonesia menuju masa depan termasuk dalam mewujudkan kedaulatan pangan bangsa mari bersama menciptakan ruang yang aman sehat dan penuh kesempatan agar mereka dapat belajar bermain serta tumbuh menjadi pribadi terbaiknya semoga setiap langkah kecil mereka hari ini menjadi awal bagi indonesia yang semakin maju mandiri dan berdaulat pangan petrokimiagresik solusiagroindustri harianaknasional kedaulatanpangan,positif,0.854,industri,0.0,,,2026-07-23,Petrokimia Gresik,selamat hari anak nasional sahabat anakanak generasi terus bawa indonesia tuju masa depan masuk wujud daulat pangan bangsa sama cipta ruang aman sehat penuh sempat ajar main tumbuh jadi pribadi baik moga langkah kecil hari jadi awal indonesia makin maju mandiri daulat pangan petrokimiagresik solusiagroindustri harianaknasional kedaulatanpangan
2079808661384486986,petrogresik,"Seporsi Kemenangan untuk fresh graduate! 🚀💚

Program Pemagangan Nasional Kementerian Ketenagakerjaan di Petrokimia Gresik hadir untuk Sahabat yang ingin merasakan pengalaman kerja profesional sekaligus mengembangkan hard skill dan soft skill.

Selama 6 bulan, peserta berkesempatan memperluas jaringan profesional, memperoleh sertifikat MagangHub, serta mendapatkan uang saku.

Yuk, simak persyaratan lengkapnya di slide berikut dan segera daftar melalui https://t.co/1eIdFXsUGM sebelum 28 Juli 2026!

#PetrokimiaGresik #SolusiAgroindustri #ProgramPemaganganNasional #KementerianKetenagakerjaan",seporsi kemenangan untuk fresh graduate program pemagangan nasional kementerian ketenagakerjaan di petrokimia gresik hadir untuk sahabat yang ingin merasakan pengalaman kerja profesional sekaligus mengembangkan hard skill dan soft skill selama 6 bulan peserta berkesempatan memperluas jaringan profesional memperoleh sertifikat maganghub serta mendapatkan uang saku yuk simak persyaratan lengkapnya di slide berikut dan segera daftar melalui sebelum 28 juli 2026 petrokimiagresik solusiagroindustri programpemagangannasional kementerianketenagakerjaan,netral,0.959,industri,2.0,,,2026-07-22,Petrokimia Gresik,porsi menang fresh graduate program magang nasional menteri ketenagakerjaan petrokimia gresik hadir sahabat rasa alam kerja profesional sekaligus kembang hard skill soft skill lama 6 bulan serta sempat luas jaring profesional oleh sertifikat maganghub dapat uang saku yuk simak syarat lengkap slide ikut segera daftar lalu 28 juli 2026 petrokimiagresik solusiagroindustri programpemagangannasional kementerianketenagakerjaan
2079776976274112783,petrogresik,"Selamat memperingati Hari Bhakti Adhyaksa ke-66! 🇮🇩⚖️

Peringatan ini menjadi momentum untuk mengapresiasi dedikasi seluruh insan Adhyaksa dalam menjalankan tugasnya sebagai garda terdepan penegakan hukum. Semangat pengabdian, profesionalisme, dan integritas menjadi fondasi penting dalam mewujudkan keadilan yang dapat dirasakan oleh seluruh masyarakat✨💪

Mari terus mendukung terciptanya sistem hukum yang berkeadilan, transparan, dan dipercaya publik demi Indonesia yang semakin maju☺️

Selamat Hari Bhakti Adhyaksa ke-66. Teruslah mengabdi untuk negeri! 💪

#PetrokimiaGresik #SolusiAgroindustri #HariBhaktiAdhyaksa",selamat memperingati hari bhakti adhyaksa ke66 peringatan ini menjadi momentum untuk mengapresiasi dedikasi seluruh insan adhyaksa dalam menjalankan tugasnya sebagai garda terdepan penegakan hukum semangat pengabdian profesionalisme dan integritas menjadi fondasi penting dalam mewujudkan keadilan yang dapat dirasakan oleh seluruh masyarakat mari terus mendukung terciptanya sistem hukum yang berkeadilan transparan dan dipercaya publik demi indonesia yang semakin maju selamat hari bhakti adhyaksa ke66 teruslah mengabdi untuk negeri petrokimiagresik solusiagroindustri haribhaktiadhyaksa,positif,0.632,infrastruktur,0.0,,,2026-07-22,Petrokimia Gresik,selamat ingat hari bhakti adhyaksa ke66 ingat jadi momentum apresiasi dedikasi seluruh insan adhyaksa jalan tugas garda depan tega hukum semangat abdi profesionalisme integritas jadi fondasi penting wujud adil rasa seluruh masyarakat terus dukung cipta sistem hukum adil transparan percaya publik indonesia makin maju selamat hari bhakti adhyaksa ke66 terus abdi negeri petrokimiagresik solusiagroindustri haribhaktiadhyaksa
2079686466683523481,ellenajaa,@Titiekfernandez pukpuk Petrokimia Gresik,pukpuk petrokimia gresik,netral,0.996,industri,0.0,,,2026-07-21,Petrokimia Gresik,pukpuk petrokimia gresik
2079507331486998928,infoSumbar,"PT Semen Padang Terima Kunjungan PT Pusri Palembang dan PT Petrokimia Gresik, Jajaki Kolaborasi Bisnis Berkelanjutan via @infosumbar https://t.co/LoRofLdygV

#infosumbar",pt semen padang terima kunjungan pt pusri palembang dan pt petrokimia gresik jajaki kolaborasi bisnis berkelanjutan via infosumbar,netral,0.997,industri,0.0,,,2026-07-21,Petrokimia Gresik,pt semen padang terima kunjung pt pusri palembang pt petrokimia gresik jajak kolaborasi bisnis lanjut via infosumbar
2079480342793359729,petrogresik,"🌾✨ Saatnya menikmati serunya dunia pertanian dalam satu acara, Sahabat!

Yuk, ajak keluarga, teman, dan orang-orang terdekat Sahabat ke Petro Agrifood Expo 2026 bertema Heritage of Agriculture. Rasakan pengalaman seru mulai dari mengenal produk pertanian lokal, berburu aneka hasil panen, kuliner, UMKM, hingga berbagai aktivitas edukatif untuk semua usia. 🚜🌱

Ada juga Pelatihan Komposting, Pelatihan Petani Cilik, serta panen buah dan sayur langsung di kebun untuk menambah keseruan akhir pekan Sahabat! 🌾👨‍🌾

Untuk pendaftaran Pelatihan Komposting dan Pelatihan Petani Cilik, Sahabat dapat menghubungi:
📞 Aldy: 0813-3043-0278
📞 Zaki: 0821-3122-2933

📅 24–26 Juli 2026
📍 Kebun Percobaan Petrokimia Gresik, Jl. Tri Dharma, Gresik
🎟️ Gratis untuk umum!

Jangan lewatkan kesempatan untuk belajar, berwisata, dan merasakan semangat pertanian Indonesia bersama keluarga. Sampai jumpa di Petro Agrifood Expo 2026! 💚🌿

#PetroAgrifoodExpo2026 #HeritageOfAgriculture #PetrokimiaGresik #Gresik",saatnya menikmati serunya dunia pertanian dalam satu acara sahabat yuk ajak keluarga teman dan orangorang terdekat sahabat ke petro agrifood expo 2026 bertema heritage of agriculture rasakan pengalaman seru mulai dari mengenal produk pertanian lokal berburu aneka hasil panen kuliner umkm hingga berbagai aktivitas edukatif untuk semua usia ada juga pelatihan komposting pelatihan petani cilik serta panen buah dan sayur langsung di kebun untuk menambah keseruan akhir pekan sahabat untuk pendaftaran pelatihan komposting dan pelatihan petani cilik sahabat dapat menghubungi aldy 081330430278 zaki 082131222933 2426 juli 2026 kebun percobaan petrokimia gresik jl tri dharma gresik gratis untuk umum jangan lewatkan kesempatan untuk belajar berwisata dan merasakan semangat pertanian indonesia bersama keluarga sampai jumpa di petro agrifood expo 2026 petroagrifoodexpo2026 heritageofagriculture petrokimiagresik gresik,positif,0.523,ekonomi,0.0,,,2026-07-21,Petrokimia Gresik,saat nikmat seru dunia tani satu acara sahabat yuk ajak keluarga teman orangorang dekat sahabat petro agrifood expo 2026 tema heritage of agriculture rasa alam seru mulai kenal produk tani lokal buru aneka hasil panen kuliner umkm hingga bagai aktivitas edukatif semua usia latih komposting latih tani cilik panen buah sayur langsung kebun tambah seru akhir pekan sahabat daftar latih komposting latih tani cilik sahabat hubung aldy 081330430278 zaki 082131222933 2426 juli 2026 kebun coba petrokimia gresik jl tri dharma gresik gratis umum jangan lewat sempat ajar wisata rasa semangat tani indonesia sama keluarga jumpa petro agrifood expo 2026 petroagrifoodexpo2026 heritageofagriculture petrokimiagresik gresik
2081999435102609429,putrapostdaily,"PT Semen Indonesia (Persero) Tbk (SIG) mencatat kinerja positif pada semester I-2026 dengan volume penjualan mencapai 18,27 juta ton, naik 5,6 persen dibandingkan 17,3 juta ton pada periode yang sama tahun lalu.

https://t.co/vMyP92kVhP",pt semen indonesia persero tbk sig mencatat kinerja positif pada semester i2026 dengan volume penjualan mencapai 1827 juta ton naik 56 persen dibandingkan 173 juta ton pada periode yang sama tahun lalu,netral,0.994,industri,2.0,,,2026-07-28,Semen Indonesia,pt semen indonesia persero tbk sig catat kerja positif semester i2026 volume jual capai 1827 juta ton naik 56 persen banding 173 juta ton periode sama tahun lalu
2081923715429015907,BloombergTZ,"Bursa Efek Indonesia (BEI) merombak konstituen indeks LQ45 dan IDX30 untuk periode 3 Agustus-30 Oktober 2026. Di LQ45, PT Indika Energy Tbk dan PT Trimegah Bangun Persada Tbk masuk menggantikan PT Semen Indonesia (Persero) Tbk.

Simak selengkapnya: https://t.co/LpiOx79f1n https://t.co/SR24rvpBzN",bursa efek indonesia bei merombak konstituen indeks lq45 dan idx30 untuk periode 3 agustus30 oktober 2026 di lq45 pt indika energy tbk dan pt trimegah bangun persada tbk masuk menggantikan pt semen indonesia persero tbk simak selengkapnya,netral,0.998,industri,2.0,,,2026-07-28,Semen Indonesia,bursa efek indonesia bei rombak konstituen indeks lq45 idx30 periode 3 agustus30 oktober 2026 lq45 pt indika energy tbk pt trimegah bangun persada tbk masuk ganti pt semen indonesia persero tbk simak lengkap
2081912915486224563,TopCareerID,"Beasiswa Semen Indonesia Batch 3 Buka Pendaftaran, Bisa Kuliah S1 Gratis di UISI
https://t.co/FPdTIwI1n1",beasiswa semen indonesia batch 3 buka pendaftaran bisa kuliah s1 gratis di uisi,netral,0.994,pendidikan,0.0,,,2026-07-28,Semen Indonesia,beasiswa semen indonesia batch 3 buka daftar kuliah s1 gratis uis
2081710742860931334,nawacitamedia,https://t.co/VWWxwte08D,,netral,0.0,umum,0.0,,,2026-07-27,Semen Indonesia,
2081710087882858710,nawacitadotco,https://t.co/vDhMgOBA0S,,netral,0.0,umum,0.0,,,2026-07-27,Semen Indonesia,
2081710005154394296,NAWACIT4,https://t.co/VW2jDhqG5Y,,netral,0.0,umum,0.0,,,2026-07-27,Semen Indonesia,
2081586854122656098,mbahGandalf,"@Dandhy_Laksono @datuksweida Semen indonesia ""LADANG KORUPSI &amp; ATM REZIM"".",semen indonesia ladang korupsi amp atm rezim,negatif,0.979,industri,1.0,,,2026-07-27,Semen Indonesia,semen indonesia ladang korupsi amp atm rezim
2081503579030818988,bolasaljucom,"Tantangan SMGR secara khusus adalah restrukturisasi internal pasca penggabungan usaha dengan Semen Holcim (SMCB) pada 2019 lalu. 

Pendapatan SMGR untuk tahun 2023 sebesar Rp38,09 triliun hanya selisih tipis dibanding pendapatan SMGR tahun 2018 (sebelum akuisisi) sebesar Rp37,49 triliun.

Kutipan analisis saham PT Semen Indonesia (Persero) Tbk (SMGR).

Disclaimer: bukan nasihat investasi.",tantangan smgr secara khusus adalah restrukturisasi internal pasca penggabungan usaha dengan semen holcim smcb pada 2019 lalu pendapatan smgr untuk tahun 2023 sebesar rp3809 triliun hanya selisih tipis dibanding pendapatan smgr tahun 2018 sebelum akuisisi sebesar rp3749 triliun kutipan analisis saham pt semen indonesia persero tbk smgr disclaimer bukan nasihat investasi,netral,0.994,ekonomi,2.0,,,2026-07-26,Semen Indonesia,tantang smgr khusus restrukturisasi internal pasca gabung usaha semen holcim smcb 2019 lalu dapat smgr tahun 2023 besar rp3809 triliun selisih tipis banding dapat smgr tahun 2018 akuisisi besar rp3749 triliun kutip analisis saham pt semen indonesia persero tbk smgr disclaimer bukan nasihat investasi
2081368993840206227,Lintasperkoro,"Penipuan dengan mengatasnamakan Koperasi Karyawan Usaha Sejahtera Bersama milik PT Semen Indonesia dialami oleh Fausta Ari Barata. Atas penipuan tersebut, Fausta Ari Barata kehilangan uangnya sejumlah Rp 686.859.200.

https://t.co/RYyHWhfulD",penipuan dengan mengatasnamakan koperasi karyawan usaha sejahtera bersama milik pt semen indonesia dialami oleh fausta ari barata atas penipuan tersebut fausta ari barata kehilangan uangnya sejumlah rp 686859200,netral,0.85,industri,0.0,,,2026-07-26,Semen Indonesia,tipu mengatasnamakan koperasi karyawan usaha sejahtera sama milik pt semen indonesia alami fausta ari barata atas tipu sebut fausta ari barata hilang uang jumlah rp 686859200
2080563564935623148,nengherba,"IHSG di BEI ambruk ke level 6.200 dipicu aksi risk off seiring lonjakan harga minyak dunia  US$100/barel.
Saham unggulan berkapitalisasi besar ramai dilepas investor hingga turun harga, trtm Bank Mandiri dan Semen Indonesia terkoreksi lebih dr 3%
https://t.co/2crmJDyKGP",ihsg di bei ambruk ke level 6200 dipicu aksi risk off seiring lonjakan harga minyak dunia us100barel saham unggulan berkapitalisasi besar ramai dilepas investor hingga turun harga trtm bank mandiri dan semen indonesia terkoreksi lebih dr 3,netral,0.994,ekonomi,0.0,,,2026-07-24,Semen Indonesia,ihsg bei ambruk level 6200 picu aksi risk off iring lonjak harga minyak dunia us100barel saham unggul kapital besar ramai lepas investor hingga turun harga trtm bank mandiri semen indonesia koreksi lebih 3
2080418032405615023,choppi_s,"🌍 【新興国株で次の成長波に乗るなら？】

💬 「資金は、“過去の実績”より”未来の成長”を買う。」 📈

━━━━━━━━━━━━━━━

🔥 【短期で狙い目の新興国企業】

🇮🇳 BEML 🚜

・鉄道・防衛・鉱山機械を手掛けるインフラ関連企業

・政府のインフラ投資や国防強化が追い風

・大型受注や政策発表が株価材料となる可能性

🇹🇼 Lite-On Technology 💡

・AIサーバー向け電源や電子部品を展開

・データセンター投資の拡大が追い風

・AI関連銘柄として市場の注目を集めやすい

━━━━━━━━━━━━━━━

📊 【中期で狙い目の新興国企業】

🇧🇷 MercadoLibre 🛒

・中南米最大級のEC・フィンテック企業

・EC利用率とデジタル決済の拡大が成長を後押し

・中南米のデジタル経済拡大を取り込める可能性

🇮🇩 Semen Indonesia 🏗️

・インドネシア最大級のセメントメーカー

・住宅・公共インフラ需要の拡大が追い風

・都市開発の進展にも期待

━━━━━━━━━━━━━━━

🚀 【長期で狙い目の新興国企業】

🇻🇳 Gemadept 🚢

・港湾・物流インフラを展開

・輸出入拡大と工業化が追い風

・サプライチェーン再編の恩恵も期待

🇮🇳 APL Apollo Tubes 🏭

・建設用鋼管の大手メーカー

・都市化やインフラ整備が長期テーマ

・建設需要の拡大とともに成長が期待される

━━━━━━━━━━━━━━━

📉 【新興国市場の過去の流れ】

📌 米金利上昇・ドル高
➡️ 新興国市場から資金が流出しやすい

📌 米金融政策の緩和期待
➡️ リスクマネーが新興国へ向かいやすい

📌 為替やコモディティ価格の変動が、
新興国株のボラティリティを高める場面も多かった

━━━━━━━━━━━━━━━

📈 【今後の予測】

✅ 米国の金融政策が緩和方向へ進めば、新興国市場への資金流入が期待される可能性

✅ AI・物流・インフラ・デジタル決済関連は引き続き注目テーマ

✅ 人口増加と製造業シフトが進む国は、中長期で成長が期待される可能性

━━━━━━━━━━━━━━━

🎯 【狙い目ポイント】

🔥 短期
テーマ・材料・出来高

📊 中期
業績成長・政策・市場シェア拡大

🚀 長期
人口増加・工業化・インフラ整備・海外資金流入

━━━━━━━━━━━━━━━

🌏 新興国株の魅力は、世界経済の新しい成長エリアへ投資できること。

短期的な値動きだけでなく、中長期の構造変化にも注目することで、新たな投資機会が見えてくるかもしれません。

━━━━━━━━━━━━━━━

⚠️ 本投稿は情報提供のみを目的としており、特定の銘柄や投資商品の売買を推奨・勧誘するものではありません。

📚 投資には価格変動や為替変動などのリスクがあります。最終的な投資判断は、ご自身で十分に情報をご確認のうえ、ご自身の判断と責任でお願いいたします。

#新興国株 #エマージングマーケット #インド株 #台湾株 #ベトナム株 #インドネシア株 #ブラジル株 #株式投資",新興国株で次の成長波に乗るなら 資金は過去の実績より未来の成長を買う 短期で狙い目の新興国企業 beml 鉄道防衛鉱山機械を手掛けるインフラ関連企業 政府のインフラ投資や国防強化が追い風 大型受注や政策発表が株価材料となる可能性 liteon technology aiサーバー向け電源や電子部品を展開 データセンター投資の拡大が追い風 ai関連銘柄として市場の注目を集めやすい 中期で狙い目の新興国企業 mercadolibre 中南米最大級のecフィンテック企業 ec利用率とデジタル決済の拡大が成長を後押し 中南米のデジタル経済拡大を取り込める可能性 semen indonesia インドネシア最大級のセメントメーカー 住宅公共インフラ需要の拡大が追い風 都市開発の進展にも期待 長期で狙い目の新興国企業 gemadept 港湾物流インフラを展開 輸出入拡大と工業化が追い風 サプライチェーン再編の恩恵も期待 apl apollo tubes 建設用鋼管の大手メーカー 都市化やインフラ整備が長期テーマ 建設需要の拡大とともに成長が期待される 新興国市場の過去の流れ 米金利上昇ドル高 新興国市場から資金が流出しやすい 米金融政策の緩和期待 リスクマネーが新興国へ向かいやすい 為替やコモディティ価格の変動が 新興国株のボラティリティを高める場面も多かった 今後の予測 米国の金融政策が緩和方向へ進めば新興国市場への資金流入が期待される可能性 ai物流インフラデジタル決済関連は引き続き注目テーマ 人口増加と製造業シフトが進む国は中長期で成長が期待される可能性 狙い目ポイント 短期 テーマ材料出来高 中期 業績成長政策市場シェア拡大 長期 人口増加工業化インフラ整備海外資金流入 新興国株の魅力は世界経済の新しい成長エリアへ投資できること 短期的な値動きだけでなく中長期の構造変化にも注目することで新たな投資機会が見えてくるかもしれません 本投稿は情報提供のみを目的としており特定の銘柄や投資商品の売買を推奨勧誘するものではありません 投資には価格変動や為替変動などのリスクがあります最終的な投資判断はご自身で十分に情報をご確認のうえご自身の判断と責任でお願いいたします 新興国株 エマージングマーケット インド株 台湾株 ベトナム株 インドネシア株 ブラジル株 株式投資,netral,0.996,industri,1.0,,,2026-07-23,Semen Indonesia,   beml    liteon technology ai  ai  mercadolibre ec ec  semen indonesia     gemadept    apl apollo tubes             ai                    
2079948567700222279,xdent_s,"kalo di kampusku dulu ada pmmb, magangnya di pabrik-pabrik, tapi sama kaprodiku gak dibolehin RARRRGGGHHH padahal danen udah lolos di indonesia power dan aku lolos di semen indonesia😭😭😭

kan lumayan bejir 6 bulan digaji umr gresik😭😭😭",kalo di kampusku dulu ada pmmb magangnya di pabrikpabrik tapi sama kaprodiku gak dibolehin rarrrggghhh padahal danen udah lolos di indonesia power dan aku lolos di semen indonesia kan lumayan bejir 6 bulan digaji umr gresik,positif,0.76,pendidikan,2.0,,,2026-07-22,Semen Indonesia,kalo kampus dulu pmmb magang pabrikpabrik sama kaprodiku gak dibolehin rarrrggghhh padahal danen udah lolos indonesia power aku lolos semen indonesia kan lumayan bejir 6 bulan gaji umr gresik
2079559814087401573,aelysiann,"anjay juga ya angkatan 22 ini.
waktu kuliah masih dapet MSIB, pas udh lulus ada maganghub :]",anjay juga ya angkatan 22 ini waktu kuliah masih dapet msib pas udh lulus ada maganghub,netral,0.948,umum,8989.0,,,2026-07-21,Semen Indonesia,anjay angkat 22 waktu kuliah dapet msib pas lulus maganghub
2079904049655398531,agusanugrah_,"Mungkin warga Gresik ada yang mau join tennis Sabtu besok di Lapangan Semen Gresik? Bisa hit reclub dibawah yahh!!

[35k] TENNIS TYME!!! OPEN FOR NEWBIE AND BEGINNER 🔰
⏰ Sat, Jul 25 4:00 PM
📍 Lapangan Semen Indonesia, Gresik

RSVP: https://t.co/SgMpzirmV2",mungkin warga gresik ada yang mau join tennis sabtu besok di lapangan semen gresik bisa hit reclub dibawah yahh 35k tennis tyme open for newbie and beginner sat jul 25 400 pm lapangan semen indonesia gresik rsvp,netral,0.991,industri,0.0,,,2026-07-22,Semen Indonesia,mungkin warga gresik mau join tennis sabtu besok lapang semen gresik hit reclub bawah yahh 35k tennis tyme open for newbie and beginner sat jul 25 400 pm lapang semen indonesia gresik rsvp
2079841859946553522,rinto_triditomo,"@MafiaWasit Sponsor by PLTU Karang Kandri, PLTU Adipala, Pertamina dan Dynamix Semen Indonesia Group 😃",sponsor by pltu karang kandri pltu adipala pertamina dan dynamix semen indonesia group,netral,0.995,industri,0.0,,,2026-07-22,Semen Indonesia,sponsor by pltu karang kandri pltu adipala pertamina dynamix semen indonesia group
2081930302625288630,cimelw,"@Zccfm Belomm. Babat macet, lewat Gresik jiipe tu jga macet",belomm babat macet lewat gresik jiipe tu jga macet,negatif,0.994,infrastruktur,0.0,,,2026-07-28,JIIPE,belomm babat macet lewat gresik jiipe tu jga macet
2081601851104137235,iyas_yskrn,"Ada truck mogok utara jiipe manyar
Dekat kawasan asrama xinyi  @e100ss https://t.co/ca7SFzyWCB",ada truck mogok utara jiipe manyar dekat kawasan asrama xinyi,netral,0.994,industri,0.0,,,2026-07-27,JIIPE,truck mogok utara jiipe manyar dekat kawasan asrama xinyi
2080725809078337716,bullandbear_id,"UPDATE 🎴 PT AKR Corporindo Tbk cetak pertumbuhan laba bersih 21,2% YoY menjadi Rp1,43 triliun per Juni 2026, ditopang lonjakan pendapatan hingga 44% ⛽.

Yang perlu diperhatikan:

• Kontributor Utama: Pendapatan perdagangan/distribusi BBM & kimia dasar naik 43,81% YoY ke Rp28,03 triliun (91,27% dari total pendapatan Rp30,71 triliun), sementara segmen lahan kawasan industri JIIPE Gresik melonjak 100% YoY ke Rp1,71 triliun
• Kinerja Margin & Dividen: Kendati kenaikan beban menekan net profit margin ke 4,64% (vs 5,51% tahun lalu), AKRA berkomitmen bagikan dividen interim Rp1 triliun (Rp50/saham, yield ~3,55%) dengan payment date 14 Agustus 2026
• Pergerakan Saham: Meski saham terkoreksi 5,05% ke Rp1.410 pada perdagangan Kamis (23/7), secara YTD AKRA masih melaju +10,16%, jauh ungguli IHSG yang terkoreksi -27,81%

Sektor diuntungkan: Fuel Trading & Logistics, Industrial Estate (JIIPE) & High-Yield Dividend Stocks. 

$AKRA #IDX #Earnings #EnergySector",update pt akr corporindo tbk cetak pertumbuhan laba bersih 212 yoy menjadi rp143 triliun per juni 2026 ditopang lonjakan pendapatan hingga 44 yang perlu diperhatikan kontributor utama pendapatan perdagangandistribusi bbm kimia dasar naik 4381 yoy ke rp2803 triliun 9127 dari total pendapatan rp3071 triliun sementara segmen lahan kawasan industri jiipe gresik melonjak 100 yoy ke rp171 triliun kinerja margin dividen kendati kenaikan beban menekan net profit margin ke 464 vs 551 tahun lalu akra berkomitmen bagikan dividen interim rp1 triliun rp50saham yield 355 dengan payment date 14 agustus 2026 pergerakan saham meski saham terkoreksi 505 ke rp1410 pada perdagangan kamis 237 secara ytd akra masih melaju 1016 jauh ungguli ihsg yang terkoreksi 2781 sektor diuntungkan fuel trading logistics industrial estate jiipe highyield dividend stocks akra idx earnings energysector,netral,0.959,pemerintahan,0.0,,,2026-07-24,JIIPE,update pt akr corporindo tbk cetak tumbuh laba bersih 212 yoy jadi rp143 triliun per juni 2026 topang lonjak dapat hingga 44 perlu perhati kontributor utama dapat perdagangandistribusi bbm kimia dasar naik 4381 yoy rp2803 triliun 9127 total dapat rp3071 triliun segmen lahan kawasan industri jiipe gresik lonjak 100 yoy rp171 triliun kerja margin dividen kendati naik beban tekan net profit margin 464 vs 551 tahun lalu akra komitmen bagi dividen interim rp1 triliun rp50saham yield 355 payment date 14 agustus 2026 gera saham meski saham koreksi 505 rp1410 dagang kamis 237 ytd akra laju 1016 jauh unggul ihsg koreksi 2781 sektor untung fuel trading logistics industrial estate jiipe highyield dividend stocks akra idx earnings energysector
2080509819421937708,rickyho_1989,"AKRA’s 2Q26 headline looks good. The underlying business is less exciting.

Revenue: +44% YoY
Net profit: +21% YoY

But…

• Gross margin fell 9% → 7%
• Trading margin collapsed 7.4% → 5.6%
• 2Q trading margin dropped further to 4.6% from 7.0% in 1Q.

Higher oil prices aren’t automatically bullish for fuel distributors.

Brent above US$100 and crack spreads near US$70/bbl (vs. normal US$15-20) actually squeezed AKRA’s core trading margins as the company couldn’t fully pass through higher procurement costs.

Fortunately, JIIPE saved the quarter.

• Land sales: 58ha vs. 22ha last year.
• 41ha booked in 2Q alone.

The bigger issue is valuation.

Consensus expects:
• 2027 earnings growth: just +5%
• 2028 earnings: -1%

Yet the stock still trades at around 10x 2027 PER.

AKRA is no longer a growth story.

It’s now a quality company whose future returns depend on margin recovery, not revenue growth.",akras 2q26 headline looks good the underlying business is less exciting revenue 44 yoy net profit 21 yoy but gross margin fell 9 7 trading margin collapsed 74 56 2q trading margin dropped further to 46 from 70 in 1q higher oil prices arent automatically bullish for fuel distributors brent above us100 and crack spreads near us70bbl vs normal us1520 actually squeezed akras core trading margins as the company couldnt fully pass through higher procurement costs fortunately jiipe saved the quarter land sales 58ha vs 22ha last year 41ha booked in 2q alone the bigger issue is valuation consensus expects 2027 earnings growth just 5 2028 earnings 1 yet the stock still trades at around 10x 2027 per akra is no longer a growth story its now a quality company whose future returns depend on margin recovery not revenue growth,netral,0.54,industri,13.0,,,2026-07-24,JIIPE,akras 2q26 headline looks good the underlying business is less exciting revenue 44 yoy net profit 21 yoy but gross margin fell 9 7 trading margin collapsed 74 56 2q trading margin dropped further to 46 from 70 in 1q higher oil prices arent automatically bullish for fuel distributors brent above us100 and crack spreads near us70bbl vs normal us1520 actually squeezed akras core trading margins as the company couldnt fully pass through higher procurement costs fortunately jiipe saved the quarter land sales 58ha vs 22ha last year 41ha booked in 2q alone the bigger issue is valuation consensus expects 2027 earnings growth just 5 2028 earnings 1 yet the stock still trades at around 10x 2027 per akra is no longer a growth story its now a quality company whose future returns depend on margin recovery not revenue growth
2080509411626492380,rickyho_1989,https://t.co/S9xdHCsUqa,,netral,0.0,umum,3.0,,,2026-07-24,JIIPE,
2080324954844008617,blissthethicsss,"@zuzuhroh iya kak selalu hati2 ini
dlu sempat rantau di gresik udh 2thnan jg kerja area jiipe, skrg balik lg kesini😂😭",iya kak selalu hati2 ini dlu sempat rantau di gresik udh 2thnan jg kerja area jiipe skrg balik lg kesini,netral,0.918,industri,1.0,,,2026-07-23,JIIPE,iya kak selalu hati2 dlu sempat rantau gresik 2thnan jg kerja area jiipe skrg balik lg kesini
2080323820968382534,blissthethicsss,"pulang kerja dr jiipe ke manyar macet
trs ke surabaya, dr banyuurip macet ada truk guling
pulang dr surabaya ke gresik jg masih macet di manyar
macete semakin malam semakin nggilani😭 https://t.co/hLQy8BNT6R",pulang kerja dr jiipe ke manyar macet trs ke surabaya dr banyuurip macet ada truk guling pulang dr surabaya ke gresik jg masih macet di manyar macete semakin malam semakin nggilani,negatif,0.994,infrastruktur,2.0,,,2026-07-23,JIIPE,pulang kerja jiipe manyar macet trs surabaya banyuurip macet truk guling pulang surabaya gresik jg macet manyar macete makin malam makin nggilani
2080285787728601372,Achmad306656290,@Randy3009851792 Hahahaha ngarep banget dl pas jiipe masih proyek ada tapi nyebrang Bengawan Solo jembatan kayu setengah meter doang klotak klotak khas zaman dulu 😂,hahahaha ngarep banget dl pas jiipe masih proyek ada tapi nyebrang bengawan solo jembatan kayu setengah meter doang klotak klotak khas zaman dulu,negatif,0.86,infrastruktur,0.0,,,2026-07-23,JIIPE,hahahaha ngarep banget dl pas jiipe proyek nyebrang bengawan solo jembatan kayu tengah meter doang klotak klotak khas zaman dulu
2080239064058581040,Randy3009851792,@Achmad306656290 Ono tembusan jiipe Manyar ngunu jos jis,ono tembusan jiipe manyar ngunu jos jis,negatif,0.983,industri,0.0,,,2026-07-23,JIIPE,ono tembus jiipe manyar ngunu jos jis
2080113068055601280,e100ss,"09.07:
1. Exit Tol Manyar Gresik arah Jalan Raya Deandles atau JIIPE padat. Krisnma pendengar SS mengabarkan ada perbaikan jalan;
2. Jalan Raya Tuban arah Jalan Raya Babat macet. Ilham pendengar SS mengabarkan ada haul di Pondok Langitan, Widang Tuban. Ia menyarankan apabila pengendara dari Surabaya arah Tuban, sebaikanya melewati Manyar, Gresik. (ss-al)",0907 1 exit tol manyar gresik arah jalan raya deandles atau jiipe padat krisnma pendengar ss mengabarkan ada perbaikan jalan 2 jalan raya tuban arah jalan raya babat macet ilham pendengar ss mengabarkan ada haul di pondok langitan widang tuban ia menyarankan apabila pengendara dari surabaya arah tuban sebaikanya melewati manyar gresik ssal,netral,0.872,infrastruktur,14.0,,,2026-07-23,JIIPE,0907 1 exit tol manyar gresik arah jalan raya deandles jiipe padat krisnma dengar ss abar baik jalan 2 jalan raya tuban arah jalan raya babat macet ilham dengar ss abar haul pondok langit widang tuban saran apabila kendara surabaya arah tuban sebaikanya lewat manyar gresik ssal
2079925968572141612,blissthethicsss,@jodohhmmuuu di jiipe,di jiipe,positif,0.727,industri,0.0,,,2026-07-22,JIIPE,jiipe
2079838760666312739,HamzaRasyidi,"Xinyi dari awal sudah di JIIPE Gresik
Rempang itu proyek Jokowi cs",xinyi dari awal sudah di jiipe gresik rempang itu proyek jokowi cs,netral,0.996,industri,0.0,,,2026-07-22,JIIPE,xinyi awal jiipe gresik rempang proyek jokowi cs
2079740618000269327,arifbalikpapan1,"Xinyi Glass Holdings Limited tidak pernah menandatangani kontrak maupun memprakarsai proyek Rempang Eco-City!

Saat Era Jokowi bernarasi investasi Rp174 Triliun akan dikucurkan di Rempang 

Dasar!!! https://t.co/ufNvtvkZxg",xinyi glass holdings limited tidak pernah menandatangani kontrak maupun memprakarsai proyek rempang ecocity saat era jokowi bernarasi investasi rp174 triliun akan dikucurkan di rempang dasar,netral,0.995,ekonomi,100.0,,,2026-07-22,JIIPE,xinyi glass holdings limited pernah menandatangani kontrak maupun prakarsa proyek rempang ecocity era jokowi narasi investasi rp174 triliun kucur rempang dasar
2081586515197698140,gpmmd2429,@Lic4ya Area pabrik Gresik bagian mana kak? Di Gresik banyak kawasan industri,area pabrik gresik bagian mana kak di gresik banyak kawasan industri,netral,0.96,industri,0.0,,,2026-07-27,pabrik Gresik,area pabrik gresik bagi mana kak gresik banyak kawasan industri
2081930053492036070,RavenweX,"Di saat negara lain cuma bisa mengimpor bahan mentah kita, anak bangsa di Gresik nekat mendirikan pabrik peleburan tembaga single-line terbesar di bumi. Tapi di balik kemegahannya, ada pertaruhan teknik sipil yang bikin insinyur senam jantung. 😭

​Lokasi Smelter Freeport di Manyar, Gresik ini berdiri di atas lahan reklamasi pantai dan bekas rawa yang super labil. Padahal di atasnya, mereka harus mendirikan tungku raksasa (Flash Smelting Furnace) yang menampung ribuan ton lelehan logam cair membara pada suhu 1.200°C.

​Satu-satunya cara nahan beban ekstrem itu: tim di lapangan harus menancapkan lebih dari 18 ribu tiang pancang raksasa jauh menembus dasar tanah. Toleransi pergeserannya mendekati nol. Salah hitung sikit saja sampai fondasinya amblas, lelehan tembaga 1.200°C bisa bocor, memicu ledakan dahsyat, dan melenyapkan investasi senilai Rp58 triliun dalam sekejap.

​Di bawah tekanan tenggat hilirisasi nasional dan bayang-bayang risiko keselamatan jiwa, ribuan insinyur serta pekerja lokal bertahan. Mereka membuktikan kalau anak bangsa sanggup mengeksekusi rekayasa metalurgi paling rumit di dunia.

​Hasilnya luar biasa. Smelter ini sanggup mengolah 1,7 juta ton konsentrat tembaga dan memurnikan hingga 50 ton emas murni tiap tahunnya. Bukti berkelas kalau Indonesia bukan lagi sekadar pengekspor tanah mentah, tapi penguasa teknologi pemurnian logam tingkat tinggi.",di saat negara lain cuma bisa mengimpor bahan mentah kita anak bangsa di gresik nekat mendirikan pabrik peleburan tembaga singleline terbesar di bumi tapi di balik kemegahannya ada pertaruhan teknik sipil yang bikin insinyur senam jantung lokasi smelter freeport di manyar gresik ini berdiri di atas lahan reklamasi pantai dan bekas rawa yang super labil padahal di atasnya mereka harus mendirikan tungku raksasa flash smelting furnace yang menampung ribuan ton lelehan logam cair membara pada suhu 1200c satusatunya cara nahan beban ekstrem itu tim di lapangan harus menancapkan lebih dari 18 ribu tiang pancang raksasa jauh menembus dasar tanah toleransi pergeserannya mendekati nol salah hitung sikit saja sampai fondasinya amblas lelehan tembaga 1200c bisa bocor memicu ledakan dahsyat dan melenyapkan investasi senilai rp58 triliun dalam sekejap di bawah tekanan tenggat hilirisasi nasional dan bayangbayang risiko keselamatan jiwa ribuan insinyur serta pekerja lokal bertahan mereka membuktikan kalau anak bangsa sanggup mengeksekusi rekayasa metalurgi paling rumit di dunia hasilnya luar biasa smelter ini sanggup mengolah 17 juta ton konsentrat tembaga dan memurnikan hingga 50 ton emas murni tiap tahunnya bukti berkelas kalau indonesia bukan lagi sekadar pengekspor tanah mentah tapi penguasa teknologi pemurnian logam tingkat tinggi,negatif,0.629,infrastruktur,72.0,,,2026-07-28,Manyar Gresik,negara cuma impor bahan mentah anak bangsa gresik nekat diri pabrik lebur tembaga singleline besar bumi balik megah taruh teknik sipil bikin insinyur senam jantung lokasi smelter freeport manyar gresik diri atas lahan reklamasi pantai bekas rawa super labil padahal atas diri tungku raksasa flash smelting furnace tampung ribu ton leleh logam cair bara suhu 1200c satusatunya cara nahan beban ekstrem tim lapang tancap lebih 18 ribu tiang pancang raksasa jauh tembus dasar tanah toleransi geser dekat nol salah hitung sikit fondasi amblas leleh tembaga 1200c bocor picu ledak dahsyat lenyap investasi nila rp58 triliun kejap bawah tekan tenggat hilir nasional bayangbayang risiko selamat jiwa ribu insinyur kerja lokal tahan bukti kalau anak bangsa sanggup eksekusi rekayasa metalurgi paling rumit dunia hasil luar biasa smelter sanggup olah 17 juta ton konsentrat tembaga murni hingga 50 ton emas murni tiap tahun bukti kelas kalau indonesia bukan sekadar ekspor tanah mentah kuasa teknologi murni logam tingkat tinggi
2081876806131765421,nugresik,Creative Space Vol. 1 Jadi Wadah Pelajar NU Manyar Gresik Asah Kreativitas Digital https://t.co/CWDBC7Kw8a,creative space vol 1 jadi wadah pelajar nu manyar gresik asah kreativitas digital,netral,0.99,umum,0.0,,,2026-07-27,Manyar Gresik,creative space vol 1 jadi wadah ajar nu manyar gresik asah kreativitas digital
2081665463218847844,e100ss,"15.57: 
1. Exit Tol Manyar Gresik macet;
2. Truk mogok di simpang Saimbang Sidoarjo. Adhi pendengar SS melaporkan, lalu lintas dari Dungus arah Sidoarjo kota maupun sebaliknya terjadi antrean. (ss-tm)",1557 1 exit tol manyar gresik macet 2 truk mogok di simpang saimbang sidoarjo adhi pendengar ss melaporkan lalu lintas dari dungus arah sidoarjo kota maupun sebaliknya terjadi antrean sstm,netral,0.991,infrastruktur,0.0,,,2026-07-27,Manyar Gresik,1557 1 exit tol manyar gresik macet 2 truk mogok simpang saimbang sidoarjo adhi dengar ss lapor lalu lintas dungus arah sidoarjo kota maupun balik jadi antre sstm
2081549320302756177,BayuPtama,"Jadi, smelter PT Freeport Indonesia (PTFI) yang dibangun di Manyar, Gresik itu bukan sekadar pabrik biasa. Ini adalah smelter tembaga dengan desain jalur tunggal (single line) terbesar di dunia! https://t.co/1IEwlcFq9Z",jadi smelter pt freeport indonesia ptfi yang dibangun di manyar gresik itu bukan sekadar pabrik biasa ini adalah smelter tembaga dengan desain jalur tunggal single line terbesar di dunia,netral,0.988,industri,0.0,,,2026-07-27,Manyar Gresik,jadi smelter pt freeport indonesia ptfi bangun manyar gresik bukan sekadar pabrik biasa smelter tembaga desain jalur tunggal single line besar dunia
2080124836450611291,mediagress,"Rental PS Mundak Ta Saiki Ji...?
.
.
.
📍 Warkop Giras Black Coffee Manyarejo, Manyar, Gresik, Jatim.
.
#mediagress #gresik #gresik24jam #warkop #kopi https://t.co/CqLafxVCxs",rental ps mundak ta saiki ji warkop giras black coffee manyarejo manyar gresik jatim mediagress gresik gresik24jam warkop kopi,netral,0.988,umum,0.0,,,2026-07-23,Manyar Gresik,rental ps mundak ta saiki ji warkop giras black coffee manyarejo manyar gresik jatim mediagress gresik gresik24jam warkop kopi
2079523894353088895,e100ss,"18.07: 
1. Jalan Kertajaya arah simpang Menur macet;
2. Lakarsantri dari Driyorejo macet;
3. Exit Tol Manyar Gresik macet;
4. Simpang Benowo macet;
5. Semolowaru arah Merr macet. (ss-tm)",1807 1 jalan kertajaya arah simpang menur macet 2 lakarsantri dari driyorejo macet 3 exit tol manyar gresik macet 4 simpang benowo macet 5 semolowaru arah merr macet sstm,netral,0.965,infrastruktur,0.0,,,2026-07-21,Manyar Gresik,1807 1 jalan kertajaya arah simpang menur macet 2 lakarsantri driyorejo macet 3 exit tol manyar gresik macet 4 simpang benowo macet 5 semolowaru arah merr macet sstm
2081427957814620436,hazanafa,"""NILAI HISTORIS, HUKUM DAN KEUTAMAAN YASIN FADHILAH

Penceramah : 
H. AHMAD Zaini Alawi, SE., MM.
Ketua Tanfidziyah Pengurus Ranting Nahdlatul Ulama Kelurahan Indro Kebomas Gresik

YOUTUBE SARINYALA CHANNEL
https://t.co/y5EpfhjVQ7

FACEBOOK ZAINI ALAWI
https://t.co/DzhQsvcGYT https://t.co/BrV5NBpvsO",nilai historis hukum dan keutamaan yasin fadhilah penceramah h ahmad zaini alawi se mm ketua tanfidziyah pengurus ranting nahdlatul ulama kelurahan indro kebomas gresik youtube sarinyala channel facebook zaini alawi,netral,0.996,umum,2.0,,,2026-07-26,Kebomas Gresik,nilai historis hukum utama yasin fadhilah ceramah h ahmad zaini alawi se mm ketua tanfidziyah urus ranting nahdlatul ulama lurah indro kebomas gresik youtube sarinyala channel facebook zaini alawi
2079919964652454074,Putrianjelin2,"Pabrik tangki air fiberglass high quality.
Tersedia semua jenis tangki air fiberglass harga bersaing.
*Info pemesanan hubungi:
#BIOTOKKO
*Perum gading intan blok d1 no 15 driyorejo-gresik.
*Telp kantor:(031-99059250)
*WhatsApp:(08113252285 // 085732168569) https://t.co/4c5jIN4ql6",pabrik tangki air fiberglass high quality tersedia semua jenis tangki air fiberglass harga bersaing info pemesanan hubungi biotokko perum gading intan blok d1 no 15 driyorejogresik telp kantor03199059250 whatsapp08113252285 085732168569,netral,0.989,ekonomi,0.0,,,2026-07-22,Driyorejo Gresik,pabrik tangki air fiberglass high quality sedia semua jenis tangki air fiberglass harga saing info mesan hubung biotokko perum gading intan blok d1 no 15 driyorejogresik telp kantor03199059250 whatsapp08113252285 085732168569
2079825258639704424,e100ss,13.58: Info awal #kecelakaan di simpang Raya Driyorejo Gresik-Pasar Sumput. Truk terguling posisinya melintang menutup persimpangan. (ss-tm) https://t.co/uAYmbSqYeb,1358 info awal kecelakaan di simpang raya driyorejo gresikpasar sumput truk terguling posisinya melintang menutup persimpangan sstm,netral,0.998,ekonomi,0.0,,,2026-07-22,Driyorejo Gresik,1358 info awal celaka simpang raya driyorejo gresikpasar sumput truk guling posisi lintang tutup simpang sstm
2079515699941425411,Putrianjelin2,"Toilet portable biotokko bisa langsung pakai harga bersaing 
Asesoris dalam lengkap bahan dasar fiberglass.
#pemesanan hubungi:
#BIOTOKKO
*Perum gading intan blok d1 no.15 driyorejo-gresik.
*Telp kantor:(031-99059250)
*WhatsApp:(08113252285 // 085732168569) https://t.co/5F99mwpNL6",toilet portable biotokko bisa langsung pakai harga bersaing asesoris dalam lengkap bahan dasar fiberglass pemesanan hubungi biotokko perum gading intan blok d1 no15 driyorejogresik telp kantor03199059250 whatsapp08113252285 085732168569,netral,0.988,ekonomi,0.0,,,2026-07-21,Driyorejo Gresik,toilet portable biotokko langsung pakai harga saing asesoris lengkap bahan dasar fiberglass mesan hubung biotokko perum gading intan blok d1 no15 driyorejogresik telp kantor03199059250 whatsapp08113252285 085732168569
2081327171239575691,leesunqy,"sfs menganti gresik nih sumpah sepi bgt, ini masih banyak loh! kemaren waktu ak pick up di jam 8 malem, cup sleeve nya masih stok banyak dan numpuk. semoga aja besok ada md yg lainnya juga huhuuu 🥹🙏🏻 https://t.co/e9faK6drHy",sfs menganti gresik nih sumpah sepi bgt ini masih banyak loh kemaren waktu ak pick up di jam 8 malem cup sleeve nya masih stok banyak dan numpuk semoga aja besok ada md yg lainnya juga huhuuu,negatif,0.986,umum,0.0,,,2026-07-26,Menganti Gresik,sfs anti gresik nih sumpah sepi banget banyak loh kemaren waktu ak pick up jam 8 malem cup sleeve nya stok banyak numpuk moga besok md lain huhuuu
2079724919282360700,e100ss,"07.26: 
1. TL di Simpang Semolowaru dilaporkan padam, waspadai kepadatan lalu lintasnya;
2. Menganti Gresik arah Lakarsantri macet;
3. Lidah Kulon arah simpang Lontar Lidah Kulon macet;
4. Ambeng-Ambeng Gresik arah Bunder macet. (ss-tm)",0726 1 tl di simpang semolowaru dilaporkan padam waspadai kepadatan lalu lintasnya 2 menganti gresik arah lakarsantri macet 3 lidah kulon arah simpang lontar lidah kulon macet 4 ambengambeng gresik arah bunder macet sstm,netral,0.911,infrastruktur,0.0,,,2026-07-22,Menganti Gresik,0726 1 tl simpang semolowaru lapor padam waspada padat lalu lintas 2 anti gresik arah lakarsantri macet 3 lidah kulon arah simpang lontar lidah kulon macet 4 ambengambeng gresik arah bunder macet sstm
2079478312519516391,e100ss,"15.06: 
1. Ada unjuk rasa di depan Kejaksaan Tinggi Jatim Jalan Frontage Ahmad Yani, waspadai kepadatan saat melintas;
2. Lontar macet imbas truk bermasalah;
3. Bringkang Menganti Gresik macet imbas perbaikan jalan. (ss-tm)",1506 1 ada unjuk rasa di depan kejaksaan tinggi jatim jalan frontage ahmad yani waspadai kepadatan saat melintas 2 lontar macet imbas truk bermasalah 3 bringkang menganti gresik macet imbas perbaikan jalan sstm,netral,0.993,infrastruktur,5.0,,,2026-07-21,Menganti Gresik,1506 1 unjuk rasa depan jaksa tinggi jatim jalan frontage ahmad yani waspada padat lintas 2 lontar macet imbas truk masalah 3 bringkang anti gresik macet imbas baik jalan sstm
2081212794662428717,Samsul84919339,@xkode06 Info cs daerah cerme gresik..?,info cs daerah cerme gresik,netral,0.998,umum,0.0,,,2026-07-26,Cerme Gresik,info cs daerah cerme gresik
2080606806351741122,memorysongs2023,"Saya dulu kkn di desa kandangan, cerme, gresik 😁",saya dulu kkn di desa kandangan cerme gresik,netral,0.997,umum,2.0,,,2026-07-24,Cerme Gresik,dulu kkn desa kandang cerme gresik
2080514277803504049,kompascom,"Viral video seorang lansia yang mengira posko KKN mahasiswa Untag Surabaya sebagai warung penyetan.

Kesalahpahaman itu terjadi karena spanduk posko KKN di Desa Asempapak, Gresik, didesain menyerupai spanduk warung makan dengan ilustrasi aneka lauk.

Kepala Desa Asempapak membenarkan peristiwa tersebut dan menyebut video itu baru diketahuinya setelah kegiatan KKN selesai. 

""Saya juga baru tahu video itu kemarin, diberitahu sama teman-teman setelah mahasiswa selesai KKN. Lucu lihatnya,"" ujar Kepala Desa.

🎥:TikTok/KKNR17_ASEMPAPAK

Penulis: Hamzah Arfah, Reni Susanti
Kreatif: Muchammad Chadziq Hanggeni Utomo
Produser: Elizabeth Ayudya

_ #KKN #JawaTimur #Read",viral video seorang lansia yang mengira posko kkn mahasiswa untag surabaya sebagai warung penyetan kesalahpahaman itu terjadi karena spanduk posko kkn di desa asempapak gresik didesain menyerupai spanduk warung makan dengan ilustrasi aneka lauk kepala desa asempapak membenarkan peristiwa tersebut dan menyebut video itu baru diketahuinya setelah kegiatan kkn selesai saya juga baru tahu video itu kemarin diberitahu sama temanteman setelah mahasiswa selesai kkn lucu lihatnya ujar kepala desa tiktokkknr17_asempapak penulis hamzah arfah reni susanti kreatif muchammad chadziq hanggeni utomo produser elizabeth ayudya _ kkn jawatimur read,netral,0.898,umum,255.0,,,2026-07-24,Cerme Gresik,viral video orang lansia ira posko kkn mahasiswa untag surabaya warung penyet kesalahpahaman jadi spanduk posko kkn desa asempapak gresik desain rupa spanduk warung makan ilustrasi aneka lauk kepala desa asempapak benar peristiwa sebut sebut video baru tahu giat kkn selesai baru tahu video kemarin diberitahu sama temanteman mahasiswa selesai kkn lucu lihat ujar kepala desa tiktokkknr17 asempapak tulis hamzah arfah reni susanti kreatif muchammad chadziq hanggeni utomo produser elizabeth ayudya  kkn jawatimur read
2079843618332791226,e100ss,"15.18: 
1. Jalan Perak Barat arah Jalan Prapat Kurung macet. Yuyun pendengar SS melaporkan, lalu lintas sudah 20 menit tidak bergerak;
2. Kawasan Sidayu Gresik macet, imbas perbaikan jalan. Anwar pendengar SS melaporkan, lalu lintas diatur buka tutup. Jabir pendengar SS menambahkan, sudah 40 menit terjebak kemacetan;
3. Ada truk bermasalah di Jembatan Suramadu, dari Madura arah Surabaya. Posisinya di lajur kiri. Waspadai, Kawan. (ss-ji)",1518 1 jalan perak barat arah jalan prapat kurung macet yuyun pendengar ss melaporkan lalu lintas sudah 20 menit tidak bergerak 2 kawasan sidayu gresik macet imbas perbaikan jalan anwar pendengar ss melaporkan lalu lintas diatur buka tutup jabir pendengar ss menambahkan sudah 40 menit terjebak kemacetan 3 ada truk bermasalah di jembatan suramadu dari madura arah surabaya posisinya di lajur kiri waspadai kawan ssji,netral,0.555,infrastruktur,11.0,,,2026-07-22,Sidayu Gresik,1518 1 jalan perak barat arah jalan prapat kurung macet yuyun dengar ss lapor lalu lintas 20 menit gerak 2 kawasan sidayu gresik macet imbas baik jalan anwar dengar ss lapor lalu lintas atur buka tutup jabir dengar ss tambah 40 menit jebak macet 3 truk masalah jembatan suramadu madura arah surabaya posisi lajur kiri waspada kawan ssji
2081876933940523018,nugresik,"Istiqamah Rawat Tradisi, PR IPNU IPPNU Mojopuro Wetan Bungah Gresik Kembali Gelar Diba’an https://t.co/q3Sdd4Q0MG",istiqamah rawat tradisi pr ipnu ippnu mojopuro wetan bungah gresik kembali gelar dibaan,netral,0.991,umum,0.0,,,2026-07-27,Bungah Gresik,istiqamah rawat tradisi pr ipnu ippnu mojopuro wetan bungah gresik gelar dibaan
