url_produk,nama_produk,harga,lokasi_seller,rating_produk,terjual,badge,nama_toko,url_toko,rating_toko,kategori_web,sub_kategori
https://www.tokopedia.com/mobile-apps,"Gratis Ongkir + Banyak Promo
belanja di aplikasi",-,Kab. Gresik,-,-,-,-,-,-,,
https://www.tokopedia.com/about,Tentang Tokopedia,-,Kab. Gresik,-,-,-,-,-,-,,
https://seller.tokopedia.com/edu/topic/mulai-bisnis/materi-seller-baru,Mulai Berjualan,-,Kab. Gresik,-,-,-,-,-,-,,
https://www.tokopedia.com/promo,promo,-,Kab. Gresik,-,-,-,-,-,-,,
https://www.tokopedia.com/help,Tokopedia Care,-,Kab. Gresik,-,-,-,-,-,-,,
https://www.tokopedia.com/eiger-gresik,"Eiger Gresik
Kab. Gresik
Lihat Toko",-,Kab. Gresik,-,-,-,-,-,-,,
https://www.tokopedia.com/eiger-gresik/dompet-eiger-x-florence-wallet-original-1729620235774233188,Rp 99.000,-,Kab. Gresik,-,-,-,-,-,-,,
https://www.tokopedia.com/eiger-gresik/tas-eiger-tp-hzl-comp-descent-travel-pouch-1729616483929524836,Rp 309.000,-,Kab. Gresik,-,-,-,-,-,-,,
https://www.tokopedia.com/eiger-gresik/tas-eiger-sender-arc-3-0-pouch-4l-original-1729616409899076196,Rp 279.000,-,Kab. Gresik,-,-,-,-,-,-,,
https://www.tokopedia.com/d2-computer,"D2 Computer Gresik
Kab. Gresik
Lihat Toko",-,Kab. Gresik,-,-,-,-,-,-,,
https://www.tokopedia.com/d2-computer/set-pc-gaming-core-i7-siap-pakai-gaming-desain-editing-dan-render-1733694778913818039,Rp 7.000.000,-,Kab. Gresik,-,-,-,-,-,-,,
https://www.tokopedia.com/irapriyan,"Anugrah Gresik
Kab. Gresik
Lihat Toko",-,Kab. Gresik,-,-,-,-,-,-,,
https://www.tokopedia.com/irapriyan/perdana-simpati-cantik-seri-7777xx,Rp 125.000,-,Kab. Gresik,-,-,-,-,-,-,,
https://www.tokopedia.com/irapriyan/perdana-cantik-by-u-kuota-3gb-kode-a,Rp 100.000,-,Kab. Gresik,-,-,-,-,-,-,,
https://www.tokopedia.com/irapriyan/perdana-telkomsel-cantik-seri-8888xx,Rp 150.000,-,Kab. Gresik,-,-,-,-,-,-,,
https://www.tokopedia.com/gresikpyro,"GRESIKpyro
Lihat Toko",-,Kab. Gresik,-,-,-,-,-,-,,
https://www.tokopedia.com/toko-murah-gresik,"Toko Murah Gresik_NEW
Kab. Gresik
Lihat Toko",-,Kab. Gresik,-,-,-,-,-,-,,
https://www.tokopedia.com/toko-murah-gresik/obeng-taspen-bolak-balik-serbaguna-1731458692036003765,Rp 1.800,-,Kab. Gresik,-,-,-,-,-,-,,
https://www.tokopedia.com/toko-murah-gresik/steker-t-arde-light-house-lh258-ta-1731920781491144629,Rp 18.500,-,Kab. Gresik,-,-,-,-,-,-,,
https://www.tokopedia.com/toko-murah-gresik/stop-kontak-lubang-2-broco-harga-termurah-1731472185332565941,Rp 20.000,-,Kab. Gresik,-,-,-,-,-,-,,
https://www.tokopedia.com/sundra-wisata-gresik,"Sundra Wisata Gresik
Kab. Gresik
Lihat Toko",-,Kab. Gresik,-,-,-,-,-,-,,
https://www.tokopedia.com/sundra-wisata-gresik/umroh-musim-baru-2025-bersama-sundra-wisata-gresik-1731502077774169664,Rp 23.000,-,Kab. Gresik,-,-,-,-,-,-,,
https://www.tokopedia.com/pancing-gresik,"pancing gresik
Kab. Gresik
Lihat Toko",-,Kab. Gresik,-,-,-,-,-,-,,
https://www.tokopedia.com/pancing-gresik/rell-shimano-stella-sw-4000-kondisi-new-garansi-1731536351957189988,Rp 9.700.000,-,Kab. Gresik,-,-,-,-,-,-,,
https://www.tokopedia.com/pancing-gresik/pancing-rell-set-iroly-shepia-sw-1731536440828986724,Rp 330.000,-,Kab. Gresik,-,-,-,-,-,-,,
https://www.tokopedia.com/kedai-herbal-gresik,"Kedai Herbal Gresik
Kab. Gresik
Lihat Toko",-,Kab. Gresik,-,-,-,-,-,-,,
https://www.tokopedia.com/kedai-herbal-gresik/sunscreen-le-diamond-premium-quality-pria-wanita-1729745668152330051,Rp 55.000,-,Kab. Gresik,-,-,-,-,-,-,,
https://www.tokopedia.com/kedai-herbal-gresik/sabun-wajah-dan-seluruh-tubuh-hermione-1729680327997492035,Rp 6.000,-,Kab. Gresik,-,-,-,-,-,-,,
https://www.tokopedia.com/shoface-gresik,"Shoface Gresik
Surabaya
Lihat Toko",-,Kab. Gresik,-,-,-,-,-,-,,
https://www.tokopedia.com/shoface-gresik/shoface-moist-glow-with-uv-filter-reseller-resmi-driyorejo-1731024713829680174,Rp 68.000,-,Kab. Gresik,-,-,-,-,-,-,,
https://www.tokopedia.com/gudang-sarung-gresik-1,"gudang sarung gresik 1
Kab. Gresik
Lihat Toko",-,Kab. Gresik,-,-,-,-,-,-,,
https://www.tokopedia.com/gudang-sarung-gresik-1/atlas-idaman-jacquard-behaestex-motif-tenun-1729630201532286105,Rp 150.000,-,Kab. Gresik,-,-,-,-,-,-,,
https://www.tokopedia.com/fatma-msi-gresik,"fatma msi gresik
Kab. Gresik
Lihat Toko",-,Kab. Gresik,-,-,-,-,-,-,,
https://www.tokopedia.com/fatma-msi-gresik/si-hitam-bamboo-yg-bisa-bikin-kulit-kita-jd-lbh-sht-bukan-cm-kita-tp-satu-rumah-dr-mulai-dede-bayi-ampe-si-uthi2-apa-lg-si-ani-ani-1729995064419322284,Rp 50.000,-,Kab. Gresik,-,-,-,-,-,-,,
https://www.tokopedia.com/fatma-msi-gresik/si-putih-sunscreen-yg-bs-bikin-kulit-wajah-glowing-dan-menyamarkan-flek2-hitam-1729560028990309804,Rp 95.000,-,Kab. Gresik,-,-,-,-,-,-,,
https://www.tokopedia.com/fatma-msi-gresik/diamond-face-mist-produk-original-msi-bikin-kulit-wajah-adem-dan-lbh-glowing-1729995107753560492,Rp 95.000,-,Kab. Gresik,-,-,-,-,-,-,,
https://www.tokopedia.com/isbon-gresik,"isbon gresik
Kab. Gresik
Lihat Toko",-,Kab. Gresik,-,-,-,-,-,-,,
https://www.tokopedia.com/isbon-gresik/boneka-beruang-boneka-teddy-bear-boney-bonita-istana-boneka-gresik-1729873360292841529,Rp 229.000,-,Kab. Gresik,-,-,-,-,-,-,,
https://www.tokopedia.com/isbon-gresik/istana-boneka-gresik-balmut-bantal-selimut-kucing-hitam-mono-cocok-untuk-traveling-mudah-dibawa-bahan-halus-1729876222919280697,Rp 179.000,-,Kab. Gresik,-,-,-,-,-,-,,
https://www.tokopedia.com/isbon-gresik/istana-boneka-gresik-boneka-beruang-teddy-bear-jumbo-std-boney-bonita-with-syal-lembut-halus-63cm-1729873389200705593,Rp 359.000,-,Kab. Gresik,-,-,-,-,-,-,,
https://www.tokopedia.com/rujak-buah-gresik,"Rujak-buah-gresik
Surabaya
Lihat Toko",-,Kab. Gresik,-,-,-,-,-,-,,
https://www.tokopedia.com/adenium-gresik,"adenium gresik_NEW
Kab. Gresik
Lihat Toko",-,Kab. Gresik,-,-,-,-,-,-,,
https://www.tokopedia.com/adenium-gresik/plastik-polibag-ukuran-20-20-1729901867266246953,Rp 15.000,-,Kab. Gresik,-,-,-,-,-,-,,
https://www.tokopedia.com/bengkel-ponsel-gresik,"Bengkel Ponsel Gresik
Kab. Gresik
Lihat Toko",-,Kab. Gresik,-,-,-,-,-,-,,
https://www.tokopedia.com/bengkel-ponsel-gresik/rainbow-hardcase-xm-rm-note-9-pro-1729646636931909924,Rp 7.000,-,Kab. Gresik,-,-,-,-,-,-,,
https://www.tokopedia.com/bengkel-ponsel-gresik/baterai-blv-33-blv33-for-lava-iris-510-1729767288128244004,Rp 30.000,-,Kab. Gresik,-,-,-,-,-,-,,
https://www.tokopedia.com/bengkel-ponsel-gresik/anti-crack-case-for-vi-v7-v7-plus-y79-1729678319216462116,Rp 5.000,-,Kab. Gresik,-,-,-,-,-,-,,
https://www.tokopedia.com/obral-buku-murah-gresik,"obral Buku murah Gresik
Kab. Gresik
Lihat Toko",-,Kab. Gresik,-,-,-,-,-,-,,
https://www.tokopedia.com/obral-buku-murah-gresik/buku-pengembangan-pendidikan-1731803056312386604,Rp 25.000,-,Kab. Gresik,-,-,-,-,-,-,,
https://www.tokopedia.com/obral-buku-murah-gresik/buku-1-anggaran-perusahaan-edisi-2-1731240900410967084,Rp 25.000,-,Kab. Gresik,-,-,-,-,-,-,,
https://www.tokopedia.com/obral-buku-murah-gresik/buku-suami-idaman-dambaan-wanita-1731719991063315500,Rp 15.000,-,Kab. Gresik,-,-,-,-,-,-,,
https://www.tokopedia.com/gresiknih,"gresiknih
Kab. Gresik
Lihat Toko",-,Kab. Gresik,-,-,-,-,-,-,,
https://www.tokopedia.com/kilap-premium-gresik,"Kilap Premium Gresik
Kab. Gresik
Lihat Toko",-,Kab. Gresik,-,-,-,-,-,-,,
https://www.tokopedia.com/kilap-premium-gresik/kilap-premium-shampoo-cuci-mobil-motor-hyper-waz-1731019382303459283,Rp 20.000,-,Kab. Gresik,-,-,-,-,-,-,,
https://www.tokopedia.com/ayla-perabot-gresik,"Ayla perabot gresik
Kab. Gresik
Lihat Toko",-,Kab. Gresik,-,-,-,-,-,-,,
https://www.tokopedia.com/ayla-perabot-gresik/rajut-premium-sale-15-rb-an-1729572586679536297,Rp 89.000,-,Kab. Gresik,-,-,-,-,-,-,,
https://www.tokopedia.com/ayla-perabot-gresik/toples-plastik-isi-3-pcs-plastik-1729725046477982377,Rp 28.000,-,Kab. Gresik,-,-,-,-,-,-,,
https://www.tokopedia.com/ayla-perabot-gresik/rajut-cardigan-outer-murah-santai-1729577795491760809,Rp 35.000,-,Kab. Gresik,-,-,-,-,-,-,,
https://www.tokopedia.com/alalia-gresik,"alalia gresik
Kab. Gresik
Lihat Toko",-,Kab. Gresik,-,-,-,-,-,-,,
https://www.tokopedia.com/alalia-gresik/serundeng-kelapa-bumbu-jangkep-sangrai-1730502096746284118,Rp 18.000,-,Kab. Gresik,-,-,-,-,-,-,,
https://www.tokopedia.com/alalia-gresik/petulo-goreng-snack-keripik-1730438199811212374,Rp 6.000,-,Kab. Gresik,-,-,-,-,-,-,,
https://www.tokopedia.com/pusat-kopyah-rajut-gresik,"Pusat Kopyah Rajut Gresik
Kab. Gresik
Lihat Toko",-,Kab. Gresik,-,-,-,-,-,-,,
https://www.tokopedia.com/pusat-kopyah-rajut-gresik/pusat-kopyah-rajut-gresik-kopyah-rajut-kopyah-laki-laki-kopyah-anak-kopyah-dewasa-kopyah-motif-kopyah-custom-1730556682317301012,Rp 70.000,-,Kab. Gresik,-,-,-,-,-,-,,
https://www.tokopedia.com/pusat-kopyah-rajut-gresik/pusat-kopyah-rajut-gresik-kopyah-rajut-kopyah-laki-laki-kopyah-anak-kopyah-dewasa-kopyah-motif-kopyah-custom-1730556599777985812,Rp 70.000,-,Kab. Gresik,-,-,-,-,-,-,,
https://www.tokopedia.com/gresik87,"Gresik87
Kab. Gresik
Lihat Toko",-,Kab. Gresik,-,-,-,-,-,-,,
https://www.tokopedia.com/gresik87/tas-ransel-anak-paud-model-baru-untuk-fashion-1729743246763853624,Rp 15.000,-,Kab. Gresik,-,-,-,-,-,-,,
https://www.tokopedia.com/arety-coffee-gresik,"Arety Coffee Gresik
Kab. Gresik
Lihat Toko",-,Kab. Gresik,-,-,-,-,-,-,,
https://www.tokopedia.com/dh-parcel-gresik-surabaya,"DH Parcel Gresik Surabaya
Kab. Gresik
Lihat Toko",-,Kab. Gresik,-,-,-,-,-,-,,
https://www.tokopedia.com/syihab-store-gresik,"Syihab Store Gresik
Kab. Gresik
Lihat Toko",-,Kab. Gresik,-,-,-,-,-,-,,
https://www.tokopedia.com/syihab-store-gresik/premium-ethnic-dress-set-katrina-signature-inner-long-outer-1734131775025022731,Rp 499.000,-,Kab. Gresik,-,-,-,-,-,-,,
https://www.tokopedia.com/syihab-store-gresik/peci-tawon-mas-hitam-ac-kopiah-original-1734351508445038347,Rp 50.000,-,Kab. Gresik,-,-,-,-,-,-,,
https://www.tokopedia.com/syihab-store-gresik/peci-tawon-mas-hitam-nu-ac-kopiah-1734351543346497291,Rp 54.999,-,Kab. Gresik,-,-,-,-,-,-,,
https://www.tokopedia.com/sr12-gresik-id,"SR12 Gresik ID
Kab. Gresik
Lihat Toko",-,Kab. Gresik,-,-,-,-,-,-,,
https://www.tokopedia.com/toko-terang-gresik,"Toko Terang Gresik
Kab. Gresik
Lihat Toko",-,Kab. Gresik,-,-,-,-,-,-,,
https://www.tokopedia.com/cireng-isi-gresik,"Cireng Isi Gresik
Kab. Gresik
Lihat Toko",-,Kab. Gresik,-,-,-,-,-,-,,
https://www.tokopedia.com/rumah-mewah-gresik,"Rumah Mewah Gresik
Kab. Gresik
Lihat Toko",-,Kab. Gresik,-,-,-,-,-,-,,
https://www.tokopedia.com/rumah-mewah-gresik/bunga-kawat-bulu-medium-single-flower-mini-rose-sun-flower-1730299069028403122,Rp 50.000,-,Kab. Gresik,-,-,-,-,-,-,,
https://www.tokopedia.com/hari-petis-gresik,"Hari Petis Gresik
Kab. Gresik
Lihat Toko",-,Kab. Gresik,-,-,-,-,-,-,,
https://www.tokopedia.com/hari-petis-gresik/petis-udang-istimewa-gresik-versi-10kg-1729706014911531409,Rp 300.000,-,Kab. Gresik,-,-,-,-,-,-,,
https://www.tokopedia.com/hari-petis-gresik/petis-udang-super-gresik-10kg-1729706024522910097,Rp 250.000,-,Kab. Gresik,-,-,-,-,-,-,,
https://www.tokopedia.com/hari-petis-gresik/petis-udang-istimewa-gresik-1729706051897493905,Rp 35.000,-,Kab. Gresik,-,-,-,-,-,-,,
https://www.tokopedia.com/gresik-shoppp,"GRESIK SHOPPP
Kab. Gresik
Lihat Toko",-,Kab. Gresik,-,-,-,-,-,-,,
https://www.tokopedia.com/gresik-shoppp/kue-kering-nastar-gulung-premium-berkualitas-tinggi-makanan-cookies-camilan-cemilan-food-snacks-1730927048468563401,Rp 45.000,-,Kab. Gresik,-,-,-,-,-,-,,
https://www.tokopedia.com/gresik-shoppp/nastar-nanas-premium-cookies-1730927264568608201,Rp 45.000,-,Kab. Gresik,-,-,-,-,-,-,,
https://www.tokopedia.com/gresik-shoppp/mawar-selai-strawberry-perisa-buah-segar-siap-saji-food-frozen-1730926944203408841,Rp 40.000,-,Kab. Gresik,-,-,-,-,-,-,,
https://www.tokopedia.com/reglow-skincare-gresik,"REGLOW SKINCARE GRESIK
Kab. Gresik
Lihat Toko",-,Kab. Gresik,-,-,-,-,-,-,,
https://www.tokopedia.com/reglow-skincare-gresik/reglow-dr-shindy-glowing-skin-treatment-paket-1-asam-hialuronat-hidrasi-kulit-kering-bebas-alkohol-pemutihan-kulit-sensitif-meringankan-kontrol-minyak-semua-jenis-kulit-pelembab-mencerahkan-wajah-hitam-perawatan-1729923998106880290,Rp 265.000,-,Kab. Gresik,-,-,-,-,-,-,,
https://www.tokopedia.com/jual-beli-antam-gresik,"JUAL BELI ANTAM GRESIK
Kab. Gresik
Lihat Toko",-,Kab. Gresik,-,-,-,-,-,-,,
https://www.tokopedia.com/fitnessworks-gresik,"Fitnessworks Gresik
Kab. Gresik
Lihat Toko",-,Kab. Gresik,-,-,-,-,-,-,,
https://www.tokopedia.com/fitnessworks-gresik/kaos-sablon-fitnessworks-gresik-1730885421557253223,Rp 200.000,-,Kab. Gresik,-,-,-,-,-,-,,
https://www.tokopedia.com/toko-al-khidmah-pegiren-gresik,"Toko Al Khidmah Pegiren Gresik
Kab. Gresik
Lihat Toko",-,Kab. Gresik,-,-,-,-,-,-,,
https://www.tokopedia.com/mkskin-gresik-by-yantiqoe,"MKSkin Gresik By Yantiqoe_NEW
Kab. Gresik
Lihat Toko",-,Kab. Gresik,-,-,-,-,-,-,,
https://www.tokopedia.com/mkskin-gresik-by-yantiqoe/mk-skin-paket-melacare-series-mencerahkan-hitam-wajah-free-sunscreen-mini-1730872477637707081,Rp 302.500,-,Kab. Gresik,-,-,-,-,-,-,,
https://www.tokopedia.com/mkskin-gresik-by-yantiqoe/mk-skin-retinal-advance-serum-serum-perawatan-wajah-1730941127878411593,Rp 176.000,-,Kab. Gresik,-,-,-,-,-,-,,
https://www.tokopedia.com/mkskin-gresik-by-yantiqoe/mk-skin-hyacera-serum-serum-perawatan-kesehatan-kulit-wajah-1730941115594736969,Rp 99.000,-,Kab. Gresik,-,-,-,-,-,-,,
https://www.tokopedia.com/rumah-popok-gresik,"rumah popok gresik_NEW
Kab. Gresik
Lihat Toko",-,Kab. Gresik,-,-,-,-,-,-,,
https://www.tokopedia.com/rumah-popok-gresik/cod-2pcs-popok-goon-comfort-fit-pants-bayi-diapers-1729942307255912998,Rp 130.000,-,Kab. Gresik,-,-,-,-,-,-,,
https://www.tokopedia.com/rumah-popok-gresik/bisa-cod-elleair-facial-tissue-1729744662351284774,Rp 13.500,-,Kab. Gresik,-,-,-,-,-,-,,
https://www.tokopedia.com/rumah-popok-gresik/cod-goo-n-kiddy-night-4xl-1729730400738904614,Rp 120.000,-,Kab. Gresik,-,-,-,-,-,-,,
https://www.tokopedia.com/rama-gresik,"Rama Gresik
Kab. Gresik
Lihat Toko",-,Kab. Gresik,-,-,-,-,-,-,,
https://www.tokopedia.com/rama-gresik/bergo-hamidah-size-m-santai-instan-1729724775627394037,Rp 14.000,-,Kab. Gresik,-,-,-,-,-,-,,
https://www.tokopedia.com/pcgresik,"PC Gresik
Jakarta Pusat
Lihat Toko",-,Kab. Gresik,-,-,-,-,-,-,,
https://www.tokopedia.com/ggresik,"Gamers Gresik
Jakarta Selatan
Lihat Toko",-,Kab. Gresik,-,-,-,-,-,-,,
https://www.tokopedia.com/jual-rumah-gresik,"Jual Rumah Gresik
Jakarta Barat
Lihat Toko",-,Kab. Gresik,-,-,-,-,-,-,,
https://www.tokopedia.com/pentol-khas-gresik-deeza,"Pentol Khas Gresik Deeza
Kab. Bekasi
Lihat Toko",-,Kab. Gresik,-,-,-,-,-,-,,
https://www.tokopedia.com/pentol-khas-gresik-deeza/pentol-khas-gresik-deeza-makanan-khas-gresik-yang-lezat-dan-nikmat-1735858616738808981-1735859523338601621,Rp 28.000,-,Kab. Gresik,-,-,-,-,-,-,,
https://www.tokopedia.com/gresik,"Laptopgresik
Lihat Toko",-,Kab. Gresik,-,-,-,-,-,-,,
https://www.tokopedia.com/gresik/laptop-asus-expertbook-fhd-ips-jernih-ryzen-vga-2gb-numpberpad-1732229513373255603,Rp 3.500.000,-,Kab. Gresik,-,-,-,-,-,-,,
https://www.tokopedia.com/gresik/laptop-lenovo-ideapad-slim-3-murah-bodi-slim-perform-ngebut-pakai-ssd-full-hd-ips-1734963369893857203,Rp 2.100.000,-,Kab. Gresik,-,-,-,-,-,-,,
https://www.tokopedia.com/gresik/laptop-asus-vivobook-vga-2gb-layar-jernih-full-hd-ips-ngebut-gaming-3d-rendering-video-mulus-fullset-dus,Rp 3.900.000,-,Kab. Gresik,-,-,-,-,-,-,,
https://www.tokopedia.com/umroh-gresik,"Umroh Gresik
Kab. Gresik
Lihat Toko",-,Kab. Gresik,-,-,-,-,-,-,,
https://www.tokopedia.com/hjs-gresik,"HJS GRESIK
Kab. Gresik
Lihat Toko",-,Kab. Gresik,-,-,-,-,-,-,,
https://www.tokopedia.com/anugrah-bike-gresik,"ANUGRAH BIKE GRESIK_NEW
Kab. Gresik
Lihat Toko",-,Kab. Gresik,-,-,-,-,-,-,,
https://www.tokopedia.com/sabila-printing-gresik,"Sabila Printing Gresik
Kab. Gresik
Lihat Toko",-,Kab. Gresik,-,-,-,-,-,-,,
https://www.tokopedia.com/diana-msglow-gresik,"diana msglow gresik
Kab. Gresik
Lihat Toko",-,Kab. Gresik,-,-,-,-,-,-,,
https://www.tokopedia.com/diana-msglow-gresik/kaos-lengan-panjang-polos-1729866367560222862,Rp 17.000,-,Kab. Gresik,-,-,-,-,-,-,,
https://www.tokopedia.com/sentral-sembako-gresik,"Sentral sembako Gresik
Kab. Gresik
Lihat Toko",-,Kab. Gresik,-,-,-,-,-,-,,
https://www.tokopedia.com/merdeka-store-gresik,"merdeka store gresik
Kab. Gresik
Lihat Toko",-,Kab. Gresik,-,-,-,-,-,-,,
https://www.tokopedia.com/merdeka-store-gresik/iphone-13-128-garansi-resmi-smartphone-1731798249420785447,Rp 7.700.000,-,Kab. Gresik,-,-,-,-,-,-,,
https://www.tokopedia.com/distributor-gresik,"DISTRIBUTOR GRESIK
Kab. Gresik
Lihat Toko",-,Kab. Gresik,-,-,-,-,-,-,,
https://www.tokopedia.com/petrokimia-gresik,"Petrokimia Gresik
Kab. Gresik
Lihat Toko",-,Kab. Gresik,-,-,-,-,-,-,,
https://www.tokopedia.com/mulia-motor---gresik-jawa-timur,"MULIA MOTOR - GRESIK JAWA TIMUR
Kab. Gresik
Lihat Toko",-,Kab. Gresik,-,-,-,-,-,-,,
https://www.tokopedia.com/vina-cimory-gresik,"Vina Cimory gresik
Kab. Gresik
Lihat Toko",-,Kab. Gresik,-,-,-,-,-,-,,
https://www.tokopedia.com/melly-homecredit-gresik,"melly homecredit gresik
Kab. Gresik
Lihat Toko",-,Kab. Gresik,-,-,-,-,-,-,,
https://www.tokopedia.com/agenpetis-gresik,"AgenPetis Gresik_NEW
Kab. Gresik
Lihat Toko",-,Kab. Gresik,-,-,-,-,-,-,,
https://www.tokopedia.com/toyota-gresik-manyar,"Toyota Gresik Manyar
Lihat Toko",-,Kab. Gresik,-,-,-,-,-,-,,
https://www.tokopedia.com/antasena-farm-gresik,"Antasena Farm Gresik
Lihat Toko",-,Kab. Gresik,-,-,-,-,-,-,,
https://www.tokopedia.com/warta-gresik,"WARTA GRESIK
Lihat Toko",-,Kab. Gresik,-,-,-,-,-,-,,
https://www.tokopedia.com/batik-gresik-sman-1-dukun,"Batik Gresik SMAN 1 Dukun
Lihat Toko",-,Kab. Gresik,-,-,-,-,-,-,,
https://www.tokopedia.com/perlindungan-kekayaan-intelektual,Hak Kekayaan Intelektual,-,Kab. Gresik,-,-,-,-,-,-,,
https://www.tokopedia.com/careers,careers,-,Kab. Gresik,-,-,-,-,-,-,,
https://affiliate.tokopedia.com,Tokopedia Affiliate Program,-,Kab. Gresik,-,-,-,-,-,-,,
https://www.tokopedia.com/partner,Tokopedia B2B Digital,-,Kab. Gresik,-,-,-,-,-,-,,
https://marketingsolutions.tokopedia.com,Tokopedia Marketing Solutions,-,Kab. Gresik,-,-,-,-,-,-,,
https://www.tokopedia.com/blog/bmi,Kalkulator Indeks Masa Tubuh,-,Kab. Gresik,-,-,-,-,-,-,,
https://www.tokopedia.com/discovery/tokopedia-farma,Tokopedia Farma,-,Kab. Gresik,-,-,-,-,-,-,,
https://www.tokopedia.com/discovery/deals,Promo Hari Ini,-,Kab. Gresik,-,-,-,-,-,-,,
https://www.tokopedia.com/discovery/beli-lokal,Beli Lokal,-,Kab. Gresik,-,-,-,-,-,-,,
https://www.tokopedia.com/discovery/promo-guncang,Promo Guncang,-,Kab. Gresik,-,-,-,-,-,-,,
https://www.tokopedia.com/daftar-halaman,Tagihan & Top Up,-,Kab. Gresik,-,-,-,-,-,-,,
https://www.tokopedia.com/discovery/bebas-ongkir,Bebas Ongkir,-,Kab. Gresik,-,-,-,-,-,-,,
https://seller.tokopedia.com/edu,Pusat Edukasi Seller,-,Kab. Gresik,-,-,-,-,-,-,,
https://seller.tokopedia.com/edu/official-store,Daftar Mall,-,Kab. Gresik,-,-,-,-,-,-,,
https://www.tokopedia.com/terms,Syarat dan Ketentuan,-,Kab. Gresik,-,-,-,-,-,-,,
https://www.tokopedia.com/privacy,Kebijakan Privasi,-,Kab. Gresik,-,-,-,-,-,-,,
https://www.tokopedia.com/masjams-toyota-gresik,"Masjams Toyota Gresik
Lihat Toko",-,Kab. Gresik,-,-,-,-,-,-,,
https://www.tokopedia.com/queen-parfum-gresik,"queen Parfum gresik
Kab. Gresik
Lihat Toko",-,Kab. Gresik,-,-,-,-,-,-,,
https://www.tokopedia.com/zamzam-parfume-gresik,"ZamZam Parfume Gresik
Kab. Gresik
Lihat Toko",-,Kab. Gresik,-,-,-,-,-,-,,
https://www.tokopedia.com/zamzam-parfume-gresik/parfum-laundry-pewangi-baju-tahan-lama-dan-anti-bau-1732772244481999983,Rp 21.250,-,Kab. Gresik,-,-,-,-,-,-,,
https://www.tokopedia.com/mk-skin-store-gresik-kota,"MK SKIN STORE GRESIK KOTA
Kab. Gresik
Lihat Toko",-,Kab. Gresik,-,-,-,-,-,-,,
https://www.tokopedia.com/mk-skin-store-gresik-kota/retinal-advance-serum-mk-skin-store-gresik-kota-1732240977591568202,Rp 250.000,-,Kab. Gresik,-,-,-,-,-,-,,
https://www.tokopedia.com/mk-skin-store-gresik-kota/vitacomplex-serum-mk-skin-multivitamin-microbiome-repair-serum-1732239982275495754,Rp 150.000,-,Kab. Gresik,-,-,-,-,-,-,,
https://www.tokopedia.com/mk-skin-store-gresik-kota/serum-whitening-mk-skin-menutrisi-kulit-membuat-kulit-lebih-cerah-dan-glowing-1732239967951619914,Rp 150.000,-,Kab. Gresik,-,-,-,-,-,-,,
https://www.tokopedia.com/grosir-sembako-gresik,"Grosir sembako gresik
Kab. Gresik
Lihat Toko",-,Kab. Gresik,-,-,-,-,-,-,,
https://www.tokopedia.com/grosir-sembako-gresik/sabun-lervia-murah-90gram-mandi-soap-mencerahkan-1732643606600320337,Rp 3.990,-,Kab. Gresik,-,-,-,-,-,-,,
https://www.tokopedia.com/grosir-sembako-gresik/gula-rose-brand-1kg-sugar-1732643306782426449,Rp 23.990,-,Kab. Gresik,-,-,-,-,-,-,,
https://www.tokopedia.com/grosir-sembako-gresik/soklin-cair-liquid-ready-warna-ungu-dan-pink-1732725915172177233,Rp 24.900,-,Kab. Gresik,-,-,-,-,-,-,,
https://www.tokopedia.com/pt-petrosida-gresik,"PT Petrosida Gresik
Kab. Gresik
Lihat Toko",-,Kab. Gresik,-,-,-,-,-,-,,
https://www.tokopedia.com/cemal-cemil-gresik,"Cemal Cemil Gresik
Kab. Gresik
Lihat Toko",-,Kab. Gresik,-,-,-,-,-,-,,
https://www.tokopedia.com/adopsi-kucing-mini-gresik,"Adopsi kucing mini gresik
Kab. Gresik
Lihat Toko",-,Kab. Gresik,-,-,-,-,-,-,,
https://www.tokopedia.com/adopsi-kucing-mini-gresik/kitten-munckhin-persia-telinga-ikal-1733820017878337163,Rp 2.000.000,-,Kab. Gresik,-,-,-,-,-,-,,
https://www.tokopedia.com/adopsi-kucing-mini-gresik/kucing-kitten-munckhin-persia-dengan-bulu-lembut-dan-warna-oren-putih-ideal-untuk-peliharaan-rumah-1733820088097474187,Rp 2.000.000,-,Kab. Gresik,-,-,-,-,-,-,,
https://www.tokopedia.com/go-fresh-gresik,"GO FRESH GRESIK
Lihat Toko",-,Kab. Gresik,-,-,-,-,-,-,,
https://www.tokopedia.com/toko-keramik-lengkap-gresik,"toko keramik lengkap gresik
Kab. Gresik
Lihat Toko",-,Kab. Gresik,-,-,-,-,-,-,,
https://www.tokopedia.com/myrep-gresik,"myrep gresik
Kab. Gresik
Lihat Toko",-,Kab. Gresik,-,-,-,-,-,-,,
https://www.tokopedia.com/gresiksecondjersey,"gresiksecondjersey
Lihat Toko",-,Kab. Gresik,-,-,-,-,-,-,,
https://www.tokopedia.com/biya-agus-chatour-gresik,"Biya Agus Chatour Gresik
Lihat Toko",-,Kab. Gresik,-,-,-,-,-,-,,
https://www.tokopedia.com/kulosae-gresik,"Kulosae Gresik
Lihat Toko",-,Kab. Gresik,-,-,-,-,-,-,,
https://www.tokopedia.com/sabrinah-sheafood-gresik,"Sabrinah sheafood gresik
Lihat Toko",-,Kab. Gresik,-,-,-,-,-,-,,
https://www.tokopedia.com/taichan-mbul-gresik,"Taichan Mbul Gresik
Kab. Gresik
Lihat Toko",-,Kab. Gresik,-,-,-,-,-,-,,
https://www.tokopedia.com/pappa-roti---rs-semen-gresik,"PAPPA ROTI - RS SEMEN GRESIK
Lihat Toko",-,Kab. Gresik,-,-,-,-,-,-,,
https://www.tokopedia.com/pappa-roti---rs-semen-gresik/pappa-roti-original-bun-1734332879889794385,Rp 13.000,-,Kab. Gresik,-,-,-,-,-,-,,
https://www.tokopedia.com/pappa-roti---rs-semen-gresik/pappa-roti-choco-banana-rollie-1734333699020981585,Rp 15.000,-,Kab. Gresik,-,-,-,-,-,-,,
https://www.tokopedia.com/honda-gresik-sidoarjo-sby-live,"honda gresik sidoarjo sby live
Surabaya
Lihat Toko",-,Kab. Gresik,-,-,-,-,-,-,,
https://www.tokopedia.com/raffa-store-gresik,"Raffa Store Gresik_NEW
Kab. Gresik
Lihat Toko",-,Kab. Gresik,-,-,-,-,-,-,,
https://www.tokopedia.com/iwake-yosi-gresik,"IWAK'e Yosi Gresik
Kab. Gresik
Lihat Toko",-,Kab. Gresik,-,-,-,-,-,-,,
https://www.tokopedia.com/livik-store-gresik,"LIVIK STORE GRESIK
Kab. Gresik
Lihat Toko",-,Kab. Gresik,-,-,-,-,-,-,,
https://www.tokopedia.com/juro-gresik-store,"Juro Gresik Store
Lihat Toko",-,Kab. Gresik,-,-,-,-,-,-,,
https://www.tokopedia.com/gresik-pusat-pintu,"Gresik Pusat Pintu
Lihat Toko",-,Kab. Gresik,-,-,-,-,-,-,,
https://www.tokopedia.com/box-costum-gresik,"Box costum gresik
Lihat Toko",-,Kab. Gresik,-,-,-,-,-,-,,
https://www.tokopedia.com/toko-keramik-gresik,"Toko Keramik Gresik
Lihat Toko",-,Kab. Gresik,-,-,-,-,-,-,,
https://www.tokopedia.com/my-garage-store-gresik-259,"My Garage Store Gresik_NEW
Lihat Toko",-,Kab. Gresik,-,-,-,-,-,-,,
https://www.tokopedia.com/kirana-project-gresik,"Kirana Project Gresik
Lihat Toko",-,Kab. Gresik,-,-,-,-,-,-,,
https://www.tokopedia.com/bakol-pohong-gresik-kota,"Bakol pohong gresik kota
Lihat Toko",-,Kab. Gresik,-,-,-,-,-,-,,
https://www.tokopedia.com/phonsel-gresik-880,"Phonsel Gresik_NEW
Lihat Toko",-,Kab. Gresik,-,-,-,-,-,-,,
https://www.tokopedia.com/arben-suplemen-gresik,"Arben suplemen gresik
Kab. Gresik
Lihat Toko",-,Kab. Gresik,-,-,-,-,-,-,,
https://www.tokopedia.com/keramik-murah-gresik-surabaya,"Keramik Murah Gresik Surabaya
Kab. Gresik
Lihat Toko",-,Kab. Gresik,-,-,-,-,-,-,,
https://www.tokopedia.com/keramik-murah-gresik-surabaya/granit-lantai-garuda-60x60-cream-polos-glaze-polish-super-kilap-1733412579621373329,Rp 130.000,-,Kab. Gresik,-,-,-,-,-,-,,
https://www.tokopedia.com/bisnis-digital-smk-nu-gresik,"Bisnis Digital SMK NU Gresik
Kab. Gresik
Lihat Toko",-,Kab. Gresik,-,-,-,-,-,-,,
https://www.tokopedia.com/bisnis-digital-smk-nu-gresik/gelang-manik2-custom-serut-1733259305807414303,Rp 15.000,-,Kab. Gresik,-,-,-,-,-,-,,
https://www.tokopedia.com/bintang-jaya-gresik,"Bintang Jaya Gresik
Lihat Toko",-,Kab. Gresik,-,-,-,-,-,-,,
https://www.tokopedia.com/toko-tunas-harapan-snack-menganti-gresik,"TOKO TUNAS HARAPAN SNACK MENGANTI GRESIK
Kab. Gresik
Lihat Toko",-,Kab. Gresik,-,-,-,-,-,-,,
https://www.tokopedia.com/raja-gerobak-99-gresik,"Raja Gerobak 99 gresik
Lihat Toko",-,Kab. Gresik,-,-,-,-,-,-,,
https://www.tokopedia.com/yourbeauty-gresik,"YourBeauty Gresik
Kab. Gresik
Lihat Toko",-,Kab. Gresik,-,-,-,-,-,-,,
https://www.tokopedia.com/yourbeauty-gresik/custom-press-on-nails-kuku-palsu-baca-deskripsi-1732152785342792975,Rp 55.000,-,Kab. Gresik,-,-,-,-,-,-,,
https://www.tokopedia.com/yourbeauty-gresik/custome-press-on-nails-fake-nails-kuku-palsu-nail-art-baca-deskripsi-1731924103209452815,Rp 55.000,-,Kab. Gresik,-,-,-,-,-,-,,
https://www.tokopedia.com/toko-sarung-gresik,"Toko sarung gresik
Kab. Gresik
Lihat Toko",-,Kab. Gresik,-,-,-,-,-,-,,
https://www.tokopedia.com/waroeng-sehat-gresik,"Waroeng Sehat Gresik
Kab. Gresik
Lihat Toko",-,Kab. Gresik,-,-,-,-,-,-,,
https://www.tokopedia.com/gresik-segar,"GRESIK SEGAR
Lihat Toko",-,Kab. Gresik,-,-,-,-,-,-,,
https://www.tokopedia.com/fram-gresik,"Fram gresik
Lihat Toko",-,Kab. Gresik,-,-,-,-,-,-,,
https://www.tokopedia.com/muslim-gallery-gresik,"Muslim Gallery Gresik
Lihat Toko",-,Kab. Gresik,-,-,-,-,-,-,,
https://www.tokopedia.com/relax-game-playbox-gresik,"Relax Game Playbox Gresik
Lihat Toko",-,Kab. Gresik,-,-,-,-,-,-,,
https://www.tokopedia.com/hartono-samira-amanah-travel-gresik,"Hartono Samira. Amanah travel Gresik
Lihat Toko",-,Kab. Gresik,-,-,-,-,-,-,,
https://www.tokopedia.com/beras-sehat-gresik,"Beras Sehat Gresik
Kab. Gresik
Lihat Toko",-,Kab. Gresik,-,-,-,-,-,-,,
https://www.tokopedia.com/mk-skin-gresik,"MK SKIN GRESIK
Kab. Gresik
Lihat Toko",-,Kab. Gresik,-,-,-,-,-,-,,
https://www.tokopedia.com/toko-komputer-gresik,"Toko Komputer Gresik_NEW
Kab. Gresik
Lihat Toko",-,Kab. Gresik,-,-,-,-,-,-,,
https://www.tokopedia.com/toko-komputer-gresik/apple-watch-series-8-41mm-midnight-1731567173601560281,Rp 3.700.000,-,Kab. Gresik,-,-,-,-,-,-,,
https://www.tokopedia.com/pakan-umpan-gresik,"Pakan umpan gresik
Surabaya
Lihat Toko",-,Kab. Gresik,-,-,-,-,-,-,,
https://www.tokopedia.com/pakan-umpan-gresik/udang-vaname-layak-baik-dan-benar-1731574487091021758,Rp 1.000.000,-,Kab. Gresik,-,-,-,-,-,-,,
https://www.tokopedia.com/kf-skin-distributor-gresik,"KF Skin Distributor Gresik
Kab. Gresik
Lihat Toko",-,Kab. Gresik,-,-,-,-,-,-,,
https://www.tokopedia.com/gresiksecondoutdoor,"Gresiksecondoutdoor
Kab. Gresik
Lihat Toko",-,Kab. Gresik,-,-,-,-,-,-,,
https://www.tokopedia.com/panji-bluevie---gtc-024-gresik,"Panji Bluevie - GTC 024 Gresik
Kab. Gresik
Lihat Toko",-,Kab. Gresik,-,-,-,-,-,-,,
https://www.tokopedia.com/bawono-farm-gresik,"Bawono Farm Gresik
Kab. Gresik
Lihat Toko",-,Kab. Gresik,-,-,-,-,-,-,,
https://www.tokopedia.com/suyo-gresik,"SUYO GRESIK_NEW
Surabaya
Lihat Toko",-,Kab. Gresik,-,-,-,-,-,-,,
https://www.tokopedia.com/songkok-gresik,"Songkok Gresik
Kab. Gresik
Lihat Toko",-,Kab. Gresik,-,-,-,-,-,-,,
https://www.tokopedia.com/songkok-gresik/songkok-peci-kain-motif-1731889648951199060,Rp 37.000,-,Kab. Gresik,-,-,-,-,-,-,,
https://www.tokopedia.com/songkok-gresik/songkok-peci-ac-emas-beludru-1731875750992905556,Rp 37.000,-,Kab. Gresik,-,-,-,-,-,-,,
https://www.tokopedia.com/songkok-gresik/songkok-peci-ac-bahan-full-songket-emas-1731893963525555540,Rp 37.000,-,Kab. Gresik,-,-,-,-,-,-,,
https://www.tokopedia.com/myrepublic-gresik,"myrepublic gresik
Kab. Gresik
Lihat Toko",-,Kab. Gresik,-,-,-,-,-,-,,
https://www.tokopedia.com/stroberi-mencir-gresik,"Stroberi Mencir Gresik
Lihat Toko",-,Kab. Gresik,-,-,-,-,-,-,,
https://www.tokopedia.com/gresik-jam-tangan,"Gresik Jam Tangan
Kab. Gresik
Lihat Toko",-,Kab. Gresik,-,-,-,-,-,-,,
https://www.tokopedia.com/es-viral-gresik,"es viral gresik
Kab. Gresik
Lihat Toko",-,Kab. Gresik,-,-,-,-,-,-,,
https://www.tokopedia.com/es-viral-gresik/mbak-fitri-sambal-bakaran-sambal-pedas-untuk-makanan-anda-1733417844883555599,Rp 38.000,-,Kab. Gresik,-,-,-,-,-,-,,
https://www.tokopedia.com/nasi-krawu-khas-gresik-kepanjen,"Nasi Krawu Khas gresik kepanjen
Kab. Malang
Lihat Toko",-,Kab. Gresik,-,-,-,-,-,-,,
https://www.tokopedia.com/gula-aren-bawean-gresik,"GULA AREN BAWEAN GRESIK
Kab. Gresik
Lihat Toko",-,Kab. Gresik,-,-,-,-,-,-,,
https://www.tokopedia.com/layla-butik-gresik,"layla butik gresik
Kab. Gresik
Lihat Toko",-,Kab. Gresik,-,-,-,-,-,-,,
https://www.tokopedia.com/perdana-cell-gresik,"PERDANA CELL GRESIK
Kab. Gresik
Lihat Toko",-,Kab. Gresik,-,-,-,-,-,-,,
https://www.tokopedia.com/ikan-hias-gresik,"Ikan Hias Gresik
Lihat Toko",-,Kab. Gresik,-,-,-,-,-,-,,
https://www.tokopedia.com/gresik-store-732,"Gresik Store.
Lihat Toko",-,Kab. Gresik,-,-,-,-,-,-,,
https://www.tokopedia.com/golden-perfume-gresik,"Golden Perfume Gresik
Kab. Gresik
Lihat Toko",-,Kab. Gresik,-,-,-,-,-,-,,
https://www.tokopedia.com/kerupuk-teripang-gresik,"Kerupuk teripang gresik
Kab. Gresik
Lihat Toko",-,Kab. Gresik,-,-,-,-,-,-,,
https://www.tokopedia.com/cari-sarung-gresik,"Cari Sarung Gresik
Kab. Gresik
Lihat Toko",-,Kab. Gresik,-,-,-,-,-,-,,
https://www.tokopedia.com/cari-sarung-gresik/wadimor-sarung-wadimor-gold-kain-tenun-motif-elegan-dan-warna-variatif-untuk-pria-dan-wanita-1734356899985262366,Rp 65.000,-,Kab. Gresik,-,-,-,-,-,-,,
https://www.tokopedia.com/gresikk,"gresikk
Jakarta Timur
Lihat Toko",-,Kab. Gresik,-,-,-,-,-,-,,
https://www.tokopedia.com/owner-eson-gresik,"Owner ESON Gresik
Kab. Gresik
Lihat Toko",-,Kab. Gresik,-,-,-,-,-,-,,
https://www.tokopedia.com/owner-eson-gresik/temulawak-120ml-isi-24-cup-1734420833680525091,Rp 45.000,-,Kab. Gresik,-,-,-,-,-,-,,
https://www.tokopedia.com/owner-eson-gresik/sinom-kemasan-cup-120ml-isi-24-cup-1734420784768911139,Rp 45.000,-,Kab. Gresik,-,-,-,-,-,-,,
https://www.tokopedia.com/omah-pentol-dan-roti-gresik,"Omah pentol dan roti gresik
Kab. Gresik
Lihat Toko",-,Kab. Gresik,-,-,-,-,-,-,,
https://www.tokopedia.com/omah-pentol-dan-roti-gresik/pentol-daging-sapi-halal-1734449475229943098,Rp 25.000,-,Kab. Gresik,-,-,-,-,-,-,,
https://www.tokopedia.com/omah-pentol-dan-roti-gresik/siomay-pentol-daging-sapi-1734449484268340538,Rp 22.000,-,Kab. Gresik,-,-,-,-,-,-,,
https://www.tokopedia.com/omah-pentol-dan-roti-gresik/tahu-bakso-daging-sapi-halal-1734449483651581242,Rp 25.000,-,Kab. Gresik,-,-,-,-,-,-,,
https://www.tokopedia.com/ainnunshop-gresik,"Ainnunshop gresik
Kab. Gresik
Lihat Toko",-,Kab. Gresik,-,-,-,-,-,-,,
https://www.tokopedia.com/indah-exspres-gresik,"Indah Exspres Gresik
Kab. Gresik
Lihat Toko",-,Kab. Gresik,-,-,-,-,-,-,,
https://www.tokopedia.com/arya-cell-gresik,"Arya cell Gresik
Lihat Toko",-,Kab. Gresik,-,-,-,-,-,-,,
https://www.tokopedia.com/jeruk-nipis-fh-gresik,"Jeruk Nipis FH Gresik
Kab. Gresik
Lihat Toko",-,Kab. Gresik,-,-,-,-,-,-,,
https://www.tokopedia.com/v7gresik,"V7 Sport Gresik
Kab. Gresik
Lihat Toko",-,Kab. Gresik,-,-,-,-,-,-,,
https://www.tokopedia.com/sarung-store-gresik,"Sarung Store Gresik
Kab. Gresik
Lihat Toko",-,Kab. Gresik,-,-,-,-,-,-,,
https://www.tokopedia.com/sarung-store-gresik/sarung-ardan-sgj-gold-hitam-1729655128674502927,Rp 310.000,-,Kab. Gresik,-,-,-,-,-,-,,
https://www.tokopedia.com/sarung-store-gresik/sarung-ardan-sgj-gold-warna-1729655125566064911,Rp 310.000,-,Kab. Gresik,-,-,-,-,-,-,,
https://www.tokopedia.com/sarung-store-gresik/sarung-fhm-mesres-motif-royal-sta-jahit-tengah-1730356597874918671,Rp 850.000,-,Kab. Gresik,-,-,-,-,-,-,,
https://www.tokopedia.com/nafiyasr12-kedanyang-gresik,"NafiyaSR12 Kedanyang gresik
Kab. Gresik
Lihat Toko",-,Kab. Gresik,-,-,-,-,-,-,,
https://www.tokopedia.com/nafiyasr12-kedanyang-gresik/sr12-herbal-sr-12-go-milku-susu-kambing-200g-kaya-vitamin-mineral-1734818350588594167-1734819208825964535,Rp 131.500,-,Kab. Gresik,-,-,-,-,-,-,,
https://www.tokopedia.com/makmur-mandiri-gresik,"Makmur mandiri Gresik
Kab. Gresik
Lihat Toko",-,Kab. Gresik,-,-,-,-,-,-,,
https://www.tokopedia.com/fathin-shop-gresik,"Fathin Shop Gresik_NEW
Kab. Gresik
Lihat Toko",-,Kab. Gresik,-,-,-,-,-,-,,
https://www.tokopedia.com/fathin-shop-gresik/sabun-cuci-sarung-istanbul-step-1-2-1729691420609382660,Rp 40.000,-,Kab. Gresik,-,-,-,-,-,-,,
https://www.tokopedia.com/fathin-shop-gresik/sarung-atlas-junior-kembang-anak-sd-1729625501181970692,Rp 80.000,-,Kab. Gresik,-,-,-,-,-,-,,
https://www.tokopedia.com/reglowstore-gresik,"Reglowstore gresik
Kab. Gresik
Lihat Toko",-,Kab. Gresik,-,-,-,-,-,-,,
https://www.tokopedia.com/reglowstore-gresik/reglow-ori-100-dr-shindy-putri-wajah-1729899764980878188,Rp 250.000,-,Kab. Gresik,-,-,-,-,-,-,,
https://www.tokopedia.com/reglowstore-gresik/face-sunscreen-for-kids-spf-50-cover-1729900285759425388,Rp 65.000,-,Kab. Gresik,-,-,-,-,-,-,,
https://www.tokopedia.com/reglowstore-gresik/sheetmask-with-jeju-lemon-reglow-semua-jenis-kulit-masker-1729900903321209708,Rp 19.000,-,Kab. Gresik,-,-,-,-,-,-,,
https://www.tokopedia.com/indah-bordir-gresik,"INDAH BORDIR GRESIK
Kab. Gresik
Lihat Toko",-,Kab. Gresik,-,-,-,-,-,-,,
https://www.tokopedia.com/indah-bordir-gresik/kebaya-cauple-sarimbit-lamaran-1734964931673622136,Rp 120.000,-,Kab. Gresik,-,-,-,-,-,-,,
https://www.tokopedia.com/indah-bordir-gresik/blouse-modis-wanita-poplin-brukat-cantik-wanita-atasan-katun-panjang-baju-1733771430270568056,Rp 235.200,-,Kab. Gresik,-,-,-,-,-,-,,
https://www.tokopedia.com/thera-beauty-gresik,"THERA BEAUTY GRESIK
Kab. Gresik
Lihat Toko",-,Kab. Gresik,-,-,-,-,-,-,,
https://www.tokopedia.com/thera-beauty-gresik/thera-beauty-facial-wash-exclusive-premium-sabun-wajah-premium-exclusive-bpom-halal-original-100-1730425496681022476,Rp 80.000,-,Kab. Gresik,-,-,-,-,-,-,,
https://www.tokopedia.com/thera-beauty-gresik/thera-beauty-white-dosting-red-body-serum-new-product-thera-beauty-body-serum-bpom-halal-original-100-1730427068680668172,Rp 125.000,-,Kab. Gresik,-,-,-,-,-,-,,
https://www.tokopedia.com/thera-beauty-gresik/thera-beauty-gold-serum-premium-serum-gold-thera-beauty-bpom-halal-original-1730409793934230540,Rp 125.000,-,Kab. Gresik,-,-,-,-,-,-,,
https://www.tokopedia.com/gresikunited,"Gresikunited
Kab. Gresik
Lihat Toko",-,Kab. Gresik,-,-,-,-,-,-,,
https://www.tokopedia.com/gresikunited/kaos-casual-ultras-gresik-free-2-stiker-1731501935214757507,Rp 85.000,-,Kab. Gresik,-,-,-,-,-,-,,
https://www.tokopedia.com/gresikunited/produk-dengan-nama-sepatu-shoes-pria-wanita-1731560119478486659,Rp 384.000,-,Kab. Gresik,-,-,-,-,-,-,,
https://www.tokopedia.com/parfum-gresik,"Parfum gresik
Kab. Gresik
Lihat Toko",-,Kab. Gresik,-,-,-,-,-,-,,
https://www.tokopedia.com/parfum-gresik/parfum-pria-extrait-de-parfum-savage-parfum-tahan-lama-1730772167543195168,Rp 199.000,-,Kab. Gresik,-,-,-,-,-,-,,
https://www.tokopedia.com/parfum-gresik/parfum-wanita-tease-extrait-de-parfum-tahan-lama-1730772741997102624,Rp 199.000,-,Kab. Gresik,-,-,-,-,-,-,,
https://www.tokopedia.com/parfum-gresik/parfum-pria-one-m-lucky-extrait-de-parfum-tahan-lama-1730773028369499680,Rp 199.000,-,Kab. Gresik,-,-,-,-,-,-,,
https://www.tokopedia.com/shakayla-shop-gresik,"SHAKAYLA SHOP GRESIK
Kab. Gresik
Lihat Toko",-,Kab. Gresik,-,-,-,-,-,-,,
https://www.tokopedia.com/shakayla-shop-gresik/kerudung-jilbab-hijab-segi-empat-polos-premium-by-erdaylooks-1733482256488760975,Rp 80.000,-,Kab. Gresik,-,-,-,-,-,-,,
https://www.tokopedia.com/lw-store-gresik,"LW STORE GRESIK
Kab. Gresik
Lihat Toko",-,Kab. Gresik,-,-,-,-,-,-,,
https://www.tokopedia.com/lw-store-gresik/hand-body-pemutih-exclusive-1730289932460262536,Rp 200.000,-,Kab. Gresik,-,-,-,-,-,-,,
https://www.tokopedia.com/lw-store-gresik/krim-penghilang-flek-hitam-l-w-glow-untuk-pria-dan-wanita-beruntusan-1730275871543886984,Rp 70.000,-,Kab. Gresik,-,-,-,-,-,-,,
https://www.tokopedia.com/toko-granit-gresik,"toko granit gresik
Kab. Gresik
Lihat Toko",-,Kab. Gresik,-,-,-,-,-,-,,
https://www.tokopedia.com/toko-granit-gresik/granit-lantai-ukuran-60x60-cream-polos-permuka-an-rata-glossy-kilap-kw-1-1733450362046285369,Rp 130.000,-,Kab. Gresik,-,-,-,-,-,-,,
https://www.tokopedia.com/toko-granit-gresik/keramik-ukuran-40x40-putih-polos-permuka-an-rata-motif-putih-polos-glossy-kilap-murano-1733412662781904441,Rp 60.000,-,Kab. Gresik,-,-,-,-,-,-,,
https://www.tokopedia.com/vespa-matic-gresik,"Vespa Matic Gresik
Kab. Gresik
Lihat Toko",-,Kab. Gresik,-,-,-,-,-,-,,
https://www.tokopedia.com/vespa-matic-gresik/rear-box-rack-vespa-x-justin-bieber-1731242556234106054,Rp 4.700.000,-,Kab. Gresik,-,-,-,-,-,-,,
https://www.tokopedia.com/vespa-matic-gresik/leather-bag-rear-rack-vespa-x-justin-bieber-1731242400837043398,Rp 4.700.000,-,Kab. Gresik,-,-,-,-,-,-,,
https://www.tokopedia.com/toko-ima-gresik,"TOKO IMA GRESIK
Kab. Gresik
Lihat Toko",-,Kab. Gresik,-,-,-,-,-,-,,
https://www.tokopedia.com/toko-ima-gresik/iswhite-body-mask-size-70-gram-pencerah-tubuh-body-mask-mini-size-1732165953001850546,Rp 24.000,-,Kab. Gresik,-,-,-,-,-,-,,
https://www.tokopedia.com/toko-ima-gresik/iswhite-body-mask-size-200-gram-pencerah-tubuh-body-mask-1732167370612704946,Rp 45.000,-,Kab. Gresik,-,-,-,-,-,-,,
https://www.tokopedia.com/bulu-petshop-gresik,"Bulu Petshop Gresik
Kab. Gresik
Lihat Toko",-,Kab. Gresik,-,-,-,-,-,-,,
https://www.tokopedia.com/bulu-petshop-gresik/groom-eye-cleanser-100-ml-1733117581960054460,Rp 25.000,-,Kab. Gresik,-,-,-,-,-,-,,
https://www.tokopedia.com/inem-gresik,"inem gresik
Kab. Gresik
Lihat Toko",-,Kab. Gresik,-,-,-,-,-,-,,
https://www.tokopedia.com/inem-gresik/az-zahra-collection-muslim-1730510587441219081,Rp 25.000,-,Kab. Gresik,-,-,-,-,-,-,,
https://www.tokopedia.com/inem-gresik/alalpaksksnsnznsjjaksjsjsjnsn-1730612871984678409,Rp 10.000,-,Kab. Gresik,-,-,-,-,-,-,,
https://www.tokopedia.com/apotek-avicenna-gresik,"Apotek Avicenna Gresik
Kab. Gresik
Lihat Toko",-,Kab. Gresik,-,-,-,-,-,-,,
https://www.tokopedia.com/apotek-avicenna-gresik/nutrimax-vitamin-d3-400-iu-syrup-120ml-1730421455907619865,Rp 115.010,-,Kab. Gresik,-,-,-,-,-,-,,
https://www.tokopedia.com/apotek-avicenna-gresik/nutrimax-uricare-membantu-meredakan-nyeri-sendi-1730208628409074713,Rp 310.029,-,Kab. Gresik,-,-,-,-,-,-,,
https://www.tokopedia.com/apotek-avicenna-gresik/nutrimax-teen-mx-vitamin-dan-mineral-untuk-remaja-1730208763146503193,Rp 285.029,-,Kab. Gresik,-,-,-,-,-,-,,
https://www.tokopedia.com/rumah-bordir-gresik,"Rumah Bordir Gresik
Kab. Gresik
Lihat Toko",-,Kab. Gresik,-,-,-,-,-,-,,
https://www.tokopedia.com/rumah-bordir-gresik/nama-dada-bordir-emblem-nama-dada-bordir-1729634353598990054,Rp 5.000,-,Kab. Gresik,-,-,-,-,-,-,,
https://www.tokopedia.com/gresikutara,"Gresik.Utara
Kab. Gresik
Lihat Toko",-,Kab. Gresik,-,-,-,-,-,-,,
https://www.tokopedia.com/gresikutara/parfume-nagita-s-parfume-le-labo-35ml-parfume-bibit-uniseks-laki-laki-perempuan-1729572621437471562,Rp 20.000,-,Kab. Gresik,-,-,-,-,-,-,,
https://www.tokopedia.com/gresikutara/parfume-soft-parfume-le-labo-35ml-parfume-bibit-uniseks-perempuan-laki-laki-1729572613630036810,Rp 20.000,-,Kab. Gresik,-,-,-,-,-,-,,
https://www.tokopedia.com/gresikutara/parfume-d-g-parfume-le-labo-35ml-parfume-bibit-uniseks-laki-laki-perempuan-perempuan-laki-laki-uniseks-bunga-1729572626974739274,Rp 20.000,-,Kab. Gresik,-,-,-,-,-,-,,
https://www.tokopedia.com/cekelin-snack-gresik,"cekelin snack gresik
Kab. Gresik
Lihat Toko",-,Kab. Gresik,-,-,-,-,-,-,,
https://www.tokopedia.com/cekelin-snack-gresik/mie-lidi-cekelin-snack-enak-1732038879469470798,Rp 9.000,-,Kab. Gresik,-,-,-,-,-,-,,
https://www.tokopedia.com/cekelin-snack-gresik/macaroni-sultan-keripik-cemilan-1732086386745181262,Rp 9.000,-,Kab. Gresik,-,-,-,-,-,-,,
https://www.tokopedia.com/cekelin-snack-gresik/basreng-baper-cekelin-snack-1732044090641450062,Rp 9.000,-,Kab. Gresik,-,-,-,-,-,-,,
https://www.tokopedia.com/kaysha-gresik,"kaysha Gresik_NEW
Kab. Gresik
Lihat Toko",-,Kab. Gresik,-,-,-,-,-,-,,
https://www.tokopedia.com/kaysha-gresik/oleh-oleh-khas-hajj-dan-umroh-1729659934652270175,Rp 19.600,-,Kab. Gresik,-,-,-,-,-,-,,
https://www.tokopedia.com/kaysha-gresik/oleh-oleh-haji-umroh-produk-king-salman-yangberisi-macam2-oleh2-khas-haji-dan-umroh-yaitu-kurma-zamzam-coklat-kismis-kcang-arab-dll-1729659842653947487,Rp 19.600,-,Kab. Gresik,-,-,-,-,-,-,,
https://www.tokopedia.com/manygift-gresik,"manygift gresik
Kab. Gresik
Lihat Toko",-,Kab. Gresik,-,-,-,-,-,-,,
https://www.tokopedia.com/manygift-gresik/round-bouqet-coklat-silverqueen-murah-1730848127606294036,Rp 100.000,-,Kab. Gresik,-,-,-,-,-,-,,
https://www.tokopedia.com/manygift-gresik/single-rose-bunga-mawar-cokelat-tangkai-valentine-1732508976312649236,Rp 29.900,-,Kab. Gresik,-,-,-,-,-,-,,
https://www.tokopedia.com/manygift-gresik/cardboard-love-papan-kertas-love-estetik-wisuda-ultah-bunga-kado-1732513479151224340,Rp 50.600,-,Kab. Gresik,-,-,-,-,-,-,,
https://www.tokopedia.com/bakso-aci-gresik,"Bakso Aci Gresik
Kab. Gresik
Lihat Toko",-,Kab. Gresik,-,-,-,-,-,-,,
https://www.tokopedia.com/bakso-aci-gresik/bakso-aci-chili-oil-pedas-komplit-murah-1732632490418341472,Rp 4.999,-,Kab. Gresik,-,-,-,-,-,-,,
https://www.tokopedia.com/bakso-aci-gresik/cuanki-chili-oil-komplit-murah-pedas-nya-nampol-abis-1732605516865898080,Rp 4.999,-,Kab. Gresik,-,-,-,-,-,-,,
https://www.tokopedia.com/undangan-murah-gresik,"Undangan Murah Gresik
Kab. Gresik
Lihat Toko",-,Kab. Gresik,-,-,-,-,-,-,,
https://www.tokopedia.com/undangan-murah-gresik/undangan-pernikahan-murah-achc-188-undangan-nikah-1000-an-undangan-murah-free-plastik-wedding-card-1730006186710305207,Rp 1.000,-,Kab. Gresik,-,-,-,-,-,-,,
https://www.tokopedia.com/undangan-murah-gresik/undangan-pernikahan-murah-achc-187-undangan-nikah-1000-an-undangan-murah-free-plastik-wedding-card-1730006128477637047,Rp 1.000,-,Kab. Gresik,-,-,-,-,-,-,,
https://www.tokopedia.com/undangan-murah-gresik/undangan-pernikahan-gulung-best-seller-undangan-pernikahan-murah-ac-90-1729385695097947575,Rp 2.000,-,Kab. Gresik,-,-,-,-,-,-,,
https://www.tokopedia.com/mkskin-seller-gresik,"mkskin seller gresik
Kab. Gresik
Lihat Toko",-,Kab. Gresik,-,-,-,-,-,-,,
https://www.tokopedia.com/gamis-remaja-gresik,"Gamis Remaja Gresik
Kab. Gresik
Lihat Toko",-,Kab. Gresik,-,-,-,-,-,-,,
https://www.tokopedia.com/bakul-peyek-gresik,"BAKUL PEYEK GRESIK
Kab. Gresik
Lihat Toko",-,Kab. Gresik,-,-,-,-,-,-,,
https://www.tokopedia.com/bonsai-murah-gresik,"Bonsai murah gresik
Lihat Toko",-,Kab. Gresik,-,-,-,-,-,-,,
https://www.tokopedia.com/toko-biru-gresik-451,"TOKO BIRU GRESIK_NEW
Kab. Gresik
Lihat Toko",-,Kab. Gresik,-,-,-,-,-,-,,
https://www.tokopedia.com/toko-biru-gresik-451/1-set-perlengkapan-resin-joss-resin-nya-1kg-resin-polyester-joss-untuk-membuat-carbon-kevlar-carbon-forget-dari-lem-gelcoat-hingga-cor-resin-1729572294974604548,Rp 211.500,-,Kab. Gresik,-,-,-,-,-,-,,
https://www.tokopedia.com/toyotagresik,"Toyota Gresik id
Kab. Gresik
Lihat Toko",-,Kab. Gresik,-,-,-,-,-,-,,
https://www.tokopedia.com/toyotagresik/toyota-agya-1-2-g-cvt-stylix-tanda-jadi-car-1731366034762400993,Rp 5.000.000,-,Kab. Gresik,-,-,-,-,-,-,,
https://www.tokopedia.com/toyotagresik/toyota-hilux-rangga-2-4-pick-up-diesel-tanda-jadi-car-1731367416341103841,Rp 4.600.000,-,Kab. Gresik,-,-,-,-,-,-,,
https://www.tokopedia.com/toyotagresik/toyota-avanza-1-5-g-mt-tanda-jadi-car-1731364327980827873,Rp 5.000.000,-,Kab. Gresik,-,-,-,-,-,-,,
https://www.tokopedia.com/smk-muhammadiyah-2-gresik,"SMK MUHAMMADIYAH 2 GRESIK
Kab. Gresik
Lihat Toko",-,Kab. Gresik,-,-,-,-,-,-,,
https://www.tokopedia.com/smk-muhammadiyah-2-gresik/gantungan-kunci-daur-ulang-unik-ramah-lingkungan-bermakna-1735229429283390492,Rp 5.000,-,Kab. Gresik,-,-,-,-,-,-,,
https://www.tokopedia.com/smk-muhammadiyah-2-gresik/rak-gantungan-helm-4-susun-minimalis-1735226508144772124,Rp 45.000,-,Kab. Gresik,-,-,-,-,-,-,,
https://www.tokopedia.com/smk-muhammadiyah-2-gresik/sablon-kaos-dtf-bisa-custom-1735278947056780316,Rp 55.000,-,Kab. Gresik,-,-,-,-,-,-,,
https://www.tokopedia.com/bomboe-dapoer-gresik,"Bomboe Dapoer Gresik
Kab. Gresik
Lihat Toko",-,Kab. Gresik,-,-,-,-,-,-,,
https://www.tokopedia.com/bomboe-dapoer-gresik/petis-udang-gresut-saus-khas-indonesia-untuk-makanan-lezat-dan-nikmat-1735968710453790476-1735968811941660428,Rp 14.900,-,Kab. Gresik,-,-,-,-,-,-,,
https://www.tokopedia.com/yati-honda-gresik,"Yati Honda Gresik
Kab. Gresik
Lihat Toko",-,Kab. Gresik,-,-,-,-,-,-,,
https://www.tokopedia.com/yati-honda-gresik/jaket-original-honda-dijamin-ori-1730869210982746003,Rp 360.000,-,Kab. Gresik,-,-,-,-,-,-,,
https://www.tokopedia.com/kesetpercagresik,"Keset Perca Gresik
Kab. Gresik
Lihat Toko",-,Kab. Gresik,-,-,-,-,-,-,,
https://www.tokopedia.com/kesetpercagresik/keset-kain-perca-murah-oval-ukuran-50x33cm-warna-menarik-1732209116308014606,Rp 9.500,-,Kab. Gresik,-,-,-,-,-,-,,
https://www.tokopedia.com/kesetpercagresik/keset-kaki-kain-perca-bentuk-oval-pincuk-50x30cm-1731478626183513614,Rp 9.000,-,Kab. Gresik,-,-,-,-,-,-,,
https://www.tokopedia.com/kesetpercagresik/keset-kain-perca-pincuk-persegi-50x35cm-1731478548941997582,Rp 10.000,-,Kab. Gresik,-,-,-,-,-,-,,
https://www.tokopedia.com/grosir-kaos-gresik,"Grosir kaos gresik
Kab. Gresik
Lihat Toko",-,Kab. Gresik,-,-,-,-,-,-,,
https://www.tokopedia.com/grosir-kaos-gresik/kaos-distro-santri-hijrah-katun-combed-1730010853978638276-1734681115006306244,Rp 40.000,-,Kab. Gresik,-,-,-,-,-,-,,
https://www.tokopedia.com/grosir-kaos-gresik/kaos-polos-murah-navy-bahan-semi-katun-pe-1729807824399730628-1734680543328700356,Rp 40.000,-,Kab. Gresik,-,-,-,-,-,-,,
https://www.tokopedia.com/grosir-kaos-gresik/kaos-gresik-kaos-gresik-united-2005-1730350328261216196,Rp 85.000,-,Kab. Gresik,-,-,-,-,-,-,,
https://www.tokopedia.com/level-up-aesthetic-gresik,"Level Up Aesthetic GRESIK
Kab. Gresik
Lihat Toko",-,Kab. Gresik,-,-,-,-,-,-,,
https://www.tokopedia.com/bonggolan-sidayu-gresik,"Bonggolan Sidayu Gresik
Kab. Gresik
Lihat Toko",-,Kab. Gresik,-,-,-,-,-,-,,
https://www.tokopedia.com/bonggolan-sidayu-gresik/pudak-mini-khas-gresik-isi-10-pcs-pudak-mini-rasa-pandan-gula-aren-original-brownis-1734540652492588467,Rp 25.999,-,Kab. Gresik,-,-,-,-,-,-,,
https://www.tokopedia.com/bonggolan-sidayu-gresik/bonggolan-ikan-jumbo-rasa-original-dan-pedas-500-gram-khas-gresik-free-vakum-press-dan-packing-buble-wrap-1734540850414257587,Rp 19.999,-,Kab. Gresik,-,-,-,-,-,-,,
https://www.tokopedia.com/bonggolan-sidayu-gresik/kerupuk-ikan-laut-bentuk-kepang-khas-sidayu-gresik-500-gr-isi-25-pcs-free-packing-bubble-wrap-halal-1734541224869004723,Rp 30.000,-,Kab. Gresik,-,-,-,-,-,-,,
https://www.tokopedia.com/bss-crackers-gresik,"BSS CRACKERS GRESIK
Kab. Gresik
Lihat Toko",-,Kab. Gresik,-,-,-,-,-,-,,
https://www.tokopedia.com/bss-crackers-gresik/kriping-singkong-pedas-lebih-renyah-dan-gurih-1734202036388594950,Rp 9.000,-,Kab. Gresik,-,-,-,-,-,-,,
https://www.tokopedia.com/bss-crackers-gresik/kerupuk-mawar-rasa-ikan-kemasan-500-gram-1734160002183038214,Rp 17.000,-,Kab. Gresik,-,-,-,-,-,-,,
https://www.tokopedia.com/bss-crackers-gresik/kerupuk-udang-bss-crackers-1734153162443687174,Rp 35.000,-,Kab. Gresik,-,-,-,-,-,-,,
https://www.tokopedia.com/ikan-asin-gresik,"IKAN ASIN GRESIK
Kab. Gresik
Lihat Toko",-,Kab. Gresik,-,-,-,-,-,-,,
https://www.tokopedia.com/ikan-asin-gresik/peda-merah-ikan-asin-gresik-peda-merah-jumbo-gurih-asin-kemasan-500gram-produksi-sejak-1988-1732608515664086757,Rp 18.599,-,Kab. Gresik,-,-,-,-,-,-,,
https://www.tokopedia.com/ikan-asin-gresik/ikan-asin-gresik-ikan-buntal-laut-belah-asin-gurih-aman-dikonsumsi-berat-500-gram-1732608034089699045,Rp 10.880,-,Kab. Gresik,-,-,-,-,-,-,,
https://www.tokopedia.com/ikan-asin-gresik/ikan-asin-gresik-cumi-asin-jumbo-mix-bertelur-cumi-besar-asin-mix-cumi-bertelur-berat-500gram-1732608748966217445,Rp 26.114,-,Kab. Gresik,-,-,-,-,-,-,,
https://www.tokopedia.com/bahagia-pigura-gresik,"BAHAGIA PIGURA GRESIK
Kab. Gresik
Lihat Toko",-,Kab. Gresik,-,-,-,-,-,-,,
https://www.tokopedia.com/bahagia-pigura-gresik/pigora-ukuran-10-r-untuk-foto-dan-lukisan-1729775302251021891,Rp 18.000,-,Kab. Gresik,-,-,-,-,-,-,,
https://www.tokopedia.com/mkskin-gresik8,"MKSKIN GRESIK8
Kab. Gresik
Lihat Toko",-,Kab. Gresik,-,-,-,-,-,-,,
https://www.tokopedia.com/mkskin-gresik8/ready-ecer-mk-skin-facial-wash-1731302695016039784,Rp 5.000,-,Kab. Gresik,-,-,-,-,-,-,,
https://www.tokopedia.com/mkskin-gresik8/mk-skin-ecer-essence-toner-all-varian-1731717465886524776,Rp 21.500,-,Kab. Gresik,-,-,-,-,-,-,,
https://www.tokopedia.com/mkskin-gresik8/mk-skin-paket-bundling-essence-toner-whitening-night-cream-1731836144295249256,Rp 104.000,-,Kab. Gresik,-,-,-,-,-,-,,
https://www.tokopedia.com/aulia-fashion-dan-jh-gresik,"Aulia Fashion dan JH Gresik
Kab. Gresik
Lihat Toko",-,Kab. Gresik,-,-,-,-,-,-,,
https://www.tokopedia.com/aulia-fashion-dan-jh-gresik/set-gamis-ivana-lavender-lime-1729713312101337646,Rp 539.000,-,Kab. Gresik,-,-,-,-,-,-,,
https://www.tokopedia.com/aulia-fashion-dan-jh-gresik/sarimbit-kalingga-by-zameera-1735810314424911406-1735811792998532654,Rp 229.000,-,Kab. Gresik,-,-,-,-,-,-,,
https://www.tokopedia.com/aulia-fashion-dan-jh-gresik/set-gamis-arisha-turkish-by-aulia-fashion-1729575909063363118,Rp 349.000,-,Kab. Gresik,-,-,-,-,-,-,,
https://www.tokopedia.com/journey-gresik,"Journey Gresik
Kab. Gresik
Lihat Toko",-,Kab. Gresik,-,-,-,-,-,-,,
https://www.tokopedia.com/journey-gresik/mella-dress-gamis-terbaru-model-simple-dengan-aksen-belt-bahan-nyaman-dan-adem-cocok-untuk-aktivitas-sehari-hari-1733251146151265368,Rp 150.000,-,Kab. Gresik,-,-,-,-,-,-,,
https://www.tokopedia.com/journey-gresik/jilbab-journey-series-lawasan-1729669355470162008,Rp 100.000,-,Kab. Gresik,-,-,-,-,-,-,,
https://www.tokopedia.com/journey-gresik/jilbab-journey-aluna-series-1729612077761988696,Rp 89.000,-,Kab. Gresik,-,-,-,-,-,-,,
https://www.tokopedia.com/towing-gresik-surabaya,"TOWING GRESIK SURABAYA
Kab. Gresik
Lihat Toko",-,Kab. Gresik,-,-,-,-,-,-,,
https://www.tokopedia.com/klinik-semen-gresik,"Klinik Semen Gresik
Kab. Gresik
Lihat Toko",-,Kab. Gresik,-,-,-,-,-,-,,
https://www.tokopedia.com/klinik-semen-gresik/neurosanbe-plus-tab-kapsul-film-coated-dengan-vitamin-b1-b6-b12-methampyron-50mg-100mg-500mg-1735336458200843659,Rp 31.610,-,Kab. Gresik,-,-,-,-,-,-,,
https://www.tokopedia.com/klinik-semen-gresik/caviplex-produk-kesehatan-berkualitas-tinggi-untuk-kesehatan-anda-1735260245865891211,Rp 23.370,-,Kab. Gresik,-,-,-,-,-,-,,
https://www.tokopedia.com/klinik-semen-gresik/neurosanbe-vitamin-nerotropik-1735336458718643595,Rp 31.480,-,Kab. Gresik,-,-,-,-,-,-,,
https://www.tokopedia.com/skincare-bpom-menganti-gresik,"Skincare BPOM Menganti Gresik
Kab. Gresik
Lihat Toko",-,Kab. Gresik,-,-,-,-,-,-,,
https://www.tokopedia.com/skincare-bpom-menganti-gresik/kemasan-baru-can-be-handsome-sabun-cowok-pria-laki-laki-gentle-foam-menyou-face-wash-berminyak-1729666054898288306,Rp 26.999,-,Kab. Gresik,-,-,-,-,-,-,,
https://www.tokopedia.com/skincare-bpom-menganti-gresik/can-beauty-lipcream-bpom-anti-crack-anti-luntur-lipstick-1729607062628698802,Rp 44.000,-,Kab. Gresik,-,-,-,-,-,-,,
https://www.tokopedia.com/skincare-bpom-menganti-gresik/can-beauty-acne-spot-lotion-1729607057307699890,Rp 60.500,-,Kab. Gresik,-,-,-,-,-,-,,
https://www.tokopedia.com/bilqiscctv,"Bilqis Cctv Gresik
Kab. Gresik
Lihat Toko",-,Kab. Gresik,-,-,-,-,-,-,,
https://www.tokopedia.com/bilqiscctv/sari-rempah-oil,Rp 35.000,-,Kab. Gresik,-,-,-,-,-,-,,
https://www.tokopedia.com/bilqiscctv/freshcare-10-citrus-f3023,Rp 13.000,-,Kab. Gresik,-,-,-,-,-,-,,
https://www.tokopedia.com/ralz-warehouse-gresik,"Ralz Warehouse Gresik
Surabaya
Lihat Toko",-,Kab. Gresik,-,-,-,-,-,-,,
https://www.tokopedia.com/ralz-warehouse-gresik/iphone-17-256gb-512gb-bnib-resmi-indonesia-1734460085985576328,Rp 17.600.000,-,Kab. Gresik,-,-,-,-,-,-,,
https://www.tokopedia.com/toko-bumbu-gresik,"Toko Bumbu Gresik
Kab. Gresik
Lihat Toko",-,Kab. Gresik,-,-,-,-,-,-,,
https://www.tokopedia.com/toko-bumbu-gresik/desaku-ketumbar-bubuk-murni-renceng-12-pcs-1732068110458914005,Rp 13.300,-,Kab. Gresik,-,-,-,-,-,-,,
https://www.tokopedia.com/toko-bumbu-gresik/desaku-bumbu-marinasi-tempe-ikan-ayam-renceng-12-pcs-1732068188400551125,Rp 13.200,-,Kab. Gresik,-,-,-,-,-,-,,
https://www.tokopedia.com/toko-bumbu-gresik/ladaku-merica-bubuk-renceng-12-pcs-x-2-5-gram-1732067946437379285,Rp 12.850,-,Kab. Gresik,-,-,-,-,-,-,,
https://www.tokopedia.com/moezza-shop-gresik,"Moezza Shop Gresik
Kab. Gresik
Lihat Toko",-,Kab. Gresik,-,-,-,-,-,-,,
https://www.tokopedia.com/moezza-shop-gresik/gamis-casual-kaos-adem-lengan-panjang-polos-muslim-wanita-1730003329850968710,Rp 150.000,-,Kab. Gresik,-,-,-,-,-,-,,
https://www.tokopedia.com/moezza-shop-gresik/daster-serba-30-000an-motif-pita-cantik-bahan-nyaman-untuk-santai-dan-tidur-1733324576307447430,Rp 39.999,-,Kab. Gresik,-,-,-,-,-,-,,
https://www.tokopedia.com/moezza-shop-gresik/gamis-satu-set-hijab-terbaru-1730000142622493318,Rp 330.000,-,Kab. Gresik,-,-,-,-,-,-,,
https://www.tokopedia.com/sembako-gresik-jatim-murah,"Sembako Gresik Jatim Murah
Kab. Gresik
Lihat Toko",-,Kab. Gresik,-,-,-,-,-,-,,
https://www.tokopedia.com/sembako-gresik-jatim-murah/sabun-sunlight-pencuci-piring-650ml-jatim-gresik-1729742944689227048,Rp 15.000,-,Kab. Gresik,-,-,-,-,-,-,,
https://www.tokopedia.com/sembako-gresik-jatim-murah/gula-kristal-putih-rose-brand-kuning-1-kg-dari-tebu-berkualitas-1729736869710431528,Rp 25.000,-,Kab. Gresik,-,-,-,-,-,-,,
https://www.tokopedia.com/sembako-gresik-jatim-murah/soklin-pewangi-berat-800ml-1729995957365081384,Rp 15.000,-,Kab. Gresik,-,-,-,-,-,-,,
https://www.tokopedia.com/sari-roti-gresik-jatim,"SARI ROTI GRESIK JATIM
Kab. Gresik
Lihat Toko",-,Kab. Gresik,-,-,-,-,-,-,,
https://www.tokopedia.com/masht-al/roti-tawar-jumbo-sari-roti-spesial-15-lembar-lembut-dan-bernutrisi-cocok-untuk-dipanggang-atau-dikreasikan-snacks-cookies-food-1731149886586913874,Rp 25.500,-,Kab. Gresik,-,-,-,-,-,-,,
https://www.tokopedia.com/masht-al/roti-tawar-spesial-sari-isi-10slice-dengan-nutrisi-baik-untuk-keluarga-food-snacks-makanan-cookies-1731149831182320722,Rp 20.000,-,Kab. Gresik,-,-,-,-,-,-,,
https://www.tokopedia.com/masht-al/roti-sobek-cokelat-roti-sobek-lembut-dengan-isi-cokelat-blast-dari-sari-roti-1731209207063479378,Rp 23.000,-,Kab. Gresik,-,-,-,-,-,-,,
https://www.tokopedia.com/risol-gresik,"Risol gresik
Kab. Gresik
Lihat Toko",-,Kab. Gresik,-,-,-,-,-,-,,
https://www.tokopedia.com/may-hijab-gresik,"May Hijab Gresik
Kab. Gresik
Lihat Toko",-,Kab. Gresik,-,-,-,-,-,-,,
https://www.tokopedia.com/may-hijab-gresik/hijab-voal-mumer-dusty-pink-1729985412617505768,Rp 29.500,-,Kab. Gresik,-,-,-,-,-,-,,
https://www.tokopedia.com/may-hijab-gresik/hijab-voal-coksu-santai-bisnis-sore-hari-1729981545043364840,Rp 30.000,-,Kab. Gresik,-,-,-,-,-,-,,
https://www.tokopedia.com/grosirherbalgresik,"grosir susu gresik
Kab. Gresik
Lihat Toko",-,Kab. Gresik,-,-,-,-,-,-,,
https://www.tokopedia.com/grosirherbalgresik/paket-hemat-milkcow-isi-2-susu-sapi-penggemuk-badan-1kg-vanilla-2-07ec5,Rp 80.990,-,Kab. Gresik,-,-,-,-,-,-,,
https://www.tokopedia.com/grosirherbalgresik/promo-the-best-milkcow-susu-gemuk-sehat-ampuh-100-susu-sapi-asli-vanila,Rp 45.000,-,Kab. Gresik,-,-,-,-,-,-,,
https://www.tokopedia.com/grosirherbalgresik/milhcow-susu-gemuk-milkcow-paket-isi-3-box-membantu-pertumbuhan-anak-hemat-praktis-bubuk-dairy-1735637541029447057-1735637661142517137,Rp 113.990,-,Kab. Gresik,-,-,-,-,-,-,,
https://www.tokopedia.com/kedai-app-gresik,"KEDAI APP GRESIK
Kab. Gresik
Lihat Toko",-,Kab. Gresik,-,-,-,-,-,-,,
https://www.tokopedia.com/kedai-app-gresik/dimsum-keju-crot-frozen-isi-4-free-sauce-bangkok-1733550374763660845,Rp 25.300,-,Kab. Gresik,-,-,-,-,-,-,,
https://www.tokopedia.com/kedai-app-gresik/dress-kondangan-halus-bahan-tipis-dingin-1732665230969046573,Rp 1.090.000,-,Kab. Gresik,-,-,-,-,-,-,,
https://www.tokopedia.com/kedai-app-gresik/cireng-isi-ayam-usus-keju-dan-bakso-1733401865028077101,Rp 20.000,-,Kab. Gresik,-,-,-,-,-,-,,
https://www.tokopedia.com/gresiklur,"Gresiklur
Kab. Gresik
Lihat Toko",-,Kab. Gresik,-,-,-,-,-,-,,
https://www.tokopedia.com/at-phone-gresik,"At phone Gresik
Kab. Gresik
Lihat Toko",-,Kab. Gresik,-,-,-,-,-,-,,
https://www.tokopedia.com/at-phone-gresik/redmi-15c-ram-6-128gb-8-256gb-ponsel-canggih-dengan-kapasitas-memori-besar-untuk-penggunaan-harian-1735292880571958609,Rp 2.149.000,-,Kab. Gresik,-,-,-,-,-,-,,
https://www.tokopedia.com/at-phone-gresik/samsung-galaxy-a07-bergaransi-resmi-ponsel-dengan-kamera-belakang-ganda-dan-desain-elegan-1735293298420909393,Rp 1.650.000,-,Kab. Gresik,-,-,-,-,-,-,,
https://www.tokopedia.com/at-phone-gresik/xiaomi-redmi-15c-baru-ram-12gb-rom-128gb-baterai-6000mah-nfc-5g-33w-pengisian-cepat-6-9-120hz-refresh-rate-1735293203925140817,Rp 2.350.000,-,Kab. Gresik,-,-,-,-,-,-,,
https://www.tokopedia.com/spesialis-mesin-gresik-shop,"Spesialis Mesin Gresik Shop
Kab. Gresik
Lihat Toko",-,Kab. Gresik,-,-,-,-,-,-,,
https://www.tokopedia.com/spesialis-mesin-gresik-shop/spesialis-mesin-gresik-mesin-roasting-kopi-lengkap-pendingin-kapasitas-1kg-50kg-untuk-roasting-kopi-profesional-dengan-fitur-pendingin-1733925540457973633,Rp 15.500.000,-,Kab. Gresik,-,-,-,-,-,-,,
https://www.tokopedia.com/spesialis-mesin-gresik-shop/mesin-roasting-kopi-kapasitas-3kg-dengan-desain-modern-dan-kontrol-mudah-untuk-penggunaan-harian-1733925591907665793,Rp 14.500.000,-,Kab. Gresik,-,-,-,-,-,-,,
https://www.tokopedia.com/raya-kosmetik-gresik,"Raya Kosmetik Gresik
Kab. Gresik
Lihat Toko",-,Kab. Gresik,-,-,-,-,-,-,,
https://www.tokopedia.com/raya-kosmetik-gresik/amigurumi-keychan-duck-lucu-produk-unik-cocok-untuk-koleksi-atau-hadiah-amigurumi-lucu-dan-menarik-keychain-1734677486430291247,Rp 30.000,-,Kab. Gresik,-,-,-,-,-,-,,
https://www.tokopedia.com/raya-kosmetik-gresik/monkey-gantungan-kunci-amigurumi-1734972116194985263,Rp 30.000,-,Kab. Gresik,-,-,-,-,-,-,,
https://www.tokopedia.com/raya-kosmetik-gresik/tulip-gantungan-kunci-tas-1735026678798320943,Rp 16.500,-,Kab. Gresik,-,-,-,-,-,-,,
https://www.tokopedia.com/almaz-fried-chicken-gresik,"Almaz Fried Chicken Gresik
Kab. Gresik
Lihat Toko",-,Kab. Gresik,-,-,-,-,-,-,,
https://www.tokopedia.com/almaz-fried-chicken-gresik/emir-set-produk-terbaru-dari-kami-1733574258289182421,Rp 999.999.999,-,Kab. Gresik,-,-,-,-,-,-,,
https://www.tokopedia.com/produsen-sabun-murah-gresik,"Produsen sabun murah gresik
Kab. Gresik
Lihat Toko",-,Kab. Gresik,-,-,-,-,-,-,,
https://www.tokopedia.com/produsen-sabun-murah-gresik/sunwozzz-pembersih-lantai-extra-lavender-apel-jeruk-1000ml-produk-pembersih-lantai-berkualitas-tinggi-1736204749324715294,Rp 17.999,-,Kab. Gresik,-,-,-,-,-,-,,
https://www.tokopedia.com/produsen-sabun-murah-gresik/sunwozz-pembersih-kaca-1000ml-cairan-pembersih-kaca-berkualitas-tinggi-untuk-rumah-dan-kantor-1736220747065623838,Rp 16.999,-,Kab. Gresik,-,-,-,-,-,-,,
https://www.tokopedia.com/produsen-sabun-murah-gresik/sunwozz-detergent-cair-1000ml-deterjen-cair-wangi-tahan-lama-pembersih-pakaian-anti-bau-apek-1736106297054627102,Rp 17.999,-,Kab. Gresik,-,-,-,-,-,-,,
https://www.tokopedia.com/rumah-kado-gresik,"rumah kado Gresik
Kab. Gresik
Lihat Toko",-,Kab. Gresik,-,-,-,-,-,-,,
https://www.tokopedia.com/rumah-kado-gresik/buket-bunga-wisuda-murah-area-gresik-1730166515637912752,Rp 65.000,-,Kab. Gresik,-,-,-,-,-,-,,
https://www.tokopedia.com/cireng-bunda-gresik,"Cireng Bunda Gresik
Kab. Bojonegoro
Lihat Toko",-,Kab. Gresik,-,-,-,-,-,-,,
https://www.tokopedia.com/maharani-store-gresik,"Maharani Store Gresik
Kab. Gresik
Lihat Toko",-,Kab. Gresik,-,-,-,-,-,-,,
https://www.tokopedia.com/maharani-store-gresik/omg-lip-kiss-lip-cream-omg-matte-last-lip-cream-vinyl-lip-gloss-1731644858207929646,Rp 25.500,-,Kab. Gresik,-,-,-,-,-,-,,
https://www.tokopedia.com/maharani-store-gresik/esenses-waterproof-mascara-8ml-longlasting-essense-maskara-beauty-booth-beautybooth-1731644160786007342,Rp 25.000,-,Kab. Gresik,-,-,-,-,-,-,,
https://www.tokopedia.com/maharani-store-gresik/bnb-barenbliss-bloomatte-perfect-zoom-cover-cushion-15g-16h-flawless-matte-1731871568484271406,Rp 149.999,-,Kab. Gresik,-,-,-,-,-,-,,
https://www.tokopedia.com/al-ibad-gresik,"Al Ibad Gresik
Kab. Gresik
Lihat Toko",-,Kab. Gresik,-,-,-,-,-,-,,
https://www.tokopedia.com/al-ibad-gresik/sarung-lamiri-jentik-sutra-1729658260289390052,Rp 455.000,-,Kab. Gresik,-,-,-,-,-,-,,
https://www.tokopedia.com/al-ibad-gresik/sarung-lamiri-sge-sutra-s90-tenun-songket-1734433777203774948,Rp 960.000,-,Kab. Gresik,-,-,-,-,-,-,,
https://www.tokopedia.com/al-ibad-gresik/sarung-bhs-motif-jadoel-kdt-sutra-sarung-gus-iqdam-1729745456785163748,Rp 1.020.000,-,Kab. Gresik,-,-,-,-,-,-,,
https://www.tokopedia.com/instore-gresik,"INStore Gresik
Kab. Gresik
Lihat Toko",-,Kab. Gresik,-,-,-,-,-,-,,
https://www.tokopedia.com/instore-gresik/mamypoko-x-tra-kering-nbs44-s38-m32-l28-xl26-dan-xxl24-1730888485543839707,Rp 59.990,-,Kab. Gresik,-,-,-,-,-,-,,
https://www.tokopedia.com/instore-gresik/my-baby-minyak-telon-150ml-1731007447863625691,Rp 35.990,-,Kab. Gresik,-,-,-,-,-,-,,
https://www.tokopedia.com/instore-gresik/mamypoko-x-tra-kering-s56-m48-l42-xl38-dan-xxl34-1730955128574478299,Rp 74.990,-,Kab. Gresik,-,-,-,-,-,-,,
https://www.tokopedia.com/sari-tani-gresik,"SARI TANI GRESIK
Kab. Gresik
Lihat Toko",-,Kab. Gresik,-,-,-,-,-,-,,
https://www.tokopedia.com/sari-tani-gresik/herbisida-bravotop-555sl-1-liter-100-ampuh-untuk-pengendalian-rumput-dan-tanaman-1734315027439257382,Rp 70.000,-,Kab. Gresik,-,-,-,-,-,-,,
https://www.tokopedia.com/sari-tani-gresik/gibgro-panen-20-sp-kemasan-1gr-1-kotak-isi-40-biji-nufarm-zat-pengatur-tumbuh-bahan-aktif-asam-giberelat-20-1734153054009001766,Rp 12.580,-,Kab. Gresik,-,-,-,-,-,-,,
https://www.tokopedia.com/sari-tani-gresik/meto-490-sl-pestisida-berkualitas-tinggi-1734314803358828326,Rp 62.500,-,Kab. Gresik,-,-,-,-,-,-,,
https://www.tokopedia.com/saritani-gresik,"SARITANI GRESIK
Kab. Gresik
Lihat Toko",-,Kab. Gresik,-,-,-,-,-,-,,
https://www.tokopedia.com/saritani-gresik/gibgro-panen-20-sp-kemasan-1gr-1-kotak-isi-40-biji-nufarm-zat-pengatur-tumbuh-bahan-aktif-asam-giberelat-20-1732677170489885816,Rp 45.550,-,Kab. Gresik,-,-,-,-,-,-,,
https://www.tokopedia.com/saritani-gresik/filia-525se-fungisida-untuk-mengendalikan-jamur-pada-tanaman-padi-dan-bawang-merah-50ml-250ml-1731238857342485624,Rp 39.500,-,Kab. Gresik,-,-,-,-,-,-,,
https://www.tokopedia.com/saritani-gresik/insektisida-sumo-50ec-80ml-250ml-500ml-1731240165375771768,Rp 41.050,-,Kab. Gresik,-,-,-,-,-,-,,
https://www.tokopedia.com/seply-store-gresik,"Seply Store Gresik
Kab. Gresik
Lihat Toko",-,Kab. Gresik,-,-,-,-,-,-,,
https://www.tokopedia.com/seply-store-gresik/seply-gamis-wanita-muslimah-variasi-meyra-274-1729727948543985360,Rp 249.900,-,Kab. Gresik,-,-,-,-,-,-,,
https://www.tokopedia.com/seply-store-gresik/seply-gamis-wanita-muslimah-variasi-meyra-205-1729731603679119056,Rp 249.900,-,Kab. Gresik,-,-,-,-,-,-,,
https://www.tokopedia.com/seply-store-gresik/seply-atasan-tunik-wanita-muslimah-variasi-sasha-05-1729734441591801552,Rp 169.900,-,Kab. Gresik,-,-,-,-,-,-,,
https://www.tokopedia.com/keranjang-taki-gresik,"Keranjang Taki gresik
Kab. Gresik
Lihat Toko",-,Kab. Gresik,-,-,-,-,-,-,,
https://www.tokopedia.com/kaosan-gresik,"Kaosan Gresik
Kab. Gresik
Lihat Toko",-,Kab. Gresik,-,-,-,-,-,-,,
https://www.tokopedia.com/kaosan-gresik/kaosan-kaos-polos-pria-dan-wanita-lengan-pendek-cotton-combed-24s-1737297355741366068-1737297441545815860,Rp 52.460,-,Kab. Gresik,-,-,-,-,-,-,,
https://www.tokopedia.com/zahra-store-gresik,"zahra store gresik
Kab. Gresik
Lihat Toko",-,Kab. Gresik,-,-,-,-,-,-,,
https://www.tokopedia.com/zahra-store-gresik/zwitsal-gift-box-perlengkapan-bayi-1730391961890948147,Rp 121.999,-,Kab. Gresik,-,-,-,-,-,-,,
https://www.tokopedia.com/zahra-store-gresik/setelan-celana-fullprint-junior-anak-1730844397116556339,Rp 65.000,-,Kab. Gresik,-,-,-,-,-,-,,
https://www.tokopedia.com/zahra-store-gresik/aron-tuxedo-baby-6-12-bulan-1730394455750313011,Rp 67.000,-,Kab. Gresik,-,-,-,-,-,-,,
https://www.tokopedia.com/gresik-jaya-berkah,"Gresik Jaya Berkah
Kab. Gresik
Lihat Toko",-,Kab. Gresik,-,-,-,-,-,-,,
https://www.tokopedia.com/sukun-gresik,"SUKUN GRESIK
Kab. Gresik
Lihat Toko",-,Kab. Gresik,-,-,-,-,-,-,,
https://www.tokopedia.com/sukun-gresik/sukun-fresh-1736665621565966222-1736666331198621582,Rp 18.458,-,Kab. Gresik,-,-,-,-,-,-,,
https://www.tokopedia.com/aditya1407,"aditya gresik comp
Kab. Gresik
Lihat Toko",-,Kab. Gresik,-,-,-,-,-,-,,
https://www.tokopedia.com/aditya1407/gigabyte-ssd-nvme-128gb-normal-untuk-laptop-1735226339383085041,Rp 400.000,-,Kab. Gresik,-,-,-,-,-,-,,
https://www.tokopedia.com/aditya1407/lock-nut-3-4-inch-rsc-hdg-untuk-conduit-type-g,Rp 11.080,-,Kab. Gresik,-,-,-,-,-,-,,
https://www.tokopedia.com/dyn-clothingline-gresik,"DYN CLOTHINGLINE GRESIK
Kab. Gresik
Lihat Toko",-,Kab. Gresik,-,-,-,-,-,-,,
https://www.tokopedia.com/dyn-clothingline-gresik/dyn-clothingline-ophelia-dress-plisket-motif-premium-silk-1734505438284579901,Rp 460.000,-,Kab. Gresik,-,-,-,-,-,-,,
https://www.tokopedia.com/dyn-clothingline-gresik/dyn-clothingline-sheila-dress-1734236858786546749,Rp 495.000,-,Kab. Gresik,-,-,-,-,-,-,,
https://www.tokopedia.com/dyn-clothingline-gresik/dyn-clothingline-aysara-dress-free-scarf-1734653631444190269-1734653634651063357,Rp 555.000,-,Kab. Gresik,-,-,-,-,-,-,,
https://www.tokopedia.com/kokopediagresik,"Kokopedia Gresik
Kab. Gresik
Lihat Toko",-,Kab. Gresik,-,-,-,-,-,-,,
https://www.tokopedia.com/kokopediagresik/stample-stempel-tanggal-trodat-4810,Rp 75.000,-,Kab. Gresik,-,-,-,-,-,-,,
https://www.tokopedia.com/kokopediagresik/kertas-foto-high-glossy-photo-papper,Rp 24.000,-,Kab. Gresik,-,-,-,-,-,-,,
https://www.tokopedia.com/kokopediagresik/amplop-perekat-peel-seal-j-plus-90,Rp 17.000,-,Kab. Gresik,-,-,-,-,-,-,,
https://www.tokopedia.com/amplop-lebaran-gresik,"Amplop Lebaran Gresik
Kab. Gresik
Lihat Toko",-,Kab. Gresik,-,-,-,-,-,-,,
https://www.tokopedia.com/amplop-lebaran-gresik/gable-box-box-hampers-idul-fitri-lucu-aesthethic-tebal-1730773930811754272,Rp 2.850,-,Kab. Gresik,-,-,-,-,-,-,,
https://www.tokopedia.com/amplop-lebaran-gresik/isi-10-amplop-3d-natal-2025-tebal-aesthethic-premium-1733026254525138720,Rp 4.500,-,Kab. Gresik,-,-,-,-,-,-,,
https://www.tokopedia.com/amplop-lebaran-gresik/isi-10-amplop-lebaran-3d-gemes-lucu-muslim-kue-aesthetic-2026-1733026338045593376,Rp 4.500,-,Kab. Gresik,-,-,-,-,-,-,,
https://www.tokopedia.com/moacell,"Moa Cell Gresik
Kab. Gresik
Lihat Toko",-,Kab. Gresik,-,-,-,-,-,-,,
https://www.tokopedia.com/moacell/samsung-a04-4-64,Rp 1.700.000,-,Kab. Gresik,-,-,-,-,-,-,,
https://www.tokopedia.com/moacell/samsung-s21-ultra-12-256gb-sein,Rp 10.000.000,-,Kab. Gresik,-,-,-,-,-,-,,
https://www.tokopedia.com/moacell/realme-buds-classic-original-resmi,Rp 250.000,-,Kab. Gresik,-,-,-,-,-,-,,
https://www.tokopedia.com/dapur-hemat-store-gresik,"Dapur Hemat Store Gresik
Lihat Toko",-,Kab. Gresik,-,-,-,-,-,-,,
https://www.tokopedia.com/berkah-metalindo-gresik,"BERKAH METALINDO Gresik
Lihat Toko",-,Kab. Gresik,-,-,-,-,-,-,,
https://www.tokopedia.com/melani-store-gresik,"Melani store gresik
Kab. Gresik
Lihat Toko",-,Kab. Gresik,-,-,-,-,-,-,,
https://www.tokopedia.com/melani-store-gresik/scrafr-only-by-arma-scraft-1729784876469355702,Rp 33.000,-,Kab. Gresik,-,-,-,-,-,-,,
https://www.tokopedia.com/melani-store-gresik/glowingin-skincare-180k-get-5-item-1730238190206026934,Rp 180.000,-,Kab. Gresik,-,-,-,-,-,-,,
https://www.tokopedia.com/melani-store-gresik/abrina-dress-by-dinar-daily-1729789836830606518,Rp 125.000,-,Kab. Gresik,-,-,-,-,-,-,,
https://www.tokopedia.com/tobelo-gresik-sepatu--sandal,"TOBELO GRESIK SEPATU & SANDAL
Kab. Gresik
Lihat Toko",-,Kab. Gresik,-,-,-,-,-,-,,
https://www.tokopedia.com/tobelo-gresik-sepatu--sandal/sandal-jepit-kasogi-model-jempol-untuk-pria-dan-wanita-1730277076024264298,Rp 85.000,-,Kab. Gresik,-,-,-,-,-,-,,
https://www.tokopedia.com/tobelo-gresik-sepatu--sandal/selop-pakalolo-kulit-asli-model-terbaru-1734464195720742506,Rp 480.000,-,Kab. Gresik,-,-,-,-,-,-,,
https://www.tokopedia.com/tobelo-gresik-sepatu--sandal/sandal-asisa-turki-ringan-di-pakai-1730491446513927786,Rp 70.000,-,Kab. Gresik,-,-,-,-,-,-,,
https://www.tokopedia.com/apotek-apb-gresik,"Apotek APB Gresik
Kab. Gresik
Lihat Toko",-,Kab. Gresik,-,-,-,-,-,-,,
https://www.tokopedia.com/apotek-apb-gresik/oxyvit-vitamin-daya-tahan-tubuh-dan-mata-1729563734652716615,Rp 19.400,-,Kab. Gresik,-,-,-,-,-,-,,
https://www.tokopedia.com/apotek-apb-gresik/natureline-vitamin-d3-anak-peninggi-badan-1729573358579910215,Rp 145.500,-,Kab. Gresik,-,-,-,-,-,-,,
https://www.tokopedia.com/apotek-apb-gresik/herbakof-sirup-batuk-dengan-bahan-herbal-alami-60-ml-1729726962630624839,Rp 27.000,-,Kab. Gresik,-,-,-,-,-,-,,
https://www.tokopedia.com/oleh-oleh-umroh-haji-gresik,"Oleh Oleh Umroh Haji Gresik
Kab. Gresik
Lihat Toko",-,Kab. Gresik,-,-,-,-,-,-,,
https://www.tokopedia.com/mf-aluminium-gresik,"Mf aluminium gresik
Kab. Gresik
Lihat Toko",-,Kab. Gresik,-,-,-,-,-,-,,
https://www.tokopedia.com/mf-aluminium-gresik/lemari-baju-aluminium-dan-acp-1735770295362160276,Rp 5.000.000,-,Kab. Gresik,-,-,-,-,-,-,,
https://www.tokopedia.com/gresikcasual,"Gresik Casual_NEW
Kab. Gresik
Lihat Toko",-,Kab. Gresik,-,-,-,-,-,-,,
https://www.tokopedia.com/gresikcasual/adidas-warszawa-spzl-original-100-bnibwt-1734419785850062264,Rp 8.250.000,-,Kab. Gresik,-,-,-,-,-,-,,
https://www.tokopedia.com/gresikcasual/adidas-cp-manchester-spzl-manchester-x-c-p-company-1734418132983449016,Rp 6.500.000,-,Kab. Gresik,-,-,-,-,-,-,,
https://www.tokopedia.com/gresikcasual/adidas-london-96-core-black-original-39-a55d6,Rp 5.285.000,-,Kab. Gresik,-,-,-,-,-,-,,
https://www.tokopedia.com/discusgresik,"Discus Gresik
Kab. Gresik
Lihat Toko",-,Kab. Gresik,-,-,-,-,-,-,,
https://www.tokopedia.com/discusgresik/espresso-clear-aquair-pigment-hijau-bacteria-booster-bakteri-starter,Rp 15.000,-,Kab. Gresik,-,-,-,-,-,-,,
https://www.tokopedia.com/discusgresik/biaya-packing-kardus-extra,Rp 1.000,-,Kab. Gresik,-,-,-,-,-,-,,
https://www.tokopedia.com/discusgresik/evolution-evo-soil-platinum-media-tanam-soil-aquascape-akuarium,Rp 30.000,-,Kab. Gresik,-,-,-,-,-,-,,
https://www.tokopedia.com/muslim-gresik,"Muslim Gresik
Kab. Gresik
Lihat Toko",-,Kab. Gresik,-,-,-,-,-,-,,
https://www.tokopedia.com/muslim-gresik/melilea-greenfield-organic-minuman-serbuk-kedelai-apple-orchid-makanan-organik-nutrisi-lengkap-detoksifikasi-pemulihan-alami-kaya-sayuran-organik-20-macam-1731695600254617397,Rp 895.000,-,Kab. Gresik,-,-,-,-,-,-,,
https://www.tokopedia.com/muslim-gresik/bp-norway-berasal-ikan-salmon-halal-dr-laut-antartika-dan-di-proses-secara-higienis-1732129741994690357,Rp 250.000,-,Kab. Gresik,-,-,-,-,-,-,,
https://www.tokopedia.com/muslim-gresik/mr-finso-permainan-edukatif-yang-di-rancang-untuk-belajar-mengolah-uang-menabung-berinfestasi-menata-ekonomi-secara-syari-ah-1731696162026129205,Rp 275.000,-,Kab. Gresik,-,-,-,-,-,-,,
https://www.tokopedia.com/sarung-gresik99,"Sarung gresik99
Kab. Gresik
Lihat Toko",-,Kab. Gresik,-,-,-,-,-,-,,
https://www.tokopedia.com/sarung-gresik99/sarung-lamiri-tkd-original-songket-motif-dewasa-1729572556261786871,Rp 175.000,-,Kab. Gresik,-,-,-,-,-,-,,
https://www.tokopedia.com/sarung-gresik99/lamiri-sarung-tkb-original-pabrik-harga-murah-ori-tkb-031-motif-baru-kualitas-terbaik-1729606606636091639-1734594986856383735,Rp 135.000,-,Kab. Gresik,-,-,-,-,-,-,,
https://www.tokopedia.com/sarung-gresik99/lamiri-sarung-lamiri-original-songket-tsd-motif-songket-gunung-timbul-125x105-cm-elegan-berkelas-dengan-stempel-original-proses-mesin-tenun-premium-1734504008224507127,Rp 205.000,-,Kab. Gresik,-,-,-,-,-,-,,
https://www.tokopedia.com/tokobukuratu,"toko buku ratu murah gresik01
Kab. Gresik
Lihat Toko",-,Kab. Gresik,-,-,-,-,-,-,,
https://www.tokopedia.com/tokobukuratu/buku-plh-4-pendidikan-lingkungan-hidup-untuk-sd-mi-kelas-4-kurikulum-merdeka-1732855531471079020,Rp 75.000,-,Kab. Gresik,-,-,-,-,-,-,,
https://www.tokopedia.com/tokobukuratu/buku-mudah-membangun-toko-online-dengan-cms-prestashop,Rp 15.000,-,Kab. Gresik,-,-,-,-,-,-,,
https://www.tokopedia.com/tokobukuratu/buku-novel-the-false-prince,Rp 30.000,-,Kab. Gresik,-,-,-,-,-,-,,
https://www.tokopedia.com/grosir-kerupuk-gresik,"GROSIR KERUPUK GRESIK
Kab. Gresik
Lihat Toko",-,Kab. Gresik,-,-,-,-,-,-,,
https://www.tokopedia.com/grosir-kerupuk-gresik/kerupuk-ikan-payus-khas-gresik-500gr-1734667330335573465-1737512506164479449,Rp 24.700,-,Kab. Gresik,-,-,-,-,-,-,,
https://www.tokopedia.com/grosir-kerupuk-gresik/aneka-macam-kerupuk-siap-goreng-termurah-kualitas-no-1-1736561158347720153-1736561178974455257,Rp 18.700,-,Kab. Gresik,-,-,-,-,-,-,,
https://www.tokopedia.com/grosir-kerupuk-gresik/krupuk-ikan-payus-mentah-khas-gresik-500gr-kerupuk-goreng-food-toko-sahabat-1730269445936678361,Rp 15.400,-,Kab. Gresik,-,-,-,-,-,-,,
https://www.tokopedia.com/produsen-hijab-gresik,"Produsen Hijab Gresik
Kab. Gresik
Lihat Toko",-,Kab. Gresik,-,-,-,-,-,-,,
https://www.tokopedia.com/produsen-hijab-gresik/pasmina-ukuran-180-x-70-cm-1732599728385591039,Rp 23.310,-,Kab. Gresik,-,-,-,-,-,-,,
https://www.tokopedia.com/produsen-hijab-gresik/bergo-sport-s-bergo-olahraga-s-1730266237051438847,Rp 11.340,-,Kab. Gresik,-,-,-,-,-,-,,
https://www.tokopedia.com/produsen-hijab-gresik/bergo-sport-jumbo-bergo-instan-jumbo-1733169855108450047,Rp 31.525,-,Kab. Gresik,-,-,-,-,-,-,,
https://www.tokopedia.com/kado-pigura-custom-gresik,"Kado Pigura Custom Gresik
Kab. Gresik
Lihat Toko",-,Kab. Gresik,-,-,-,-,-,-,,
https://www.tokopedia.com/kado-pigura-custom-gresik/pigura-3d-kado-valentine-kado-pacar-kado-ayang-kado-anniversary-kado-ultah-kado-bestimu-foto-bisa-custom-1731789929201763999,Rp 119.200,-,Kab. Gresik,-,-,-,-,-,-,,
https://www.tokopedia.com/kado-pigura-custom-gresik/frame-3d-20x25-cm-love-kado-valentine-kado-anniversary-kado-ayang-kado-ultah-kado-kesayangan-kado-suami-kado-istri-1731459715971253919-1734700982487647903,Rp 125.000,-,Kab. Gresik,-,-,-,-,-,-,,
https://www.tokopedia.com/kado-pigura-custom-gresik/pigura-custom-frame-kado-valentine-kado-pacar-kado-ayang-kado-nikah-kado-ultah-kado-anniv-kado-wisuda-dll-angka-bisa-custom-1730334191928837791,Rp 125.000,-,Kab. Gresik,-,-,-,-,-,-,,
https://www.tokopedia.com/serbaneka-gresik,"Serbaneka Gresik
Kab. Gresik
Lihat Toko",-,Kab. Gresik,-,-,-,-,-,-,,
https://www.tokopedia.com/serbaneka-gresik/dapat-3-pcs-sabun-papaya-by-mamaya-70gr-original-1731418851272721758,Rp 25.000,-,Kab. Gresik,-,-,-,-,-,-,,
https://www.tokopedia.com/serbaneka-gresik/dapat-1-lusin-12-pcs-sabun-susu-collagen-by-ayu-sabun-mencerahkan-dan-memutihkan-kulit-1730924149486945630,Rp 25.000,-,Kab. Gresik,-,-,-,-,-,-,,
https://www.tokopedia.com/serbaneka-gresik/promo-sabun-susu-collagen-1-lusin-12-pcs-dan-6-pcs-original-bpom-1731032528044000606,Rp 13.000,-,Kab. Gresik,-,-,-,-,-,-,,
https://www.tokopedia.com/cvajm,"ajm gresik
Kab. Gresik
Lihat Toko",-,Kab. Gresik,-,-,-,-,-,-,,
https://www.tokopedia.com/cvajm/as-spider-mesin-electrolux-wf-12022,Rp 750.000,-,Kab. Gresik,-,-,-,-,-,-,,
https://www.tokopedia.com/cvajm/crospis-segitiga-drum-tipe-262-lux-electrolux,Rp 500.000,-,Kab. Gresik,-,-,-,-,-,-,,
https://www.tokopedia.com/cvajm/mineralight-air-minum-ph-tinggi-9-5-minuman-mineral-dengan-kadar-ph-9-5-plus-untuk-antioxidant-obat-alternatif-kesehatan-1731654371327378743,Rp 5.000,-,Kab. Gresik,-,-,-,-,-,-,,
https://www.tokopedia.com/afria-greenhouse-gresik,"Afria Greenhouse Gresik
Kab. Gresik
Lihat Toko",-,Kab. Gresik,-,-,-,-,-,-,,
https://www.tokopedia.com/afria-greenhouse-gresik/sekam-bakar-kulit-padi-yang-dibakar-media-tanam-organik-unggul-made-in-gresik-1732099119395735368,Rp 8.200,-,Kab. Gresik,-,-,-,-,-,-,,
https://www.tokopedia.com/afria-greenhouse-gresik/kompos-media-tanam-pupuk-organik-penyubur-tanaman-1731586002013947720,Rp 9.500,-,Kab. Gresik,-,-,-,-,-,-,,
https://www.tokopedia.com/afria-greenhouse-gresik/sirih-cina-tumpang-air-ketumpang-air-suruh-tumpang-air-tumpang-angin-suruhan-peperomia-pellucida-tanaman-herbal-1732000861487204168,Rp 20.800,-,Kab. Gresik,-,-,-,-,-,-,,
https://www.tokopedia.com/toko-susu-gresik,"Toko Susu Gresik
Kab. Gresik
Lihat Toko",-,Kab. Gresik,-,-,-,-,-,-,,
https://www.tokopedia.com/toko-susu-gresik/wyeth-nutrition-s-26-promise-gold-3-900gr-vanila-multilearn-connect-dha-omega-3-6-untuk-bayi-3-12-tahun-1736691921327064582,Rp 326.140,-,Kab. Gresik,-,-,-,-,-,-,,
https://www.tokopedia.com/toko-susu-gresik/wyeth-nutrition-s26-promil-ultima-dan-procal-ultima-multicare-system-a2-6-12-bulan-serta-1-3-tahun-850g-susu-bayi-berkualitas-tinggi-1736702903427827206-1736707784535148038,Rp 546.340,-,Kab. Gresik,-,-,-,-,-,-,,
https://www.tokopedia.com/toko-susu-gresik/wyeth-nutrition-s-26-procal-gold-susu-bayi-1-3-tahun-400g-900g-1-6kg-nutrisi-lengkap-1736701784486610438-1736707852944377350,Rp 377.482,-,Kab. Gresik,-,-,-,-,-,-,,
https://www.tokopedia.com/jawara-gresik,"Jawara Gresik
Kab. Gresik
Lihat Toko",-,Kab. Gresik,-,-,-,-,-,-,,
https://www.tokopedia.com/jawara-gresik/knalpot-tridente-f21-stryker-3tech-full-sistem-yamaha-vixion-1731546183650019039,Rp 1.500.000,-,Kab. Gresik,-,-,-,-,-,-,,
https://www.tokopedia.com/jawara-gresik/jok-set-touring-mbtech-nmax-old,Rp 500.000,-,Kab. Gresik,-,-,-,-,-,-,,
https://www.tokopedia.com/jawara-gresik/lenono-smartwatch-9,Rp 320.000,-,Kab. Gresik,-,-,-,-,-,-,,
https://www.tokopedia.com/sr12-gresik,"SR12 Gresik
Kab. Gresik
Lihat Toko",-,Kab. Gresik,-,-,-,-,-,-,,
https://www.tokopedia.com/sr12-gresik/minyak-goreng-sunco-2-liter-1730812659499107769,Rp 66.000,-,Kab. Gresik,-,-,-,-,-,-,,
https://www.tokopedia.com/sr12-gresik/minyak-telon-my-baby-60ml-1730812580122756537,Rp 20.800,-,Kab. Gresik,-,-,-,-,-,-,,
https://www.tokopedia.com/sr12-gresik/sabun-batang-lifebouy-70gr-isi-3pcs-1732186445930268089,Rp 15.500,-,Kab. Gresik,-,-,-,-,-,-,,
https://www.tokopedia.com/tatak-sport-gresik,"Tatak Sport Gresik
Kab. Gresik
Lihat Toko",-,Kab. Gresik,-,-,-,-,-,-,,
https://www.tokopedia.com/tatak-sport-gresik/sepatu-voli-karge-sindoro-white-pink-blue-sepatu-olahraga-untuk-pria-dan-wanita-comfortable-dan-stylish-ideal-untuk-voli-1737087486428677248,Rp 899.999,-,Kab. Gresik,-,-,-,-,-,-,,
https://www.tokopedia.com/tatak-sport-gresik/avo-knee-support-deker-avo-perekat-1737075038889608320,Rp 80.000,-,Kab. Gresik,-,-,-,-,-,-,,
https://www.tokopedia.com/tatak-sport-gresik/deker-lutut-lp-lubang-standard-knee-support-dengan-desain-open-patella-untuk-kesehatan-lutut-anda-1737075050152494208,Rp 330.000,-,Kab. Gresik,-,-,-,-,-,-,,
https://www.tokopedia.com/mitrabaharimarinegresik,"MITRA BAHARI MARINE GRESIK
Kab. Gresik
Lihat Toko",-,Kab. Gresik,-,-,-,-,-,-,,
https://www.tokopedia.com/mitrabaharimarinegresik/emergency-food-ration-makanan-darurat-untuk-sekoci-ransum-1730991289737315877,Rp 25.000,-,Kab. Gresik,-,-,-,-,-,-,,
https://www.tokopedia.com/mitrabaharimarinegresik/buku-catatan-minyak-jilid-i-oil-record-book-part-i-polos-273ee,Rp 220.000,-,Kab. Gresik,-,-,-,-,-,-,,
https://www.tokopedia.com/mitrabaharimarinegresik/buku-catatan-minyak-jilid-ii-oil-record-book-part-ii-polos-f7c79,Rp 220.000,-,Kab. Gresik,-,-,-,-,-,-,,
https://www.tokopedia.com/piranti-jaya-gresik,"Piranti Jaya Gresik
Kab. Gresik
Lihat Toko",-,Kab. Gresik,-,-,-,-,-,-,,
https://www.tokopedia.com/piranti-jaya-gresik/pj-cetok-galur-9999-navato-sendok-semen-1735265774647412017-1735267886904280369,Rp 76.710,-,Kab. Gresik,-,-,-,-,-,-,,
https://www.tokopedia.com/piranti-jaya-gresik/pj-tas-perkakas-shark-tas-paku-tukang-malaysia-tool-bag-shark-hijau-praktis-untuk-tukang-1736087447090922801,Rp 90.393,-,Kab. Gresik,-,-,-,-,-,-,,
https://www.tokopedia.com/piranti-jaya-gresik/pj-raskam-t-asuma-30cm-20cm-alat-plamir-acian-1730916146957354289,Rp 156.797,-,Kab. Gresik,-,-,-,-,-,-,,
https://www.tokopedia.com/press-on-nail-surabaya-gresik,"PRESS ON NAIL SURABAYA-GRESIK
Surabaya
Lihat Toko",-,Kab. Gresik,-,-,-,-,-,-,,
https://www.tokopedia.com/press-on-nail-surabaya-gresik/kembang-series-nails-by-nails-by-vz-press-on-nails-kuku-palsu-kuku-pasangan-nail-art-nail-polish-surabaya-gresik-1734066892788369044,Rp 79.989,-,Kab. Gresik,-,-,-,-,-,-,,
https://www.tokopedia.com/press-on-nail-surabaya-gresik/maldives-paradise-press-on-nails-kuku-palsu-nail-art-kuku-pasangan-1733059801471026836,Rp 71.989,-,Kab. Gresik,-,-,-,-,-,-,,
https://www.tokopedia.com/press-on-nail-surabaya-gresik/custom-design-press-on-nails-nails-by-vz-keranjang-art-kuku-palsu-1732604070203852436,Rp 90.400,-,Kab. Gresik,-,-,-,-,-,-,,
https://www.tokopedia.com/rumah-fashion-gresik,"RUMAH FASHION GRESIK
Kab. Gresik
Lihat Toko",-,Kab. Gresik,-,-,-,-,-,-,,
https://www.tokopedia.com/rumah-fashion-gresik/daster-fuji-premium-tunic-1736359323022296775-1736387356357330631,Rp 50.000,-,Kab. Gresik,-,-,-,-,-,-,,
https://www.tokopedia.com/rumah-fashion-gresik/daster-camelia-katun-twill-1736394202495682247-1736912811538220743,Rp 50.000,-,Kab. Gresik,-,-,-,-,-,-,,
https://www.tokopedia.com/rumah-fashion-gresik/daster-maura-bali-motif-bungah-1737222842001753799,Rp 90.000,-,Kab. Gresik,-,-,-,-,-,-,,
https://www.tokopedia.com/pusat-snack-gresik,"Pusat Snack Gresik
Kab. Gresik
Lihat Toko",-,Kab. Gresik,-,-,-,-,-,-,,
https://www.tokopedia.com/pusat-snack-gresik/cod-1kg-sereal-coklat-choco-crunch-1ball-sereal-food-1736398306697840631,Rp 37.899,-,Kab. Gresik,-,-,-,-,-,-,,
https://www.tokopedia.com/pusat-snack-gresik/cod-1kg-sotong-goreng-pedas-daun-jeruk-1736397978412681207,Rp 40.999,-,Kab. Gresik,-,-,-,-,-,-,,
https://www.tokopedia.com/pusat-snack-gresik/cod-cuanki-tahu-gepeng-isi-100-biji-toping-baso-aci-seblak-1736397891142846455,Rp 29.999,-,Kab. Gresik,-,-,-,-,-,-,,
https://www.tokopedia.com/rodalink-gresik,"rodalink gresik
Kab. Gresik
Lihat Toko",-,Kab. Gresik,-,-,-,-,-,-,,
https://www.tokopedia.com/rodalink-gresik/cyclo-comp-cat-eye-quick-saddle-cover-selle-royal-foam-r-lamp-entity-rl100-usb-h-grip-ritchey-wcs-ergo-lock-130mm-1729564580416882180,Rp 750.000,-,Kab. Gresik,-,-,-,-,-,-,,
https://www.tokopedia.com/rodalink-gresik/polygon-sepeda-balap-strattos-s2-2022-1729709640141473284,Rp 6.400.000,-,Kab. Gresik,-,-,-,-,-,-,,
https://www.tokopedia.com/rodalink-gresik/gloves-polygon-road-racler-ii-1729637000610612740,Rp 182.400,-,Kab. Gresik,-,-,-,-,-,-,,
https://www.tokopedia.com/gudang-tani-gresik,"Gudang tani gresik
Kab. Gresik
Lihat Toko",-,Kab. Gresik,-,-,-,-,-,-,,
https://www.tokopedia.com/gudang-tani-gresik/mesin-cabut-bulu-ayam-transmisi-gardan-mobil-tertutup-1736400059477820472-1736400650072065080,Rp 2.900.000,-,Kab. Gresik,-,-,-,-,-,-,,
https://www.tokopedia.com/gudang-tani-gresik/mesin-perajang-bawang-dinamo-listrik-1736315060637107256,Rp 675.000,-,Kab. Gresik,-,-,-,-,-,-,,
https://www.tokopedia.com/gudang-tani-gresik/mesin-cacah-rumput-multifungsi-1736399703085843512-1736399712635356216,Rp 1.450.000,-,Kab. Gresik,-,-,-,-,-,-,,
https://www.tokopedia.com/gresik-trail-shop,"GRESIK TRAIL SHOP
Kab. Gresik
Lihat Toko",-,Kab. Gresik,-,-,-,-,-,-,,
https://www.tokopedia.com/gresik-trail-shop/leheran-crf-150-blue-titanium-spek-standart-bore-up-kompetisi-1732266541301401042,Rp 850.000,-,Kab. Gresik,-,-,-,-,-,-,,
https://www.tokopedia.com/gresik-trail-shop/knalpot-gts-racing-klx-crf-ktm-all-custom-motor-trail-1732266596884579794,Rp 1.650.000,-,Kab. Gresik,-,-,-,-,-,-,,
https://www.tokopedia.com/gresik-trail-shop/leheran-klx-150-blue-titanium-spek-standart-bore-up-kompetisi-1732266581849507282,Rp 850.000,-,Kab. Gresik,-,-,-,-,-,-,,
https://www.tokopedia.com/distributor-sr12-gresik,"DISTRIBUTOR SR12 GRESIK
Kab. Gresik
Lihat Toko",-,Kab. Gresik,-,-,-,-,-,-,,
https://www.tokopedia.com/distributor-sr12-gresik/gomilku-susu-sr12-1737552915555911578-1737553130355722138,Rp 7.700,-,Kab. Gresik,-,-,-,-,-,-,,
https://www.tokopedia.com/distributor-sr12-gresik/khusus-ecer-sr12-go-milku-susu-yang-membantu-mencerahkan-anak-mengurangi-kolesterol-darah-meningkatkan-kesehatan-imun-dan-tulang-menyehatkan-lambung-mengobati-penyakit-saluran-pernafasan-dan-mengatasi-gejala-asam-urat-1737553280960399258,Rp 6.000,-,Kab. Gresik,-,-,-,-,-,-,,
https://www.tokopedia.com/distributor-sr12-gresik/matte-cover-natural-loose-powder-sr12-1737653259170645914,Rp 100.900,-,Kab. Gresik,-,-,-,-,-,-,,
https://www.tokopedia.com/emerald-gym-gresik,"Emerald Gym Gresik
Kab. Gresik
Lihat Toko",-,Kab. Gresik,-,-,-,-,-,-,,
https://www.tokopedia.com/bibiemart,"Sarung Gresik Murah
Kab. Gresik
Lihat Toko",-,Kab. Gresik,-,-,-,-,-,-,,
https://www.tokopedia.com/bibiemart/sarung-bhs-excellent-skt-motif-kotak-mix-gold-ori-asli-1729881500579300408,Rp 800.000,-,Kab. Gresik,-,-,-,-,-,-,,
https://www.tokopedia.com/bibiemart/sarung-bhs-excellent-jacquard-jsk-jsg-jga-jgb-jgp-gold-silver-jgb-1,Rp 950.000,-,Kab. Gresik,-,-,-,-,-,-,,
https://www.tokopedia.com/bibiemart/sarung-bhs-classic-jacquard-classic-jsk-jgb-jga-gold1,Rp 650.000,-,Kab. Gresik,-,-,-,-,-,-,,
https://www.tokopedia.com/icon-mall-gresik,"ICON MALL GRESIK
Kab. Gresik
Lihat Toko",-,Kab. Gresik,-,-,-,-,-,-,,
https://www.tokopedia.com/jeruk-nipis-gresik,"Jeruk nipis gresik
Kab. Gresik
Lihat Toko",-,Kab. Gresik,-,-,-,-,-,-,,
https://www.tokopedia.com/archive-rm-sehatherbal-1,"ANUGRAH BIKE GRESIK
Kab. Gresik
Lihat Toko",-,Kab. Gresik,-,-,-,-,-,-,,
https://www.tokopedia.com/archive-rm-sehatherbal-1/sepeda-fixie-united-solosist-1733275328548406327,Rp 1.900.000,-,Kab. Gresik,-,-,-,-,-,-,,
https://www.tokopedia.com/archive-rm-sehatherbal-1/sepeda-lipat-avand-chester-ix-1733291796389004343,Rp 1.900.000,-,Kab. Gresik,-,-,-,-,-,-,,
https://www.tokopedia.com/archive-rm-sehatherbal-1/sepeda-gunung-mtb-dengan-frame-aluminium-dan-ban-tebal-untuk-performa-optimal-1734945211162330167,Rp 5.700.000,-,Kab. Gresik,-,-,-,-,-,-,,
https://www.tokopedia.com/muraiki-gresik,"MURAIKI GRESIK
Kab. Gresik
Lihat Toko",-,Kab. Gresik,-,-,-,-,-,-,,
https://www.tokopedia.com/mk-skin-gresikota-with-cindai,"MK SKIN GRESIKOTA WITH CINDAI
Kab. Gresik
Lihat Toko",-,Kab. Gresik,-,-,-,-,-,-,,
https://www.tokopedia.com/rizqy-bakul-hp-gresik,"rizqy bakul hp gresik
Kab. Gresik
Lihat Toko",-,Kab. Gresik,-,-,-,-,-,-,,
https://www.tokopedia.com/rizqy-bakul-hp-gresik/second-v-o-y100-5g-8-256gb-1732841754887816736,Rp 2.700.000,-,Kab. Gresik,-,-,-,-,-,-,,
https://www.tokopedia.com/rizqy-bakul-hp-gresik/second-tecno-megapad-8-256gb-1732841868779423264,Rp 2.150.000,-,Kab. Gresik,-,-,-,-,-,-,,
https://www.tokopedia.com/rizqy-bakul-hp-gresik/s25fe-sam-ram-8-internal-256gb-smartphone-dengan-layar-1246-dan-desain-elegan-untuk-penggunaan-sehari-hari-1733529746352866848,Rp 8.800.000,-,Kab. Gresik,-,-,-,-,-,-,,
https://www.tokopedia.com/sketsa-gresik,"Sketsa Gresik
Kab. Gresik
Lihat Toko",-,Kab. Gresik,-,-,-,-,-,-,,
https://www.tokopedia.com/sketsa-gresik/sketsa-wajah-realis-lukis-wajah-hitam-putih-hadiah-kado-souvenir-pasangan-kamu-1731670750612325388,Rp 85.000,-,Kab. Gresik,-,-,-,-,-,-,,
https://www.tokopedia.com/ud-dorang-gresik,"UD Dorang Gresik
Kab. Gresik
Lihat Toko",-,Kab. Gresik,-,-,-,-,-,-,,
https://www.tokopedia.com/gresikacc-19,"GresikAcc
Kab. Gresik
Lihat Toko",-,Kab. Gresik,-,-,-,-,-,-,,
https://www.tokopedia.com/gresikacc-19/ram-dinding-65cm-x-95cm-tebal-ram-kawat-rak-aksesoris-ram-tanpa-bingkai-1731207744694552330,Rp 33.000,-,Kab. Gresik,-,-,-,-,-,-,,
https://www.tokopedia.com/gresikacc-19/ram-dinding-45cm-x-95cm-tebal-ram-kawat-rak-aksesoris-ram-tanpa-bingkai-1731207779394553610,Rp 26.000,-,Kab. Gresik,-,-,-,-,-,-,,
https://www.tokopedia.com/gresikacc-19/rak-pengering-piring-rak-piring-wastafel-aesthetic-1731207895911925514,Rp 50.000,-,Kab. Gresik,-,-,-,-,-,-,,
https://www.tokopedia.com/produk-nasa-gresik,"produk nasa gresik
Kab. Gresik
Lihat Toko",-,Kab. Gresik,-,-,-,-,-,-,,
https://www.tokopedia.com/produk-nasa-gresik/60ml-cairan-pembersih-kaca-mata-1735184655869248837,Rp 3.000,-,Kab. Gresik,-,-,-,-,-,-,,
https://www.tokopedia.com/produk-nasa-gresik/grace-semprot-menghilangkan-bau-ketiak-1735427472128836933,Rp 4.500,-,Kab. Gresik,-,-,-,-,-,-,,
https://www.tokopedia.com/frozen-pentol-gresik,"Frozen pentol gresik
Kab. Gresik
Lihat Toko",-,Kab. Gresik,-,-,-,-,-,-,,
https://www.tokopedia.com/frozen-pentol-gresik/pentol-sedang-isi-10-kemasan-plastik-makanan-ringan-1735404521896707654,Rp 57.000,-,Kab. Gresik,-,-,-,-,-,-,,
https://www.tokopedia.com/frozen-pentol-gresik/pentol-kecil-isi-50-kualitas-terbaik-untuk-masakan-anda-1735404312088708678,Rp 45.000,-,Kab. Gresik,-,-,-,-,-,-,,
https://www.tokopedia.com/frozen-pentol-gresik/pentol-jumbo-isi-5-kemasan-plastik-1735404563679446598,Rp 67.000,-,Kab. Gresik,-,-,-,-,-,-,,
https://www.tokopedia.com/segara-arum-gresik,"Segara Arum Gresik
Kab. Gresik
Lihat Toko",-,Kab. Gresik,-,-,-,-,-,-,,
https://www.tokopedia.com/segara-arum-gresik/ikan-kering-layur-segara-arum-gresik-umkm-hasil-laut-indonesia-kaya-gizi-dan-manfaat-1735314811201357728,Rp 12.000,-,Kab. Gresik,-,-,-,-,-,-,,
https://www.tokopedia.com/plat-kilat-gresik,"PLAT kilat GRESIK
Kab. Gresik
Lihat Toko",-,Kab. Gresik,-,-,-,-,-,-,,
https://www.tokopedia.com/plat-kilat-gresik/frameless-plat-mobil-standart-motif-cat-1729684464106046880,Rp 145.950,-,Kab. Gresik,-,-,-,-,-,-,,
https://www.tokopedia.com/gudang-plakat-gresik,"Gudang Plakat Gresik
Kab. Gresik
Lihat Toko",-,Kab. Gresik,-,-,-,-,-,-,,
https://www.tokopedia.com/gudang-plakat-gresik/akrilik-juara-spesial-agustus-bebas-custom-desain-bisa-menyesuaikan-1729771250314741007,Rp 120.000,-,Kab. Gresik,-,-,-,-,-,-,,
https://www.tokopedia.com/gudang-plakat-gresik/plakat-wisuda-3d-kado-wisuda-kenang-kenangan-pada-momen-spesial-1729751333570577679,Rp 87.000,-,Kab. Gresik,-,-,-,-,-,-,,
https://www.tokopedia.com/gudang-plakat-gresik/kaos-custom-sablon-satuan-bebas-pakai-gambar-logo-sendiri-ukuran-besar-sablon-a3-tulisan-kata-kata-desain-sendiri-suka-suka-bisa-satuan-dan-lusinan-sablon-dtf-bahan-tebal-cotton-combed-30s-distro-pria-wanita-tshirt-nyaman-cod-baju-keren-hitam-pendek-katun-1730828778275439887,Rp 75.000,-,Kab. Gresik,-,-,-,-,-,-,,
https://www.tokopedia.com/istanbul-kebab-turki-gresik,"ISTANBUL KEBAB TURKI GRESIK
Kab. Gresik
Lihat Toko",-,Kab. Gresik,-,-,-,-,-,-,,
https://www.tokopedia.com/istanbul-kebab-turki-gresik/thai-tea-cheese-minuman-teh-thailand-yang-dipadukan-dengan-krim-keju-enak-dan-segar-gresik-1732864727603447678,Rp 9.000,-,Kab. Gresik,-,-,-,-,-,-,,
https://www.tokopedia.com/istanbul-kebab-turki-gresik/blackcurrant-tea-minuman-teh-dengan-rasa-blackcurrant-gresik-1732864738535573374,Rp 6.000,-,Kab. Gresik,-,-,-,-,-,-,,
https://www.tokopedia.com/rihlah-saidah-gresik,"Rihlah Saidah Gresik
Kab. Gresik
Lihat Toko",-,Kab. Gresik,-,-,-,-,-,-,,
https://www.tokopedia.com/rihlah-saidah-gresik/go-milku-gold-sr12-kemasan-200gr-susu-kambing-etawa-1731703021050299973,Rp 136.000,-,Kab. Gresik,-,-,-,-,-,-,,
https://www.tokopedia.com/rihlah-saidah-gresik/sr12-go-milku-kemasan-box-3-varian-rasa-etawa-susu-kambing-1731702904891475525,Rp 131.500,-,Kab. Gresik,-,-,-,-,-,-,,
https://www.tokopedia.com/gerai-plastik-gresik,"Gerai Plastik Gresik
Kab. Gresik
Lihat Toko",-,Kab. Gresik,-,-,-,-,-,-,,
https://www.tokopedia.com/gerai-plastik-gresik/kantong-plastik-kresek-alfa-bening-1734700173328156100-1734700213648524740,Rp 31.500,-,Kab. Gresik,-,-,-,-,-,-,,
https://www.tokopedia.com/gerai-plastik-gresik/tissue-jolly-250-sheets-4-pcs-tisue-wajah-serbaguna-1734677096444429764,Rp 40.000,-,Kab. Gresik,-,-,-,-,-,-,,
https://www.tokopedia.com/gerai-plastik-gresik/tissue-sofita-kuliner-200-lembar-2-ply-10-pcs-tissue-kuliner-warung-makan-warteg-dll-1734677040924427716,Rp 39.000,-,Kab. Gresik,-,-,-,-,-,-,,
https://www.tokopedia.com/agus-bungah-gresik,"AGUS BUNGAH GRESIK
Kab. Gresik
Lihat Toko",-,Kab. Gresik,-,-,-,-,-,-,,
https://www.tokopedia.com/agus-bungah-gresik/alat-hadroh-rebana-ishari-ikatan-seni-hadroh-indonesia-al-at-roh-had-1732464196280157862,Rp 391.999,-,Kab. Gresik,-,-,-,-,-,-,,
https://www.tokopedia.com/golden-glow-gresik,"golden glow gresik
Kab. Gresik
Lihat Toko",-,Kab. Gresik,-,-,-,-,-,-,,
https://www.tokopedia.com/golden-glow-gresik/golden-glow-gresik-facial-wash-whitening-wajah-1731344194701198809,Rp 130.000,-,Kab. Gresik,-,-,-,-,-,-,,
https://www.tokopedia.com/golden-glow-gresik/golden-glow-gresik-toner-mencerahkan-sekaligus-bisa-penganti-micellar-water-yang-bisa-mengangkat-kotoran-facial-wajah-1731344233938716121,Rp 160.000,-,Kab. Gresik,-,-,-,-,-,-,,
https://www.tokopedia.com/golden-glow-gresik/golden-glow-gresik-daily-whitening-cream-mencerahkan-dan-juga-ngetoneup-1731353427961677273,Rp 102.000,-,Kab. Gresik,-,-,-,-,-,-,,
https://www.tokopedia.com/snack-safari-gresik,"Snack safari gresik
Kab. Gresik
Lihat Toko",-,Kab. Gresik,-,-,-,-,-,-,,
https://www.tokopedia.com/smkn-1-sidayu-gresik,"SMKN 1 SIDAYU GRESIK
Kab. Gresik
Lihat Toko",-,Kab. Gresik,-,-,-,-,-,-,,
https://www.tokopedia.com/ali-timor-er-gresik-auto-part,"ali timor-er gresik auto part
Kab. Gresik
Lihat Toko",-,Kab. Gresik,-,-,-,-,-,-,,
https://www.tokopedia.com/ali-timor-er-gresik-auto-part/satu-set-paking-karburator-mobil-timor-sohc-1730526693481088271,Rp 75.000,-,Kab. Gresik,-,-,-,-,-,-,,
https://www.tokopedia.com/ali-timor-er-gresik-auto-part/vbelt-alternator-4pk885-timor-sohc-dan-dohc-1730526682282820879,Rp 95.000,-,Kab. Gresik,-,-,-,-,-,-,,
https://www.tokopedia.com/ali-timor-er-gresik-auto-part/rotor-delco-timor-sohc-karburator-1730526623797249295,Rp 85.000,-,Kab. Gresik,-,-,-,-,-,-,,
https://www.tokopedia.com/grosirgresik01,"GROSIR GRESIK
Kab. Gresik
Lihat Toko",-,Kab. Gresik,-,-,-,-,-,-,,
https://www.tokopedia.com/grosirgresik01/lampu-led-philips-19watt-mycare-coolday-light-eyecomfort-harga-grosir,Rp 88.434,-,Kab. Gresik,-,-,-,-,-,-,,
https://www.tokopedia.com/grosirgresik01/lampu-led-philips-14-5-watt-mycare-coolday-light-eyecomfort-1650-lumen,Rp 64.950,-,Kab. Gresik,-,-,-,-,-,-,,
https://www.tokopedia.com/grosirgresik01/hannochs-lampu-led-vario-6w-12w-18w-24w-watt-murah-12w,Rp 20.100,-,Kab. Gresik,-,-,-,-,-,-,,
https://www.tokopedia.com/kgf-fighter-gresik,"KGF FIGHTER GRESIK
Kab. Gresik
Lihat Toko",-,Kab. Gresik,-,-,-,-,-,-,,
https://www.tokopedia.com/kgf-fighter-gresik/galasan-hayabusa-bahan-n66-ori-double-silicone-thermoz-size-0-22-kuat-super-tajam-daily-tournament-full-treatment-1732362840774706664,Rp 33.000,-,Kab. Gresik,-,-,-,-,-,-,,
https://www.tokopedia.com/kgf-fighter-gresik/gelasan-drakness-blue-series-size-0-22-matot-putih-superior-for-player-tournament-tajam-racikan-pyrex-black-carbone-stone-aluminum-oxide-1733152752410658280,Rp 38.000,-,Kab. Gresik,-,-,-,-,-,-,,
https://www.tokopedia.com/kgf-fighter-gresik/gelasan-raja-hanoman-super-glass-treatment-panjang-2000yard-full-beling-termos-dan-double-silicone-kasar-sasak-padi-1732362861871728104,Rp 45.000,-,Kab. Gresik,-,-,-,-,-,-,,
https://www.tokopedia.com/ofero-gresik-gkb,"OFERO GRESIK GKB
Kab. Gresik
Lihat Toko",-,Kab. Gresik,-,-,-,-,-,-,,
https://www.tokopedia.com/ofero-gresik-gkb/sepeda-listrik-ofero-magical-2-pro-lithium-e-bike-speed-42km-power-600w-1730401600913967050,Rp 6.499.000,-,Kab. Gresik,-,-,-,-,-,-,,
https://www.tokopedia.com/ofero-gresik-gkb/sepeda-listrik-ofero-ledo-2-e-bike-speed-37km-power-500w-outdoor-1731181726197778378,Rp 3.999.000,-,Kab. Gresik,-,-,-,-,-,-,,
https://www.tokopedia.com/ofero-gresik-gkb/sepeda-listrik-ofero-galaxy-5-lithium-e-bike-speed-39km-power-500w-1732048996018522058,Rp 5.579.100,-,Kab. Gresik,-,-,-,-,-,-,,
https://www.tokopedia.com/agen-skincare-gresik,"Agen Skincare Gresik_NEW
Kab. Gresik
Lihat Toko",-,Kab. Gresik,-,-,-,-,-,-,,
https://www.tokopedia.com/agen-skincare-gresik/kime-skincare-luminijing-jeju-brightening-soap-sabun-wajah-pria-dan-wanita-sabun-wajah-terlaris-skincare-korea-1731015730614666849,Rp 340,-,Kab. Gresik,-,-,-,-,-,-,,
https://www.tokopedia.com/babycare-gresik,"Babycare Gresik
Kab. Gresik
Lihat Toko",-,Kab. Gresik,-,-,-,-,-,-,,
https://www.tokopedia.com/babycare-gresik/emily-sterilizer-uv-dryer-6l-untuk-botol-bayi-dan-nail-kapasitas-3-botol-travel-friendly-garansi-1-tahun-1735525356323308807,Rp 329.999,-,Kab. Gresik,-,-,-,-,-,-,,
https://www.tokopedia.com/babycare-gresik/kasur-bayi-klambu-set-motif-zebra-free-selimut-premium-untuk-kenyamanan-bayi-anda-1735559602970985735,Rp 95.000,-,Kab. Gresik,-,-,-,-,-,-,,
https://www.tokopedia.com/babycare-gresik/breeze-baby-seat-tempat-duduk-bayi-dengan-3-tingkat-ketinggian-dan-sarung-nyaman-yang-dapat-dilepas-warna-merah-cocok-untuk-6-bulan-hingga-36-bulan-1735622049256736007,Rp 339.900,-,Kab. Gresik,-,-,-,-,-,-,,
https://www.tokopedia.com/club-supra-gresik,"Club Supra Gresik
Kab. Gresik
Lihat Toko",-,Kab. Gresik,-,-,-,-,-,-,,
https://www.tokopedia.com/club-supra-gresik/ganci-karet-anniversary-2-dekade-csg-1736019010241266849,Rp 7.500,-,Kab. Gresik,-,-,-,-,-,-,,
https://www.tokopedia.com/ahm-audio-gresik,"AHM AUDIO GRESIK
Kab. Gresik
Lihat Toko",-,Kab. Gresik,-,-,-,-,-,-,,
https://www.tokopedia.com/ahm-audio-gresik/kaos-ahm-audio-gresik-bahan-30s-cotton-combed-1729959819087678132,Rp 80.000,-,Kab. Gresik,-,-,-,-,-,-,,
https://www.tokopedia.com/aulia-herbal-gresik,"Aulia Herbal Gresik
Kab. Gresik
Lihat Toko",-,Kab. Gresik,-,-,-,-,-,-,,
https://www.tokopedia.com/aulia-herbal-gresik/lip-care-sr12-herbal-skincare-1730662847718393831,Rp 26.500,-,Kab. Gresik,-,-,-,-,-,-,,
https://www.tokopedia.com/aulia-herbal-gresik/mhs-sensatia-minyak-herba-sinergi-hni-hpai-1730687151310211047,Rp 45.000,-,Kab. Gresik,-,-,-,-,-,-,,
https://www.tokopedia.com/aulia-herbal-gresik/extrafood-hni-health-hni-hpai-1731034062164690919,Rp 60.000,-,Kab. Gresik,-,-,-,-,-,-,,
https://www.tokopedia.com/sekawanteknik32,"Sekawan Teknik Gresik
Kab. Gresik
Lihat Toko",-,Kab. Gresik,-,-,-,-,-,-,,
https://www.tokopedia.com/sekawanteknik32/oil-filter-sakura-o-1001-filter-alat-berat-truck-bus-mobil,Rp 44.400,-,Kab. Gresik,-,-,-,-,-,-,,
https://www.tokopedia.com/sekawanteknik32/oil-filter-sakura-c-6205-filter-alat-berat-truck-bus-mobil,Rp 99.900,-,Kab. Gresik,-,-,-,-,-,-,,
https://www.tokopedia.com/sekawanteknik32/oil-filter-sakura-c-1002-filter-alat-berat-truck-bus-mobil,Rp 33.300,-,Kab. Gresik,-,-,-,-,-,-,,
https://www.tokopedia.com/wahid-star-gresik,"wahid star gresik
Kab. Gresik
Lihat Toko",-,Kab. Gresik,-,-,-,-,-,-,,
https://www.tokopedia.com/wahid-star-gresik/busi-ori-supra-dan-beat-karbu-1733438412592547690,Rp 15.000,-,Kab. Gresik,-,-,-,-,-,-,,
https://www.tokopedia.com/adacellgresik,"ADA CELL GRESIK
Kab. Gresik
Lihat Toko",-,Kab. Gresik,-,-,-,-,-,-,,
https://www.tokopedia.com/adacellgresik/samsung-a05s-6-128-garansi-resmi,Rp 8.000.000,-,Kab. Gresik,-,-,-,-,-,-,,
https://www.tokopedia.com/adacellgresik/realme-11-pro-5g-garansi-resmi,Rp 10.000.000,-,Kab. Gresik,-,-,-,-,-,-,,
https://www.tokopedia.com/adacellgresik/samsung-a54-5g-garansi-resmi-putih-8-128-881da,Rp 4.999.000,-,Kab. Gresik,-,-,-,-,-,-,,
https://www.tokopedia.com/spicy-receh-gresik,"SPICY RECEH GRESIK
Kab. Gresik
Lihat Toko",-,Kab. Gresik,-,-,-,-,-,-,,
https://www.tokopedia.com/jajanara-gresik,"Jajanara Gresik
Kab. Gresik
Lihat Toko",-,Kab. Gresik,-,-,-,-,-,-,,
https://www.tokopedia.com/jajanara-gresik/ceker-tanpa-tulang-pedas-frozen-1736574008185292388,Rp 20.000,-,Kab. Gresik,-,-,-,-,-,-,,
https://www.tokopedia.com/jajanara-gresik/soes-kering-cokelat-1736703782585927268,Rp 18.000,-,Kab. Gresik,-,-,-,-,-,-,,
https://www.tokopedia.com/aice-resseller-gresik,"Aice Resseller Gresik
Kab. Lamongan
Lihat Toko",-,Kab. Gresik,-,-,-,-,-,-,,
https://www.tokopedia.com/aice-resseller-gresik/aneka-ria-ice-cream-ember-5-liter-dan-8-liter-series-3in1-tersedia-size-5l-8l-1734438839751836736,Rp 200.000,-,Kab. Gresik,-,-,-,-,-,-,,
https://www.tokopedia.com/aice-resseller-gresik/anak-ikan-lele-sangkuriang-1734441185339737152,Rp 1.000,-,Kab. Gresik,-,-,-,-,-,-,,
https://www.tokopedia.com/agen-petis-gresik,"AGEN PETIS GRESIK
Kab. Gresik
Lihat Toko",-,Kab. Gresik,-,-,-,-,-,-,,
https://www.tokopedia.com/agen-petis-gresik/petis-udang-super-cap-rajakoki-250g-1735767504065496221,Rp 17.500,-,Kab. Gresik,-,-,-,-,-,-,,
https://www.tokopedia.com/agen-petis-gresik/petis-udang-super-cap-rajakoki-1735749542888965277,Rp 60.000,-,Kab. Gresik,-,-,-,-,-,-,,
https://www.tokopedia.com/agen-petis-gresik/petis-udang-super-cap-rajakoki-10kg-1735764141066650781,Rp 480.000,-,Kab. Gresik,-,-,-,-,-,-,,
https://www.tokopedia.com/toko-pak-d-gresik,"TOKO PAK D GRESIK
Surabaya
Lihat Toko",-,Kab. Gresik,-,-,-,-,-,-,,
https://www.tokopedia.com/toko-pak-d-gresik/jarot-santet-turu-dek-gelasan-jarot-santet-1600yard-senar-gelasan-matot-jarot-santet-turu-dek-harga-untuk-1-pcs-1735700833382991349,Rp 105.000,-,Kab. Gresik,-,-,-,-,-,-,,
https://www.tokopedia.com/toko-pak-d-gresik/lembu-ikari-1600yard-matot-bahan-gold-untuk-main-jepret-tarik-tempel-seret-harga-untuk-1-pcs-1735586152679441909,Rp 75.000,-,Kab. Gresik,-,-,-,-,-,-,,
https://www.tokopedia.com/toko-pak-d-gresik/gelasan-matot-sekarat-1600-yard-matot-tajam-melukai-ramah-di-kantong-1735196740718331381,Rp 30.000,-,Kab. Gresik,-,-,-,-,-,-,,
https://www.tokopedia.com/langgananmotor,"Langganan Motor Gresik
Kab. Gresik
Lihat Toko",-,Kab. Gresik,-,-,-,-,-,-,,
https://www.tokopedia.com/langgananmotor/filter-udara-panther-turbo-906,Rp 105.000,-,Kab. Gresik,-,-,-,-,-,-,,
https://www.tokopedia.com/langgananmotor/dop-lampu-h27-12volt-27-watt,Rp 30.000,-,Kab. Gresik,-,-,-,-,-,-,,
https://www.tokopedia.com/langgananmotor/bi-led-projector-autovision-putih-kuning,Rp 650.000,-,Kab. Gresik,-,-,-,-,-,-,,
https://www.tokopedia.com/tepung-super-gresik,"Tepung Super Gresik
Lihat Toko",-,Kab. Gresik,-,-,-,-,-,-,,
https://www.tokopedia.com/olxmobbi-gresik,"olxmobbi-gresik
Surabaya
Lihat Toko",-,Kab. Gresik,-,-,-,-,-,-,,
https://www.tokopedia.com/olxmobbi-gresik/honda-mobil-baru-jawa-timur-1730875684258481942,Rp 3.000.000,-,Kab. Gresik,-,-,-,-,-,-,,
https://www.tokopedia.com/handmade-gresik,"Handmade Gresik
Kab. Gresik
Lihat Toko",-,Kab. Gresik,-,-,-,-,-,-,,
https://www.tokopedia.com/handmade-gresik/17-agustus-merdeka-bando-kepala-merah-putih-dengan-huruf-dan-bintang-untuk-perayaan-kemerdekaan-indonesia-1736933831671186531,Rp 20.000,-,Kab. Gresik,-,-,-,-,-,-,,
https://www.tokopedia.com/handmade-gresik/dirgahayu-republik-indonesia-81-th-bando-merah-dengan-boneka-kecil-dan-bendera-indonesia-untuk-perayaan-1736931999379719267,Rp 17.000,-,Kab. Gresik,-,-,-,-,-,-,,
https://www.tokopedia.com/handmade-gresik/jepit-pita-merah-putih-1736907031225861219,Rp 10.000,-,Kab. Gresik,-,-,-,-,-,-,,
https://www.tokopedia.com/dienparfum,"agen dien parfum gresik
Kab. Gresik
Lihat Toko",-,Kab. Gresik,-,-,-,-,-,-,,
https://www.tokopedia.com/dienparfum/parfum-misk-taharah-oles-by-surrati-grade-a-1730379405788940191,Rp 25.000,-,Kab. Gresik,-,-,-,-,-,-,,
https://www.tokopedia.com/dienparfum/hair-tonic-ginseng-menguatkan-akar-rambut-dan-mencegah-rambut-rontok-merangsang-pertumbuhan-rambut-serta-melembabkan-rambut,Rp 50.000,-,Kab. Gresik,-,-,-,-,-,-,,
https://www.tokopedia.com/dienparfum/shampoo-aroma-dupa-pengantin-sampo-wangi-mewah-tahan-lama-anti-lepek-segar-1736949936042575775,Rp 42.000,-,Kab. Gresik,-,-,-,-,-,-,,
https://www.tokopedia.com/iphone-store-gresik-aloy,"Iphone store Gresik Aloy
Kab. Gresik
Lihat Toko",-,Kab. Gresik,-,-,-,-,-,-,,
https://www.tokopedia.com/iphone-store-gresik-aloy/iphone-17-promax-kapasitas-1tb-1733175864076830681,Rp 40.000.000,-,Kab. Gresik,-,-,-,-,-,-,,
https://www.tokopedia.com/jual-beli-iphone-gresik-sby,"JUAL BELI IPHONE GRESIK SBY
Kab. Gresik
Lihat Toko",-,Kab. Gresik,-,-,-,-,-,-,,
https://www.tokopedia.com/jual-beli-iphone-gresik-sby/iphone-17-256gb-ibox-second-1733764447385322602,Rp 18.190.000,-,Kab. Gresik,-,-,-,-,-,-,,
https://www.tokopedia.com/jual-beli-iphone-gresik-sby/iphone-16-promax-256gb-ibox-1733764441882592362,Rp 19.793.000,-,Kab. Gresik,-,-,-,-,-,-,,
https://www.tokopedia.com/jual-beli-iphone-gresik-sby/resmiindo-new-segel-iphone-16-pro-max-256gb-produk-baru-dalam-kemasan-original-1732672783615427690,Rp 21.000.000,-,Kab. Gresik,-,-,-,-,-,-,,
https://www.tokopedia.com/gresik-gf,"GRESIK GF
Kab. Gresik
Lihat Toko",-,Kab. Gresik,-,-,-,-,-,-,,
https://www.tokopedia.com/gresik-gf/fancy-ranchu-9-12cm-1737085170643076512-1737085183948195232,Rp 50.000,-,Kab. Gresik,-,-,-,-,-,-,,
https://www.tokopedia.com/moslemwear-gresik,"Moslemwear gresik_NEW
Kab. Gresik
Lihat Toko",-,Kab. Gresik,-,-,-,-,-,-,,
https://www.tokopedia.com/moslemwear-gresik/peci-songkok-nasional-beludru-hitam-motif-lukis-salur-kopiah-muslim-lembut-nyaman-1729618443155047716,Rp 85.000,-,Kab. Gresik,-,-,-,-,-,-,,
https://www.tokopedia.com/moslemwear-gresik/al-qodiry-peci-songkok-beludru-hitam-ac-anak-lukis-motif-karakter-pesawat-terbang-1729616577601242404,Rp 25.750,-,Kab. Gresik,-,-,-,-,-,-,,
https://www.tokopedia.com/moslemwear-gresik/al-qodiry-songkok-peci-beludru-hitam-ac-anak-lukis-masjid-1729558494591026468,Rp 27.500,-,Kab. Gresik,-,-,-,-,-,-,,
https://www.tokopedia.com/zilong-gresik-ml,"Zilong Gresik ML
Lihat Toko",-,Kab. Gresik,-,-,-,-,-,-,,
https://www.tokopedia.com/mahsa-store-gresik,"MAHSA STORE GRESIK
Kab. Gresik
Lihat Toko",-,Kab. Gresik,-,-,-,-,-,-,,
https://www.tokopedia.com/mahsa-store-gresik/jam-tangan-pintar-smart-watch-s1-active-1734503104973407942,Rp 1.755.000,-,Kab. Gresik,-,-,-,-,-,-,,
https://www.tokopedia.com/meymey-popok-gresik,"Meymey Popok Gresik
Kab. Gresik
Lihat Toko",-,Kab. Gresik,-,-,-,-,-,-,,
https://www.tokopedia.com/meymey-popok-gresik/sweety-bronze-dry-x-pert-tape-nb-s44-pants-s38-m32-l28-xl24-popok-bayi-dengan-teknologi-diamond-layer-smart-leak-lock-untuk-kering-hingga-12-jam-diapers-1735284511838799469-1735285019575617133,Rp 54.878,-,Kab. Gresik,-,-,-,-,-,-,,
https://www.tokopedia.com/meymey-popok-gresik/baby-happy-body-fit-pants-s56-m48-xl38-celana-bayi-dengan-teknologi-air-through-breathable-backsheet-untuk-kenyamanan-maksimal-quick-dry-layer-overlap-technology-wetness-indicator-1736009171915146861-1736009841862215277,Rp 73.429,-,Kab. Gresik,-,-,-,-,-,-,,
https://www.tokopedia.com/meymey-popok-gresik/merries-popok-merries-pants-good-skin-ukuran-m32-l28-xl26-14-jam-daya-serap-lembut-dengan-ekstrak-alami-witch-hazel-allergy-tested-teruji-klinis-diapers-kulit-1735265904993797741-1735266399138842221,Rp 64.748,-,Kab. Gresik,-,-,-,-,-,-,,
https://www.tokopedia.com/aksesoris-gresik,"aksesoris gresik
Surabaya
Lihat Toko",-,Kab. Gresik,-,-,-,-,-,-,,
https://www.tokopedia.com/aksesoris-gresik/spiral-cincin-pengecil-cincin-wanita-untuk-ukuran-yang-lebih-ramping-dan-nyaman-1729621074341301100,Rp 3.732,-,Kab. Gresik,-,-,-,-,-,-,,
https://www.tokopedia.com/aksesoris-gresik/jepit-rambut-ponny-tip-top-1pack-10-pcs-clips-1730380024215471980,Rp 6.998,-,Kab. Gresik,-,-,-,-,-,-,,
https://www.tokopedia.com/aksesoris-gresik/jepit-rambut-anak-korea-fashion-lucu-10-pcs-pack-aksesoris-rambut-anak-tampilan-menarik-dan-rapi-1730379687006668652,Rp 7.776,-,Kab. Gresik,-,-,-,-,-,-,,
https://www.tokopedia.com/anugrah-print-gresik,"Anugrah print Gresik
Kab. Gresik
Lihat Toko",-,Kab. Gresik,-,-,-,-,-,-,,
https://www.tokopedia.com/anugrah-print-gresik/stempel-perusahaan-logo-nama-tandatangan-lunas-stampel-flash-stempel-kecil,Rp 50.000,-,Kab. Gresik,-,-,-,-,-,-,,
https://www.tokopedia.com/anugrah-print-gresik/stempel-guru-penilaian-tk-paud-smp-nilai-koreksi-customstempel-pilihan-warna-tinta-merah-biru-hijau-hitam-cup-1729606442240542747,Rp 38.000,-,Kab. Gresik,-,-,-,-,-,-,,
https://www.tokopedia.com/anugrah-print-gresik/stempel-warna-otomatis-tanpa-bantalan-free-desain-1-hari-selesai-i-kecil,Rp 50.000,-,Kab. Gresik,-,-,-,-,-,-,,
https://www.tokopedia.com/apotek-samanhudi-gresik,"APOTEK SAMANHUDI GRESIK
Kab. Gresik
Lihat Toko",-,Kab. Gresik,-,-,-,-,-,-,,
https://www.tokopedia.com/apotek-samanhudi-gresik/vitamin-b1-50-mg-suplemen-kesehatan-10-strip-10-tab-pt-ari-farma-suplemen-esensial-untuk-kesehatan-anda-1737297255279593141,Rp 8.200,-,Kab. Gresik,-,-,-,-,-,-,,
https://www.tokopedia.com/apotek-samanhudi-gresik/glucosamine-mpl-500mg-1737109693565798069,Rp 22.800,-,Kab. Gresik,-,-,-,-,-,-,,
https://www.tokopedia.com/apotek-samanhudi-gresik/caviplex-kaplet-salut-gula-multivitamin-mineral-1-strip-10-tab-1736836932523951797,Rp 10.000,-,Kab. Gresik,-,-,-,-,-,-,,
https://www.tokopedia.com/phonsel-gresik,"Phonsel Gresik
Kab. Gresik
Lihat Toko",-,Kab. Gresik,-,-,-,-,-,-,,
https://www.tokopedia.com/phonsel-gresik/realme-13-pro-5g-12gb-256gb,Rp 6.000.000,-,Kab. Gresik,-,-,-,-,-,-,,
https://www.tokopedia.com/phonsel-gresik/redmi-note-13-pro-5g-12-512gb-garansi-resmi,Rp 5.000.000,-,Kab. Gresik,-,-,-,-,-,-,,
https://www.tokopedia.com/phonsel-gresik/samsung-galaxy-s25fe-8-256-gb-baru-dengan-garansi-resmi-kualitas-terbaik-1735545739770824139,Rp 11.500.000,-,Kab. Gresik,-,-,-,-,-,-,,
https://www.tokopedia.com/gresik-jdm-wacth,"Gresik JDM wacth
Kab. Gresik
Lihat Toko",-,Kab. Gresik,-,-,-,-,-,-,,
https://www.tokopedia.com/gresikart,"gresikart
Kab. Gresik
Lihat Toko",-,Kab. Gresik,-,-,-,-,-,-,,
https://www.tokopedia.com/vornix-skincare-gresik,"Vornix Skincare Gresik
Kab. Gresik
Lihat Toko",-,Kab. Gresik,-,-,-,-,-,-,,
https://www.tokopedia.com/vornix-skincare-gresik/vornix-day-cream-glowing-1732989587479430357,Rp 62.000,-,Kab. Gresik,-,-,-,-,-,-,,
https://www.tokopedia.com/vornix-skincare-gresik/vornix-facial-wash-glowing-1732989282016199893,Rp 72.000,-,Kab. Gresik,-,-,-,-,-,-,,
https://www.tokopedia.com/vornix-skincare-gresik/vornix-moisturizer-brightening-1732989403020428501,Rp 65.000,-,Kab. Gresik,-,-,-,-,-,-,,
https://www.tokopedia.com/gresikcenters,"GresikCenters
Kab. Gresik
Lihat Toko",-,Kab. Gresik,-,-,-,-,-,-,,
https://www.tokopedia.com/songkok-muslim-gresik,"Songkok Muslim Gresik
Kab. Gresik
Lihat Toko",-,Kab. Gresik,-,-,-,-,-,-,,
https://www.tokopedia.com/songkok-muslim-gresik/al-husain-songkok-ac-pendek-premium-unik-7-6-5-cm-muslim-peci-kopiah-dewasa-hitam-pria-tebal-haji-madura-1731121225540929178,Rp 60.000,-,Kab. Gresik,-,-,-,-,-,-,,
https://www.tokopedia.com/songkok-muslim-gresik/al-husain-songkok-cheng-ho-hitam-polos-premium-peci-muslim-kopiah-dewasa-pria-motif-tinggi-tebal-kerucut-khas-sufi-1730280720594077338,Rp 75.000,-,Kab. Gresik,-,-,-,-,-,-,,
https://www.tokopedia.com/songkok-muslim-gresik/al-husain-peci-muslim-songkok-susun-ful-ac-hitam-polos-dewasa-pria-kopiah-model-terbaru-tinggi-motif-tebal-1730321669936744090,Rp 80.000,-,Kab. Gresik,-,-,-,-,-,-,,
https://www.tokopedia.com/jasa-sablon--konveksi-gresik,"Jasa Sablon & Konveksi Gresik
Kab. Gresik
Lihat Toko",-,Kab. Gresik,-,-,-,-,-,-,,
https://www.tokopedia.com/jasa-sablon--konveksi-gresik/kaos-gresik-berjuta-cerita-bahan-katun-adem-oleh-oleh-gresik-1730357945440503556,Rp 120.000,-,Kab. Gresik,-,-,-,-,-,-,,
https://www.tokopedia.com/jasa-sablon--konveksi-gresik/kaos-polos-premium-100-cotton-combad-30-s-katun-combed-nyaman-distro-santai-pria-wanita-1730314297706317572,Rp 61.000,-,Kab. Gresik,-,-,-,-,-,-,,
https://www.tokopedia.com/jasa-sablon--konveksi-gresik/kaos-alfatihah-keren-cotton-combad-premium-adem-lembut-1730341908508215044,Rp 85.000,-,Kab. Gresik,-,-,-,-,-,-,,
https://www.tokopedia.com/nail-art-menganti-cerme-gresik,"NAIL ART MENGANTI CERME GRESIK
Kab. Gresik
Lihat Toko",-,Kab. Gresik,-,-,-,-,-,-,,
https://www.tokopedia.com/fame-fashion-gresik,"fame fashion gresik
Kab. Gresik
Lihat Toko",-,Kab. Gresik,-,-,-,-,-,-,,
https://www.tokopedia.com/fame-fashion-gresik/kemeja-ori-bangkok-aksen-pita-1729585860764402966,Rp 179.000,-,Kab. Gresik,-,-,-,-,-,-,,
https://www.tokopedia.com/fame-fashion-gresik/kemeja-ori-bangkok-merk-wanwan-lengan-pendek-1729586357373535510,Rp 179.000,-,Kab. Gresik,-,-,-,-,-,-,,
https://www.tokopedia.com/fame-fashion-gresik/kemeja-ori-bangkok-summer-1729586318549550358,Rp 189.000,-,Kab. Gresik,-,-,-,-,-,-,,
https://www.tokopedia.com/toko-muslim-gresik,"toko muslim gresik
Kab. Gresik
Lihat Toko",-,Kab. Gresik,-,-,-,-,-,-,,
https://www.tokopedia.com/toko-muslim-gresik/sarung-astsaqolain-kawung-sarung-rayon-sarung-astsaqolain-rayon-sarung-print-1729630233586075057,Rp 110.000,-,Kab. Gresik,-,-,-,-,-,-,,
https://www.tokopedia.com/toko-muslim-gresik/sarung-lamiya-kawung-mesres-sarung-tenun-tangan-1729630233270912433,Rp 395.000,-,Kab. Gresik,-,-,-,-,-,-,,
https://www.tokopedia.com/toko-muslim-gresik/sarung-astsaqolain-kawung-sarung-astsaqolain-rayon-sarung-rayon-1729630208524977585,Rp 120.000,-,Kab. Gresik,-,-,-,-,-,-,,
https://www.tokopedia.com/apotekhilwahgresik,"Apotek Hilwah Gresik
Kab. Gresik
Lihat Toko",-,Kab. Gresik,-,-,-,-,-,-,,
https://www.tokopedia.com/apotekhilwahgresik/ascardia-80mg-1-strip-10-tablet,Rp 14.731,-,Kab. Gresik,-,-,-,-,-,-,,
https://www.tokopedia.com/apotekhilwahgresik/vitacid-0-1-cream-tube-20gr-1731240714793551419,Rp 59.613,-,Kab. Gresik,-,-,-,-,-,-,,
https://www.tokopedia.com/apotekhilwahgresik/cendo-lyteers-eye-drops-15ml,Rp 27.540,-,Kab. Gresik,-,-,-,-,-,-,,
https://www.tokopedia.com/food-family-gresik,"Food Family Gresik
Kab. Gresik
Lihat Toko",-,Kab. Gresik,-,-,-,-,-,-,,
https://www.tokopedia.com/food-family-gresik/bandeng-family-otak-otak-asli-gresik-250-300gr-frozen-food-1732260613720737714,Rp 30.000,-,Kab. Gresik,-,-,-,-,-,-,,
https://www.tokopedia.com/food-family-gresik/opak-jepit-pedas-khas-gresik-1735428481824753586,Rp 20.000,-,Kab. Gresik,-,-,-,-,-,-,,
https://www.tokopedia.com/vinfast-motor-gresik,"Vinfast Motor Gresik
Kab. Gresik
Lihat Toko",-,Kab. Gresik,-,-,-,-,-,-,,
https://www.tokopedia.com/khaira-store-gresik,"Khaira store gresik
Kab. Gresik
Lihat Toko",-,Kab. Gresik,-,-,-,-,-,-,,
https://www.tokopedia.com/khaira-store-gresik/daia-deterjen-bubuk-1-5-kg-putih-2x-bersih-cepat-anti-bau-kencang-cuci-jari-pakai-harga-terjangkau-random-1731881680389637772,Rp 37.500,-,Kab. Gresik,-,-,-,-,-,-,,
https://www.tokopedia.com/khaira-store-gresik/scora-honey-glow-tone-up-cream-krim-pencerah-wajah-dengan-ekstrak-madu-untuk-tampilan-alami-dan-mudah-dibaurkan-1735083540560643724,Rp 31.000,-,Kab. Gresik,-,-,-,-,-,-,,
https://www.tokopedia.com/khaira-store-gresik/wardah-uv-shield-acne-calming-sunscreen-moisturizer-spf-pa-dengan-salicylic-acid-pantenol-allantoin-untuk-perlindungan-sinar-matahari-1734817017947391628-1734817129673164428,Rp 36.500,-,Kab. Gresik,-,-,-,-,-,-,,
https://www.tokopedia.com/ddaster-murah-gresik,"D'DASTER MURAH GRESIK
Kab. Gresik
Lihat Toko",-,Kab. Gresik,-,-,-,-,-,-,,
https://www.tokopedia.com/ddaster-murah-gresik/daster-sambung-full-obras-1732583056744417005,Rp 100.000,-,Kab. Gresik,-,-,-,-,-,-,,
https://www.tokopedia.com/ddaster-murah-gresik/dasbumg-full-obras-promo-stok-tidak-banyak-1732583103919130349,Rp 85.000,-,Kab. Gresik,-,-,-,-,-,-,,
https://www.tokopedia.com/ddaster-murah-gresik/daster-ekonomis-ibu-rampel-1732581862627706605,Rp 49.000,-,Kab. Gresik,-,-,-,-,-,-,,
https://www.tokopedia.com/alat-kapal-gresik,"ALAT KAPAL GRESIK
Kab. Gresik
Lihat Toko",-,Kab. Gresik,-,-,-,-,-,-,,
https://www.tokopedia.com/alat-kapal-gresik/emergency-food-ration-makanan-darurat-untuk-sekoci-ransum-1732251911953155931,Rp 25.000,-,Kab. Gresik,-,-,-,-,-,-,,
https://www.tokopedia.com/alat-kapal-gresik/buku-catatan-sampah-garbage-record-book-1731471662463027035,Rp 160.000,-,Kab. Gresik,-,-,-,-,-,-,,
https://www.tokopedia.com/alat-kapal-gresik/buku-daftar-track-dan-jarak-antar-pelabuhan-indonesia-2021-1731252823401465691,Rp 500.000,-,Kab. Gresik,-,-,-,-,-,-,,
https://www.tokopedia.com/cantik-fashion-gresik,"cantik-fashion gresik
Kab. Gresik
Lihat Toko",-,Kab. Gresik,-,-,-,-,-,-,,
https://www.tokopedia.com/cantik-fashion-gresik/rok-tutu-warna-abu-abu-wanita-1733021738987783569,Rp 120.000,-,Kab. Gresik,-,-,-,-,-,-,,
https://www.tokopedia.com/cantik-fashion-gresik/vest-rajut-rompi-atasan-top-1734159970423571857,Rp 95.000,-,Kab. Gresik,-,-,-,-,-,-,,
https://www.tokopedia.com/cantik-fashion-gresik/atasan-cardigann-gemoyyyy-1730977364341392785,Rp 160.000,-,Kab. Gresik,-,-,-,-,-,-,,
https://www.tokopedia.com/sambel-bringas-gresik,"Sambel Bringas Gresik
Kab. Gresik
Lihat Toko",-,Kab. Gresik,-,-,-,-,-,-,,
https://www.tokopedia.com/sambel-bringas-gresik/sambel-bringas-sambal-tongkol-rasa-pedas-dan-gurih-untuk-makanan-anda-1737545635962193811,Rp 27.000,-,Kab. Gresik,-,-,-,-,-,-,,
https://www.tokopedia.com/pentol-sultan-gresik,"Pentol Sultan Gresik
Lihat Toko",-,Kab. Gresik,-,-,-,-,-,-,,
https://www.tokopedia.com/mua-sda-sby-gresik,"MUA SDA SBY GRESIK
Kab. Sidoarjo
Lihat Toko",-,Kab. Gresik,-,-,-,-,-,-,,
https://www.tokopedia.com/makelar-gresik-garage,"Makelar gresik garage
Kab. Gresik
Lihat Toko",-,Kab. Gresik,-,-,-,-,-,-,,
https://www.tokopedia.com/makelar-gresik-garage/cover-tutup-spion-pajero-dakar-tahun-2016-2017-2018-2019-2020-2021-2022-2023-original-mitsubishi-1731397322322379927,Rp 160.000,-,Kab. Gresik,-,-,-,-,-,-,,
https://www.tokopedia.com/makelar-gresik-garage/mitsubishi-engine-flush-300ml-0riginal-cairan-pembersih-kerak-oli-mesin-mobil-motor-bensin-diesel-engine-flush-mz100723ex-1731378163100517527,Rp 27.000,-,Kab. Gresik,-,-,-,-,-,-,,
https://www.tokopedia.com/makelar-gresik-garage/bearing-bambu-pelancar-handel-kopling-rx-king-r25-all-motor-kopling-isi-1-pcs-1733334154113287319,Rp 8.000,-,Kab. Gresik,-,-,-,-,-,-,,
https://www.tokopedia.com/jual-beli-iphone-gresik,"JUAL BELI IPHONE GRESIK
Kab. Gresik
Lihat Toko",-,Kab. Gresik,-,-,-,-,-,-,,
https://www.tokopedia.com/jual-beli-iphone-gresik/iphone-11-64gb-resmi-indonesia-second-1731095833089377642,Rp 4.650.000,-,Kab. Gresik,-,-,-,-,-,-,,
https://www.tokopedia.com/jual-beli-iphone-gresik/iphone-15-pro-128gb-resmi-indonesia-second-1731091893048345962,Rp 15.012.000,-,Kab. Gresik,-,-,-,-,-,-,,
https://www.tokopedia.com/jual-beli-iphone-gresik/iphone-13-128gb-resmi-indonesia-sec-1731054941298132330,Rp 8.292.500,-,Kab. Gresik,-,-,-,-,-,-,,
https://www.tokopedia.com/toko-buku-raja,"obral Buku murah Gresik
Kab. Gresik
Lihat Toko",-,Kab. Gresik,-,-,-,-,-,-,,
https://www.tokopedia.com/toko-buku-raja/buku-islam-dan-kebudayaan-indonesia,Rp 30.000,-,Kab. Gresik,-,-,-,-,-,-,,
https://www.tokopedia.com/toko-buku-raja/buku-tuntunan-karya-ilmiah,Rp 15.000,-,Kab. Gresik,-,-,-,-,-,-,,
https://www.tokopedia.com/toko-buku-raja/buku-kamus-lengkap-bahasa-jawa,Rp 35.000,-,Kab. Gresik,-,-,-,-,-,-,,
https://www.tokopedia.com/cookies--parcel-cerme-gresik,"COOKIES & PARCEL CERME GRESIK
Surabaya
Lihat Toko",-,Kab. Gresik,-,-,-,-,-,-,,
https://www.tokopedia.com/cookies--parcel-cerme-gresik/buytheway-cookies-kue-oven-segar-homemade-special-dengan-cokelat-1737497454124566007-1737497496028087799,Rp 14.000,-,Kab. Gresik,-,-,-,-,-,-,,
https://www.tokopedia.com/cookies--parcel-cerme-gresik/cosrx-low-ph-gentle-cleanser-untuk-wajah-facial-wash-untuk-semua-jenis-kulit-juga-kulit-sensitif-1729759051574380023,Rp 79.500,-,Kab. Gresik,-,-,-,-,-,-,,
https://www.tokopedia.com/cookies--parcel-cerme-gresik/buytheway-derma-angel-acne-patch-1729658162766317047,Rp 25.000,-,Kab. Gresik,-,-,-,-,-,-,,
https://www.tokopedia.com/apotek-narendra-gresik-by-goapotik,"Apotek Narendra Gresik by GoApotik
Kab. Gresik
Lihat Toko",-,Kab. Gresik,-,-,-,-,-,-,,
https://www.tokopedia.com/apotek-narendra-gresik-by-goapotik/caviplex-bone-strip-10-kaplet-1730894103116744409,Rp 17.487,-,Kab. Gresik,-,-,-,-,-,-,,
https://www.tokopedia.com/apotek-narendra-gresik-by-goapotik/ika-sariawan-larutan-120-ml,Rp 23.913,-,Kab. Gresik,-,-,-,-,-,-,,
https://www.tokopedia.com/apotek-narendra-gresik-by-goapotik/cataflam-25-mg-blister-10-tablet,Rp 39.610,-,Kab. Gresik,-,-,-,-,-,-,,
https://www.tokopedia.com/sumbrejeki,"Sumber Rejeki Store Gresik
Kab. Gresik
Lihat Toko",-,Kab. Gresik,-,-,-,-,-,-,,
https://www.tokopedia.com/sumbrejeki/cetakan-ote-ote,Rp 6.000,-,Kab. Gresik,-,-,-,-,-,-,,
https://www.tokopedia.com/sumbrejeki/arang-kayu-1-kg-20-kg-sumbrejeki-1729718076518532151,Rp 11.000,-,Kab. Gresik,-,-,-,-,-,-,,
https://www.tokopedia.com/sumbrejeki/panggangan-sate-stainless-steel,Rp 25.000,-,Kab. Gresik,-,-,-,-,-,-,,
https://www.tokopedia.com/hypermartgresikmall,"Hypermart Gresik Mall
Kab. Gresik
Lihat Toko",-,Kab. Gresik,-,-,-,-,-,-,,
https://www.tokopedia.com/hypermartgresikmall/glade-aerosol-2-in1-lmn-fresh-225ml-1736983405077432312,Rp 32.990,-,Kab. Gresik,-,-,-,-,-,-,,
https://www.tokopedia.com/hypermartgresikmall/cosmos-dry-iron-cis-428-setrika-1736983645563357176,Rp 214.190,-,Kab. Gresik,-,-,-,-,-,-,,
https://www.tokopedia.com/hypermartgresikmall/konicare-minyak-kayu-putih-plus-60-ml-1736983238313084920,Rp 34.090,-,Kab. Gresik,-,-,-,-,-,-,,
https://www.tokopedia.com/toko-bu-anis-grosir-gresik,"Toko Bu Anis Grosir Gresik
Kab. Gresik
Lihat Toko",-,Kab. Gresik,-,-,-,-,-,-,,
https://www.tokopedia.com/toko-bu-anis-grosir-gresik/so-klin-bubuk-5000-an-kemasan-ekonomis-215g-10g-detergen-softergent-lavender-lily-wangi-lembut-21-hari-1736928630861694957-1736928957598894061,Rp 8.000,-,Kab. Gresik,-,-,-,-,-,-,,
https://www.tokopedia.com/toko-bu-anis-grosir-gresik/so-klin-liquid-scarlet-blossom-22g-500-12-gratis-parfum-mobil-1737295522523875309-1737387430722701293,Rp 46.900,-,Kab. Gresik,-,-,-,-,-,-,,
https://www.tokopedia.com/toko-bu-anis-grosir-gresik/so-klin-liquid-jumbo-power-clean-action-pembersih-cairan-konsentrat-untuk-kebersihan-maksimal-1737296749856786413-1737296855281862637,Rp 39.900,-,Kab. Gresik,-,-,-,-,-,-,,
https://www.tokopedia.com/mediatanamanmurah,"Sumber Tani Gresik
Kab. Gresik
Lihat Toko",-,Kab. Gresik,-,-,-,-,-,-,,
https://www.tokopedia.com/mediatanamanmurah/paket-murah-sekam-bakar-berat-10kg-karung-50kg,Rp 24.500,-,Kab. Gresik,-,-,-,-,-,-,,
https://www.tokopedia.com/mediatanamanmurah/paket-hemat-sekam-padi-berat-5kg-pakai-karung-25kg,Rp 12.500,-,Kab. Gresik,-,-,-,-,-,-,,
https://www.tokopedia.com/mediatanamanmurah/paket-murah-sekam-padi-berat-10-kg-karung-50kg,Rp 20.450,-,Kab. Gresik,-,-,-,-,-,-,,
https://www.tokopedia.com/honda-gresik,"Honda Gresik
Kab. Gresik
Lihat Toko",-,Kab. Gresik,-,-,-,-,-,-,,
https://www.tokopedia.com/honda-gresik/gasket-cylinder-head-vario-150-adv-150-pcx-150-12251k97t01-original-ahm-honda-1731694027311383737,Rp 35.000,-,Kab. Gresik,-,-,-,-,-,-,,
https://www.tokopedia.com/honda-gresik/lampu-depan-headlight-assy-new-beat-k1a-2020-2024-33100k1an01-original-ahm-honda-1731693989736711353,Rp 380.000,-,Kab. Gresik,-,-,-,-,-,-,,
https://www.tokopedia.com/alfiya-gresik,"Alfiya Gresik
Kab. Gresik
Lihat Toko",-,Kab. Gresik,-,-,-,-,-,-,,
https://www.tokopedia.com/alfiya-gresik/bass-al-banjari-ukuran-35-40-murah-gratis-tas-1730891105406125965,Rp 240.000,-,Kab. Gresik,-,-,-,-,-,-,,
https://www.tokopedia.com/alfiya-gresik/rebana-ukir-jepara-ukuran-28-30-murah-1733485289135376269,Rp 230.000,-,Kab. Gresik,-,-,-,-,-,-,,
https://www.tokopedia.com/alfiya-gresik/kulit-kambing-kualitas-super-ukuran-43-40-32-cm-1731348321029228429,Rp 52.000,-,Kab. Gresik,-,-,-,-,-,-,,
https://www.tokopedia.com/putra-medica-gresik,"PUTRA MEDICA GRESIK
Kab. Gresik
Lihat Toko",-,Kab. Gresik,-,-,-,-,-,-,,
https://www.tokopedia.com/putra-medica-gresik/autocheck-refill-strip-gula-glukosa-kolesterol-asam-urat-1729453085712878550,Rp 103.346,-,Kab. Gresik,-,-,-,-,-,-,,
https://www.tokopedia.com/putra-medica-gresik/putra-medica-arm-sling-basic-penyangga-lengan-cedera-gendongan-siku-1729810664440235990,Rp 24.755,-,Kab. Gresik,-,-,-,-,-,-,,
https://www.tokopedia.com/putra-medica-gresik/buli-buli-kantong-kompres-air-hangat-2000ml-1pc-bantal-karet-wwz-warm-hot-water-bag-1729424148858178518-1735943727363557334,Rp 32.418,-,Kab. Gresik,-,-,-,-,-,-,,
https://www.tokopedia.com/bukumurah,"OBRAL BUKU JAYA MURAH GRESIK
Kab. Gresik
Lihat Toko",-,Kab. Gresik,-,-,-,-,-,-,,
https://www.tokopedia.com/bukumurah/buku-matematika-teknik-k-a-stroud-edisi-ke-5-jilid-satu,Rp 75.000,-,Kab. Gresik,-,-,-,-,-,-,,
https://www.tokopedia.com/bukumurah/buku-belajar-hermeneutika,Rp 15.000,-,Kab. Gresik,-,-,-,-,-,-,,
https://www.tokopedia.com/bukumurah/buku-kompilasi-tembang-kenangan-indonesia-dan-mancanegara-1730929140398982180,Rp 15.000,-,Kab. Gresik,-,-,-,-,-,-,,
https://www.tokopedia.com/gresik-1,"Gresik Tech
Kab. Gresik
Lihat Toko",-,Kab. Gresik,-,-,-,-,-,-,,
https://www.tokopedia.com/gresik-1/monitor-lg-24mk400h,Rp 1.050.000,-,Kab. Gresik,-,-,-,-,-,-,,
https://www.tokopedia.com/gresik-1/gamesir-x5s-wireless-gamepad-2-4-ghz-dongle-1737548567191717711,Rp 565.000,-,Kab. Gresik,-,-,-,-,-,-,,
https://www.tokopedia.com/gresik-1/huawei-matepad-pro-11-1737548502934456143,Rp 4.050.000,-,Kab. Gresik,-,-,-,-,-,-,,
https://www.tokopedia.com/pabrik-dimsum-gresik,"PABRIK DIMSUM GRESIK
Kab. Gresik
Lihat Toko",-,Kab. Gresik,-,-,-,-,-,-,,
https://www.tokopedia.com/pabrik-dimsum-gresik/kulit-dimsum-siomay-bulat-diameter-9-cm-isi-100-pcs-untuk-membuat-dimsum-dan-siomay-lebih-mudah-1734365292979258704,Rp 11.400,-,Kab. Gresik,-,-,-,-,-,-,,
https://www.tokopedia.com/pabrik-dimsum-gresik/kulit-dimsum-siomay-bulat-diameter-8-cm-isi-120-pcs-untuk-membuat-dimsum-dan-siomay-1734365285400806736,Rp 11.400,-,Kab. Gresik,-,-,-,-,-,-,,
https://www.tokopedia.com/pabrik-dimsum-gresik/kulit-dimsum-siomay-bulat-diameter-7-cm-isi-140-pcs-untuk-membuat-dimsum-dan-siomay-sendiri-1734355620925637968,Rp 11.400,-,Kab. Gresik,-,-,-,-,-,-,,
https://www.tokopedia.com/toko-kimia-cavpar-kimia-gresik,"Toko Kimia Cavpar Kimia Gresik
Kab. Gresik
Lihat Toko",-,Kab. Gresik,-,-,-,-,-,-,,
https://www.tokopedia.com/barokah-jaya-gresik,"BAROKAH JAYA GRESIK
Lihat Toko",-,Kab. Gresik,-,-,-,-,-,-,,
https://www.tokopedia.com/bloods-gresik,"BLOODS GRESIK
Kab. Gresik
Lihat Toko",-,Kab. Gresik,-,-,-,-,-,-,,
https://www.tokopedia.com/ajm-gresik,"ajm gresik
Kab. Gresik
Lihat Toko",-,Kab. Gresik,-,-,-,-,-,-,,
https://www.tokopedia.com/pempek-51-gresik,"Pempek 51 gresik
Kab. Gresik
Lihat Toko",-,Kab. Gresik,-,-,-,-,-,-,,
https://www.tokopedia.com/pempek-51-gresik/pempek-adaan-isi-12-pcs-makanan-ringan-tradisional-indonesia-dengan-rasa-enak-dan-lezat-terbuat-dari-ikan-tengiri-asli-1733575725498860774,Rp 36.000,-,Kab. Gresik,-,-,-,-,-,-,,
https://www.tokopedia.com/pempek-51-gresik/pempek-ikan-tengiri-asli-isi-5-pcs-mix-ada-2-lenjer-1-telur-kecil-1-kulit-dan-1-adaan-1733576071734199526,Rp 15.000,-,Kab. Gresik,-,-,-,-,-,-,,
https://www.tokopedia.com/pempek-51-gresik/pempek-lenjer-isi-12-pcs-terbuat-dari-ikan-tengiri-asli-1733576205603996902,Rp 36.000,-,Kab. Gresik,-,-,-,-,-,-,,
https://www.tokopedia.com/raudhah-fashion-gresik,"Raudhah Fashion Gresik
Kab. Gresik
Lihat Toko",-,Kab. Gresik,-,-,-,-,-,-,,
https://www.tokopedia.com/raudhah-fashion-gresik/bergo-hamidah-size-m-bahan-jersey-premium-1730726901859124709,Rp 25.500,-,Kab. Gresik,-,-,-,-,-,-,,
https://www.tokopedia.com/raudhah-fashion-gresik/3-pcs-bergo-hamidah-kualitas-premium-1730726954468083173,Rp 79.999,-,Kab. Gresik,-,-,-,-,-,-,,
https://www.tokopedia.com/raudhah-fashion-gresik/cameliw-flower-muslim-jilbab-syari-mewah-ceruty-maxmara-1731056819799098853,Rp 350.000,-,Kab. Gresik,-,-,-,-,-,-,,
https://www.tokopedia.com/daster-murah-gresik-88,"Daster Murah Gresik 88
Kab. Gresik
Lihat Toko",-,Kab. Gresik,-,-,-,-,-,-,,
https://www.tokopedia.com/daster-murah-gresik-88/55rb-daster-chibi-luna-pekalongan-matt-rayon-pekalongan-premium-motif-sembur-1730001830901942844,Rp 55.000,-,Kab. Gresik,-,-,-,-,-,-,,
https://www.tokopedia.com/daster-murah-gresik-88/20rb-daster-payung-100rb-dapat-5pcs-1729537670477613628,Rp 138.584,-,Kab. Gresik,-,-,-,-,-,-,,
https://www.tokopedia.com/daster-murah-gresik-88/30rb-daster-kimono-long-ld-120-90rb-dapat-3pcs-1729557648785050172,Rp 120.000,-,Kab. Gresik,-,-,-,-,-,-,,
https://www.tokopedia.com/daster-gresik,"Daster Gresik
Kab. Gresik
Lihat Toko",-,Kab. Gresik,-,-,-,-,-,-,,
https://www.tokopedia.com/daster-gresik/melva-homedress-daster-busui-friendly-rayon-premium-summer-lembut-nyaman-1729906007213312212,Rp 120.000,-,Kab. Gresik,-,-,-,-,-,-,,
https://www.tokopedia.com/dedapur-gresik,"Dedapur Gresik
Kab. Gresik
Lihat Toko",-,Kab. Gresik,-,-,-,-,-,-,,
https://www.tokopedia.com/dedapur-gresik/songket-blouse-by-vanilla-hijab-size-s-ld-90-cm-p-70-cm-1731091977860450064,Rp 98.000,-,Kab. Gresik,-,-,-,-,-,-,,
https://www.tokopedia.com/undangan-gresik,"Undangan Gresik
Kab. Gresik
Lihat Toko",-,Kab. Gresik,-,-,-,-,-,-,,
https://www.tokopedia.com/undangan-gresik/is-100-sehari-jadi-kartu-souvenir-kartu-ucapan-terimakasih-1732547137519715683,Rp 9.900,-,Kab. Gresik,-,-,-,-,-,-,,
https://www.tokopedia.com/undangan-gresik/50-pcs-undangan-murah-bolak-balik-1732579817234072931,Rp 39.500,-,Kab. Gresik,-,-,-,-,-,-,,
https://www.tokopedia.com/undangan-gresik/isi-100-stiker-selapan-bayi-tasyakuran-aqiqah-1731450509689259363,Rp 45.000,-,Kab. Gresik,-,-,-,-,-,-,,
https://www.tokopedia.com/aima-gkb-gresik,"AIMA GKB GRESIK
Kab. Gresik
Lihat Toko",-,Kab. Gresik,-,-,-,-,-,-,,
https://www.tokopedia.com/ainisshopgresik,"Aini's Shop Gresik
Kab. Gresik
Lihat Toko",-,Kab. Gresik,-,-,-,-,-,-,,
https://www.tokopedia.com/ainisshopgresik/jepit-rambut-model-kupu-kupu-mutiara-menjuntai-1735419668444710644-1735419670532949748,Rp 40.000,-,Kab. Gresik,-,-,-,-,-,-,,
https://www.tokopedia.com/ainisshopgresik/gelang-fashion-motif-unik-dan-modis-part-2-1735419891574998772-1735419900479506164,Rp 20.000,-,Kab. Gresik,-,-,-,-,-,-,,
https://www.tokopedia.com/ainisshopgresik/gelang-fashion-nyaman-dipakai-dan-modis-1735419744414238452-1735419816869725940,Rp 20.000,-,Kab. Gresik,-,-,-,-,-,-,,
https://www.tokopedia.com/dienperfume-gresik,"Dienperfume gresik
Kab. Gresik
Lihat Toko",-,Kab. Gresik,-,-,-,-,-,-,,
https://www.tokopedia.com/dienperfume-gresik/dien-perfume-deodorant-wanita-pria-roll-on-spray-deodoran-pencerah-ketiak-menghilangkan-bau-badan-1730677933266601122,Rp 35.000,-,Kab. Gresik,-,-,-,-,-,-,,
https://www.tokopedia.com/dienperfume-gresik/jamu-godok-pengantin-baru-dien-perfume-jamu-rebus-rempah-temulawak-secang-cengkeh-1730678306454340770,Rp 35.000,-,Kab. Gresik,-,-,-,-,-,-,,
https://www.tokopedia.com/dienperfume-gresik/boreh-pengantin-dien-perfume-parfum-farfum-wanita-1730691340899157154,Rp 25.000,-,Kab. Gresik,-,-,-,-,-,-,,
https://www.tokopedia.com/kosmetik-sr12-gresik,"Kosmetik SR12 Gresik
Kab. Gresik
Lihat Toko",-,Kab. Gresik,-,-,-,-,-,-,,
https://www.tokopedia.com/kosmetik-sr12-gresik/body-wash-black-coffee-sabun-mandi-mencerahkan-1729833712631187084,Rp 31.500,-,Kab. Gresik,-,-,-,-,-,-,,
https://www.tokopedia.com/kosmetik-sr12-gresik/best-seller-dna-salmon-series-sr12-pencerah-wajah-1729850144023742092,Rp 185.000,-,Kab. Gresik,-,-,-,-,-,-,,
https://www.tokopedia.com/kosmetik-sr12-gresik/laris-miss-manja-wash-spray-perawatan-kewanitaan-1729850148978722444,Rp 85.000,-,Kab. Gresik,-,-,-,-,-,-,,
https://www.tokopedia.com/bonsai-bagus-gresik,"bonsai bagus gresik
Kab. Gresik
Lihat Toko",-,Kab. Gresik,-,-,-,-,-,-,,
https://www.tokopedia.com/bonsai-bagus-gresik/lembago-merah-bayam-merah-1732108301402539340,Rp 2.950,-,Kab. Gresik,-,-,-,-,-,-,,
https://www.tokopedia.com/bonsai-bagus-gresik/wali-songo-tanaman-hias-minimalis-1732140223639684428,Rp 7.000,-,Kab. Gresik,-,-,-,-,-,-,,
https://www.tokopedia.com/bonsai-bagus-gresik/ruellia-rawelia-pendek-tanaman-hias-1732107156133479756,Rp 2.900,-,Kab. Gresik,-,-,-,-,-,-,,
https://www.tokopedia.com/lilissuganda-msi-gresik,"Lilissuganda msi gresik
Kab. Gresik
Lihat Toko",-,Kab. Gresik,-,-,-,-,-,-,,
https://www.tokopedia.com/lilissuganda-msi-gresik/bisa-cod-gamat-emas-mahkota-msi-original-1729890561140427536,Rp 275.000,-,Kab. Gresik,-,-,-,-,-,-,,
https://www.tokopedia.com/lilissuganda-msi-gresik/bambo-charcoal-glowing-serum-paket-bebas-flek-hitam-mencerahkan-1729965286320671504,Rp 145.000,-,Kab. Gresik,-,-,-,-,-,-,,
https://www.tokopedia.com/lilissuganda-msi-gresik/bisa-cod-1box-isi-18sct-manjavikan-msi-original-1729892653957942032,Rp 275.000,-,Kab. Gresik,-,-,-,-,-,-,,
https://www.tokopedia.com/tanaman-gresik,"Tanaman gresik
Kab. Gresik
Lihat Toko",-,Kab. Gresik,-,-,-,-,-,-,,
https://www.tokopedia.com/tanaman-gresik/adenium,Rp 200.000,-,Kab. Gresik,-,-,-,-,-,-,,
https://www.tokopedia.com/tanaman-gresik/bibit-bunga-adenium-bunga-tumpuk-paket-isi-5-pohon-free-ongkir,Rp 100.000,-,Kab. Gresik,-,-,-,-,-,-,,
https://www.tokopedia.com/tanaman-gresik/pot-polibag-tanaman-hitam,Rp 15.000,-,Kab. Gresik,-,-,-,-,-,-,,
https://www.tokopedia.com/aneka-furniture-gresik,"Aneka furniture Gresik
Kab. Gresik
Lihat Toko",-,Kab. Gresik,-,-,-,-,-,-,,
https://www.tokopedia.com/aneka-furniture-gresik/meja-set-cafe-warkop-bahan-full-kayu-kualitas-premium-untuk-ruang-tamu-dan-kantor-furniture-1733726060400576416,Rp 380.000,-,Kab. Gresik,-,-,-,-,-,-,,
https://www.tokopedia.com/shining-craft-gresik,"Shining Craft Gresik
Kab. Gresik
Lihat Toko",-,Kab. Gresik,-,-,-,-,-,-,,
https://www.tokopedia.com/shining-craft-gresik/magic-snack-bouquet-murah-gresik-hadiah-murah-1730002959961786548,Rp 55.000,-,Kab. Gresik,-,-,-,-,-,-,,
https://www.tokopedia.com/shining-craft-gresik/magic0-frame-murah-untuk-wedding-birthday-farewell-dinding-foto-hadiah-1729558607081800884,Rp 69.000,-,Kab. Gresik,-,-,-,-,-,-,,
https://www.tokopedia.com/shining-craft-gresik/magic-mini-bouquet-coklat-snack-murah-sesuai-budget-1730002667540940980,Rp 47.000,-,Kab. Gresik,-,-,-,-,-,-,,
https://www.tokopedia.com/aice-gresik,"AICE GRESIK
Kab. Gresik
Lihat Toko",-,Kab. Gresik,-,-,-,-,-,-,,
https://www.tokopedia.com/aice-gresik/mochi-2-rasa-sesame-ketan-hitam-red-bean-kacang-merah-isi-12-1731091842861532164,Rp 60.000,-,Kab. Gresik,-,-,-,-,-,-,,
https://www.tokopedia.com/aice-gresik/mochi-2-rasa-sesame-ketan-hitam-red-bean-kacang-merah-isi-24-1731091820731073540,Rp 120.000,-,Kab. Gresik,-,-,-,-,-,-,,
https://www.tokopedia.com/aice-gresik/mochi-rasa-sesame-wijen-hitam-1731091673997345796,Rp 120.000,-,Kab. Gresik,-,-,-,-,-,-,,
https://www.tokopedia.com/jajanan-eyang-ti-gresik,"Jajanan Eyang Ti Gresik
Kab. Gresik
Lihat Toko",-,Kab. Gresik,-,-,-,-,-,-,,
https://www.tokopedia.com/jajanan-eyang-ti-gresik/pia-crispy-by-ae-malang-enak-manis-dan-kress-1730606745166840981,Rp 26.000,-,Kab. Gresik,-,-,-,-,-,-,,
https://www.tokopedia.com/jajanan-eyang-ti-gresik/peyek-kacang-tanah-peyek-kacang-hijau-istiqomah-enak-gurih-dan-renyah-1730606639954560149,Rp 20.000,-,Kab. Gresik,-,-,-,-,-,-,,
https://www.tokopedia.com/jajanan-eyang-ti-gresik/enting-enting-kacang-kacang-wijen-snack-1729917934230078613,Rp 14.999,-,Kab. Gresik,-,-,-,-,-,-,,
https://www.tokopedia.com/b-klin-gresik-surabaya,"B-KLIN GRESIK-SURABAYA
Kab. Gresik
Lihat Toko",-,Kab. Gresik,-,-,-,-,-,-,,
https://www.tokopedia.com/b-klin-gresik-surabaya/sabun-cuci-piring-b-klin-kualitas-premium-kemasan-1liter-bisa-menghilangkan-minyak-bandel-yang-menempel-di-piring-1729676322644658864,Rp 10.000,-,Kab. Gresik,-,-,-,-,-,-,,
https://www.tokopedia.com/b-klin-gresik-surabaya/pembersih-lantai-premium-5-liter-1730832191102289584,Rp 50.000,-,Kab. Gresik,-,-,-,-,-,-,,
https://www.tokopedia.com/b-klin-gresik-surabaya/shampo-motor-mobil-premium-1-liter-kualitas-primium-1729638101135558320,Rp 10.000,-,Kab. Gresik,-,-,-,-,-,-,,
https://www.tokopedia.com/gresikdiecast,"GresikDiecast
Kab. Gresik
Lihat Toko",-,Kab. Gresik,-,-,-,-,-,-,,
https://www.tokopedia.com/gresikdiecast/buku-akuntansi-keuangan-menengah-1-2-kieso-weygandt-warfield-1732824814844085945,Rp 60.000,-,Kab. Gresik,-,-,-,-,-,-,,
https://www.tokopedia.com/gresikdiecast/komik-bekas-yotsuba-vol-1-14-1732739626927883961,Rp 485.000,-,Kab. Gresik,-,-,-,-,-,-,,
https://www.tokopedia.com/gresikdiecast/push-up-board-tali-skipping-resistence-band-speeds-bekas-1732009057336592057,Rp 60.000,-,Kab. Gresik,-,-,-,-,-,-,,
https://www.tokopedia.com/tokoh-habiba-gresik,"tokoh habiba gresik
Kab. Gresik
Lihat Toko",-,Kab. Gresik,-,-,-,-,-,-,,
https://www.tokopedia.com/tokoh-habiba-gresik/sidu-buku-catatan-cotton-candy-meow-motif-arcade-38-halaman-untuk-anak-anak-dan-penggemar-desain-unik-1733745879475455826,Rp 30.000,-,Kab. Gresik,-,-,-,-,-,-,,
https://www.tokopedia.com/zarable-buket-murah-gresik,"ZARABLE BUKET MURAH GRESIK
Kab. Gresik
Lihat Toko",-,Kab. Gresik,-,-,-,-,-,-,,
https://www.tokopedia.com/zarable-buket-murah-gresik/zarable-buket-kopi-set-hadiah-pacar-1729859846308989512,Rp 75.000,-,Kab. Gresik,-,-,-,-,-,-,,
https://www.tokopedia.com/ypbeauty-gresik,"YpBeauty Gresik
Kab. Gresik
Lihat Toko",-,Kab. Gresik,-,-,-,-,-,-,,
https://www.tokopedia.com/undangan--souvenir-gresik,"Undangan & Souvenir Gresik
Kab. Gresik
Lihat Toko",-,Kab. Gresik,-,-,-,-,-,-,,
https://www.tokopedia.com/undangan--souvenir-gresik/undangan-cetak-pernikahan-100pcs-1730688071721256876,Rp 87.500,-,Kab. Gresik,-,-,-,-,-,-,,
https://www.tokopedia.com/undangan--souvenir-gresik/undangan-pernikahan-aesthetic-isi-100pcs-1730688042560817068,Rp 87.500,-,Kab. Gresik,-,-,-,-,-,-,,
https://www.tokopedia.com/undangan--souvenir-gresik/undangan-pernikahan-aesthetic-kekinian-isi-100pcs-1730687963310360492,Rp 87.500,-,Kab. Gresik,-,-,-,-,-,-,,
https://www.tokopedia.com/sari-roti-driyorejo-gresik,"SARI ROTI DRIYOREJO GRESIK
Kab. Gresik
Lihat Toko",-,Kab. Gresik,-,-,-,-,-,-,,
https://www.tokopedia.com/selempangku-gresik,"Selempangku Gresik
Kab. Gresik
Lihat Toko",-,Kab. Gresik,-,-,-,-,-,-,,
https://www.tokopedia.com/selempangku-gresik/buket-bunga-flanel-by-selempangku-gresik-1729432465119742824,Rp 40.000,-,Kab. Gresik,-,-,-,-,-,-,,
https://www.tokopedia.com/selempangku-gresik/balon-pvc-transparan-24-inch-stik-tangkai-balon-1729434551879043944,Rp 5.500,-,Kab. Gresik,-,-,-,-,-,-,,
https://www.tokopedia.com/selempangku-gresik/topper-happy-birthday-akrilik-1729617169206053736,Rp 5.000,-,Kab. Gresik,-,-,-,-,-,-,,
https://www.tokopedia.com/pulsa21-gresik,"pulsa21 gresik
Kab. Gresik
Lihat Toko",-,Kab. Gresik,-,-,-,-,-,-,,
https://www.tokopedia.com/pulsa21-gresik/handsfree-lanex-le01-bass-1729670352157312882,Rp 30.000,-,Kab. Gresik,-,-,-,-,-,-,,
https://www.tokopedia.com/pulsa21-gresik/headset-cable-tech-x-hs03-earphone-karet-kabel-1729655687933560690,Rp 45.600,-,Kab. Gresik,-,-,-,-,-,-,,
https://www.tokopedia.com/pulsa21-gresik/handsfree-idol-champ-model-bluetooth-1729669509632198514,Rp 40.000,-,Kab. Gresik,-,-,-,-,-,-,,
https://www.tokopedia.com/junior-shop-gresik,"Junior Shop Gresik
Kab. Gresik
Lihat Toko",-,Kab. Gresik,-,-,-,-,-,-,,
https://www.tokopedia.com/gresikbettafish,"GresikBettaFish
Lihat Toko",-,Kab. Gresik,-,-,-,-,-,-,,
https://www.tokopedia.com/pentol-gresik-sp-by-bakso-una,"PENTOL GRESIK SP BY BAKSO UNA
Kab. Bantul
Lihat Toko",-,Kab. Gresik,-,-,-,-,-,-,,
https://www.tokopedia.com/toko-cinta-gresik,"Toko cinta gresik
Kab. Gresik
Lihat Toko",-,Kab. Gresik,-,-,-,-,-,-,,
https://www.tokopedia.com/telur-ikan-pps-gresik,"Telur ikan pps Gresik
Kab. Gresik
Lihat Toko",-,Kab. Gresik,-,-,-,-,-,-,,
https://www.tokopedia.com/telur-ikan-pps-gresik/telur-ikan-bader-khas-gresik-pedas-1732199517440935236,Rp 20.000,-,Kab. Gresik,-,-,-,-,-,-,,
https://www.tokopedia.com/wisata-jati-sewu-gresik,"Wisata Jati Sewu Gresik
Kab. Gresik
Lihat Toko",-,Kab. Gresik,-,-,-,-,-,-,,
https://www.tokopedia.com/wisata-jati-sewu-gresik/tiket-masuk-wisata-jati-sewu-gresik-1736388225717929520-1736389280773473840,Rp 10.000,-,Kab. Gresik,-,-,-,-,-,-,,
https://www.tokopedia.com/dzakiyyah-toko-gresik,"DZAKIYYAH TOKO GRESIK
Kab. Gresik
Lihat Toko",-,Kab. Gresik,-,-,-,-,-,-,,
https://www.tokopedia.com/toko-terang-jaya-gresik,"Toko Terang Jaya Gresik
Kab. Gresik
Lihat Toko",-,Kab. Gresik,-,-,-,-,-,-,,
https://www.tokopedia.com/agen-bhs-gresik,"Agen BHS Gresik
Kab. Gresik
Lihat Toko",-,Kab. Gresik,-,-,-,-,-,-,,
https://www.tokopedia.com/agen-bhs-gresik/sarung-mustamin-motif-kembangan-1734421652536722947,Rp 160.000,-,Kab. Gresik,-,-,-,-,-,-,,
https://www.tokopedia.com/heroes-perfume-gresik,"Heroes Perfume Gresik
Lihat Toko",-,Kab. Gresik,-,-,-,-,-,-,,
https://www.tokopedia.com/nyamil-gresik-toserbamini,"nyamil gresik toserbamini
Kab. Madiun
Lihat Toko",-,Kab. Gresik,-,-,-,-,-,-,,
https://www.tokopedia.com/nyamil-gresik-toserbamini/pipa-pvc-lem-untuk-kebutuhan-rumah-tangga-1729736927762024352,Rp 8.000,-,Kab. Gresik,-,-,-,-,-,-,,
https://www.tokopedia.com/nyamil-gresik-toserbamini/kabel-isolasi-listrik-berkualitas-tinggi-1729730404226008992,Rp 7.000,-,Kab. Gresik,-,-,-,-,-,-,,
https://www.tokopedia.com/nyamil-gresik-toserbamini/jas-hujan-kresek-plastik-untuk-perlindungan-dari-hujan-1729730339421652896,Rp 7.500,-,Kab. Gresik,-,-,-,-,-,-,,
https://www.tokopedia.com/gresik-hobby,"Gresik Hobby
Kab. Tabanan
Lihat Toko",-,Kab. Gresik,-,-,-,-,-,-,,
https://www.tokopedia.com/gresik-hobby/buzz-bee-toys-air-tek-8-not-nerf-gun,Rp 100.000,-,Kab. Gresik,-,-,-,-,-,-,,
https://www.tokopedia.com/gresik-hobby/tas-shoulder-bag-drone-dji-mini-2-startrc,Rp 175.000,-,Kab. Gresik,-,-,-,-,-,-,,
https://www.tokopedia.com/gresikgadgetstore,"gresik gadget store
Kab. Gresik
Lihat Toko",-,Kab. Gresik,-,-,-,-,-,-,,
https://www.tokopedia.com/gresikgadgetstore/iphone-11-64gb-resmi-ibox-1730918621724640900,Rp 4.400.000,-,Kab. Gresik,-,-,-,-,-,-,,
https://www.tokopedia.com/gresikgadgetstore/redmi-13-8-128-gb-second-likenew-1736119106643592836,Rp 1.500.000,-,Kab. Gresik,-,-,-,-,-,-,,
https://www.tokopedia.com/gresikgadgetstore/magple-ip-17-pro-256-gb-ibox-bh-100-ponsel-canggih-dengan-kapasitas-256-gb-dan-desain-elegan-1735717477991024260,Rp 22.250.000,-,Kab. Gresik,-,-,-,-,-,-,,
https://www.tokopedia.com/klik-garment-gresik,"Klik Garment Gresik
Kab. Gresik
Lihat Toko",-,Kab. Gresik,-,-,-,-,-,-,,
https://www.tokopedia.com/klik-garment-gresik/bendera-dan-safety-bordir-1736503648060344256,Rp 3.000,-,Kab. Gresik,-,-,-,-,-,-,,
https://www.tokopedia.com/nipis-kecut-super-gresik,"Nipis Kecut Super Gresik
Kab. Gresik
Lihat Toko",-,Kab. Gresik,-,-,-,-,-,-,,
https://www.tokopedia.com/bintang-utama-gresik,"Bintang Utama Gresik
Kab. Gresik
Lihat Toko",-,Kab. Gresik,-,-,-,-,-,-,,
https://www.tokopedia.com/bintang-utama-gresik/cat-texture-bok-speaker-merk-boxer-paint-1735974688095111010,Rp 70.000,-,Kab. Gresik,-,-,-,-,-,-,,
https://www.tokopedia.com/bintang-utama-gresik/mixer-soundqueen-athena-10-1732851231700125538,Rp 1.659.999,-,Kab. Gresik,-,-,-,-,-,-,,
https://www.tokopedia.com/jaya-crackers-gresik,"Jaya Crackers Gresik
Kab. Gresik
Lihat Toko",-,Kab. Gresik,-,-,-,-,-,-,,
https://www.tokopedia.com/jaya-crackers-gresik/krupuk-bawang-pedas-rajawali-1734299651022423464,Rp 9.500,-,Kab. Gresik,-,-,-,-,-,-,,
https://www.tokopedia.com/jaya-crackers-gresik/cussons-baby-cream-soft-dan-smooth-almond-rose-oil-1736324927569954216,Rp 25.000,-,Kab. Gresik,-,-,-,-,-,-,,
https://www.tokopedia.com/jaya-crackers-gresik/krecek-kulit-sapi-krupuk-rambak-1734299663580235176,Rp 29.000,-,Kab. Gresik,-,-,-,-,-,-,,
https://www.tokopedia.com/vika-shop-gresik,"Vika Shop Gresik
Lihat Toko",-,Kab. Gresik,-,-,-,-,-,-,,
https://www.tokopedia.com/gudang-sprei-gresik,"gudang sprei gresik
Kab. Gresik
Lihat Toko",-,Kab. Gresik,-,-,-,-,-,-,,
https://www.tokopedia.com/gudang-sprei-gresik/adela-sprei-set-motif-diego-tinggi-30-cm-tanpa-bedcover-1735094021451645992-1735094235019969576,Rp 143.333,-,Kab. Gresik,-,-,-,-,-,-,,
https://www.tokopedia.com/bakso-empal-sapi-gresik,"Bakso Empal Sapi Gresik
Kab. Gresik
Lihat Toko",-,Kab. Gresik,-,-,-,-,-,-,,
https://www.tokopedia.com/bakso-empal-sapi-gresik/daging-sapi-potong-beku-500-gram-1736200287675319699,Rp 70.000,-,Kab. Gresik,-,-,-,-,-,-,,
https://www.tokopedia.com/bakso-empal-sapi-gresik/bakso-empal-sapi-original-1kg-isi-100-1735991122353227155,Rp 85.000,-,Kab. Gresik,-,-,-,-,-,-,,
https://www.tokopedia.com/bakso-empal-sapi-gresik/bakso-empal-sapi-original-500gr-isi-50-frozen-1735990892955927955,Rp 45.000,-,Kab. Gresik,-,-,-,-,-,-,,
https://www.tokopedia.com/zamzamparfume,"ZamZam Parfume Gresik
Kab. Gresik
Lihat Toko",-,Kab. Gresik,-,-,-,-,-,-,,
https://www.tokopedia.com/zamzamparfume/parfum-laundry-pewangi-baju-tahan-lama-dan-anti-bau-parfum-sarung-parfum-baju-1732788762905511023,Rp 21.250,-,Kab. Gresik,-,-,-,-,-,-,,
https://www.tokopedia.com/zamzamparfume/parfum-pria-parfum-wanita-parfum-tahan-lama-parfum-isi-ulang,Rp 45.000,-,Kab. Gresik,-,-,-,-,-,-,,
https://www.tokopedia.com/dimsum-gembul-gresik,"DIMSUM GEMBUL GRESIK
Kab. Gresik
Lihat Toko",-,Kab. Gresik,-,-,-,-,-,-,,
https://www.tokopedia.com/dimsum-gembul-gresik/dimsum-goreng-keju-lumer-isi-4pcs-free-saus-chili-oil-1735133794182727265-1735249164398200417,Rp 19.900,-,Kab. Gresik,-,-,-,-,-,-,,
https://www.tokopedia.com/pesona-kosmetik-gresik,"Pesona Kosmetik Gresik
Kab. Gresik
Lihat Toko",-,Kab. Gresik,-,-,-,-,-,-,,
https://www.tokopedia.com/pesona-kosmetik-gresik/omg-oh-my-glam-coverlast-cushion-15g-cushion-foundation-concealer-skin-tint-make-up-high-coverage-dewy-finish-poreless-1732436941866764265,Rp 71.000,-,Kab. Gresik,-,-,-,-,-,-,,
https://www.tokopedia.com/pesona-kosmetik-gresik/hanasui-power-barrier-serum-serum-wajah-bpom-20ml-mencerahkan-menghidrasi-kulit-maksimal-72-jam-1733115784046348265,Rp 28.000,-,Kab. Gresik,-,-,-,-,-,-,,
https://www.tokopedia.com/pesona-kosmetik-gresik/glad2glow-serum-series-all-varian-peeling-exfoliating-bright-glow-pemutih-retinol-dark-spot-acne-spot-niacinamide-serum-untuk-kulit-wajah-bercahaya-dan-halus-1733115969007552489,Rp 44.000,-,Kab. Gresik,-,-,-,-,-,-,,
https://www.tokopedia.com/ikan-asap-gresik-sidoarjo,"Ikan asap gresik-sidoarjo
Kab. Gresik
Lihat Toko",-,Kab. Gresik,-,-,-,-,-,-,,
https://www.tokopedia.com/ikan-asap-gresik-sidoarjo/telur-asin-masir-telur-asin-masir-dengan-kualitas-terbaik-untuk-konsumsi-sehari-hari-1735330748707013633-1735349739357242369,Rp 36.000,-,Kab. Gresik,-,-,-,-,-,-,,
https://www.tokopedia.com/buket-bunga-dan-kue-gresik,"Buket bunga dan kue gresik
Kab. Gresik
Lihat Toko",-,Kab. Gresik,-,-,-,-,-,-,,
https://www.tokopedia.com/buket-bunga-dan-kue-gresik/gea-cardigan-oversized-rajut-knit-kardigan-besar-bigsize-sweater-1729425646690142537,Rp 75.000,-,Kab. Gresik,-,-,-,-,-,-,,
https://www.tokopedia.com/buket-bunga-dan-kue-gresik/bian-cardigan-sweater-rajut-oversize-knit-tebal-wanita-kardigan-bigsize-stripe-garis-1729587759388394825-1735159755798447433,Rp 80.000,-,Kab. Gresik,-,-,-,-,-,-,,
https://www.tokopedia.com/buket-bunga-dan-kue-gresik/cuci-gudang-blouse-atasan-dress-murah-meriah-1729732087442278729,Rp 30.000,-,Kab. Gresik,-,-,-,-,-,-,,
https://www.tokopedia.com/gresikponsel,"GRESIKPONSEL
Kab. Gresik
Lihat Toko",-,Kab. Gresik,-,-,-,-,-,-,,
https://www.tokopedia.com/gresikponsel/advance-slc-100-mesin-pres-gelas-plastik-manual-cup-sealer-machine-kapasitas-300-500-pcs-jam-1736583670190278146,Rp 850.000,-,Kab. Gresik,-,-,-,-,-,-,,
https://www.tokopedia.com/gresikponsel/miyoshi-cup-sealer-c39-mesin-penutup-cup-dengan-sumber-ac220v-untuk-penggunaan-praktis-dan-efisien-1736583646159144450,Rp 850.000,-,Kab. Gresik,-,-,-,-,-,-,,
https://www.tokopedia.com/gresikponsel/getra-mesin-penyegel-gelas-plastik-sc-d8-h-manual-cup-sealing-machine-dengan-gratis-1-pcs-roll-plastik-1736583560635581954,Rp 950.000,-,Kab. Gresik,-,-,-,-,-,-,,
https://www.tokopedia.com/percetakan-albarokah-gresik,"Percetakan albarokah gresik
Kab. Gresik
Lihat Toko",-,Kab. Gresik,-,-,-,-,-,-,,
https://www.tokopedia.com/percetakan-albarokah-gresik/al-barokah-undangan-pernikahan-kertas-bief-card-bc-150-gsm-sederhana-dan-elegan-order-now-1731951620133521298,Rp 800,-,Kab. Gresik,-,-,-,-,-,-,,
https://www.tokopedia.com/percetakan-albarokah-gresik/al-barokah-stiker-glossy-vinyl-ukuran-a4-ketebalan-260-gsm-tahan-lama-cocok-untuk-penggunaan-jangka-panjang-1731951556172351378,Rp 5.000,-,Kab. Gresik,-,-,-,-,-,-,,
https://www.tokopedia.com/percetakan-albarokah-gresik/undangan-pernikahan-elegan-dengan-desain-bunga-dan-teks-untuk-acara-spesial-anda-1735397667381348242,Rp 150.000,-,Kab. Gresik,-,-,-,-,-,-,,
https://www.tokopedia.com/duta-sayur-gresik,"DUTA SAYUR GRESIK
Kab. Gresik
Lihat Toko",-,Kab. Gresik,-,-,-,-,-,-,,
https://www.tokopedia.com/duta-sayur-gresik/bawang-kating-segar-dan-berkualitas-tinggi-untuk-masakan-anda-1736435803280082303-1736435668880557439,Rp 46.999,-,Kab. Gresik,-,-,-,-,-,-,,
https://www.tokopedia.com/buket-kedamean-menganti-gresik,"BUKET KEDAMEAN MENGANTI GRESIK
Kab. Gresik
Lihat Toko",-,Kab. Gresik,-,-,-,-,-,-,,
https://www.tokopedia.com/alfatih-audio-gresik,"Alfatih audio gresik
Kab. Gresik
Lihat Toko",-,Kab. Gresik,-,-,-,-,-,-,,
https://www.tokopedia.com/alfatih-audio-gresik/amplimini-24volt-tpa3116d2-cip-ory-1736285958908183852,Rp 230.000,-,Kab. Gresik,-,-,-,-,-,-,,
https://www.tokopedia.com/bouquet-gresik,"Bouquet Gresik
Kab. Gresik
Lihat Toko",-,Kab. Gresik,-,-,-,-,-,-,,
https://www.tokopedia.com/bouquet-gresik/8cm-bunga-mawar-satin-glitter-non-glitter-bunga-satin-bunga-pita-satin-glitter-pita-2-5-cm-1732171993364203498,Rp 4.500,-,Kab. Gresik,-,-,-,-,-,-,,
https://www.tokopedia.com/bouquet-gresik/buket-bunga-pita-satin-viral-buket-pita-satin-glitter-termurah-packing-tebal-1732233494062270442,Rp 165.000,-,Kab. Gresik,-,-,-,-,-,-,,
https://www.tokopedia.com/jeruk-nipis-gresik-2,"Jeruk nipis gresik 2
Kab. Gresik
Lihat Toko",-,Kab. Gresik,-,-,-,-,-,-,,
https://www.tokopedia.com/jeruk-nipis-gresik-2/jeruk-nipis-hijau-1kg-fresh-buah-segar-dan-segar-untuk-kebutuhan-anda-1736669850549126483,Rp 15.000,-,Kab. Gresik,-,-,-,-,-,-,,
https://www.tokopedia.com/jeruk-nipis-gresik-2/jeruk-nipis-masak-pohon-1kg-buah-segar-dan-segar-untuk-kesehatan-anda-1736669772769428819,Rp 12.000,-,Kab. Gresik,-,-,-,-,-,-,,
https://www.tokopedia.com/bakso-fortuner-gresik,"Bakso Fortuner Gresik
Kab. Gresik
Lihat Toko",-,Kab. Gresik,-,-,-,-,-,-,,
https://www.tokopedia.com/bakso-fortuner-gresik/sisesa-french-khimar-jersey-1737088079362623125-1737087527377733269,Rp 230.000,-,Kab. Gresik,-,-,-,-,-,-,,
https://www.tokopedia.com/bakso-fortuner-gresik/baso-aci-telur-puyuh-premium-spesial-1733994246991939221,Rp 8.000,-,Kab. Gresik,-,-,-,-,-,-,,
https://www.tokopedia.com/supplier-teknik-gresik,"Supplier Teknik Gresik
Kab. Gresik
Lihat Toko",-,Kab. Gresik,-,-,-,-,-,-,,
https://www.tokopedia.com/taslokal-295/inficlo-inf-319-tas-selempang-tas-bahu-tas-tangan-wanita-fashion-berkualitas-tinggi-produk-buatan-lokal-1729876173138594524,Rp 119.000,-,Kab. Gresik,-,-,-,-,-,-,,
https://www.tokopedia.com/taslokal-295/inficlo-inf-690-tas-selempang-tas-bahu-tas-tangan-wanita-fashion-berkualitas-tinggi-produk-buatan-lokal-tote-1729876243442469596,Rp 149.000,-,Kab. Gresik,-,-,-,-,-,-,,
https://www.tokopedia.com/taslokal-295/inficlo-sfs-inf-590-tas-selempang-tas-bahu-tas-tangan-wanita-fashion-berkualitas-tinggi-produk-buatan-lokal-1729876234405251804,Rp 119.000,-,Kab. Gresik,-,-,-,-,-,-,,
https://www.tokopedia.com/toko-mebel-gresik,"Toko Mebel Gresik
Kab. Gresik
Lihat Toko",-,Kab. Gresik,-,-,-,-,-,-,,
https://www.tokopedia.com/toko-mebel-gresik/lemari-baju-besi-sliding-2-pintu-90cm-lemari-pakaian-anti-rayap-anti-jamur-plat-tebal-1736254054934415145-1736254945148700457,Rp 2.575.000,-,Kab. Gresik,-,-,-,-,-,-,,
https://www.tokopedia.com/toko-mebel-gresik/lemari-pakaian-besi-4-pintu-sliding-160-cm-lemari-pakaian-minimalis-modern-lemari-geser-anti-rayap-anti-air-1736378449395287849-1736379480964957993,Rp 3.600.000,-,Kab. Gresik,-,-,-,-,-,-,,
https://www.tokopedia.com/toko-mebel-gresik/lemari-pakaian-besi-3-pintu-sliding-160-cm-lemari-besi-sliding-3-pintu-lemari-baju-minimalis-full-motif-lemari-pakaian-minimalis-modern-lemari-geser-anti-rayap-anti-air-1736554598292752169-1736554803369248553,Rp 4.300.000,-,Kab. Gresik,-,-,-,-,-,-,,
https://www.tokopedia.com/cerita-bouquet-gresik,"Cerita Bouquet Gresik
Kab. Gresik
Lihat Toko",-,Kab. Gresik,-,-,-,-,-,-,,
https://www.tokopedia.com/cerita-bouquet-gresik/bouquet-uang-10-lembar-dengan-desain-bunga-dan-kado-spesial-1736316688683861059,Rp 100.000,-,Kab. Gresik,-,-,-,-,-,-,,
https://www.tokopedia.com/happy-store-gresik,"happy store gresik
Kab. Gresik
Lihat Toko",-,Kab. Gresik,-,-,-,-,-,-,,
https://www.tokopedia.com/happy-store-gresik/scarf-motif-voal-size-130-130-1732978543305262082,Rp 76.000,-,Kab. Gresik,-,-,-,-,-,-,,
https://www.tokopedia.com/happy-store-gresik/atasan-kyla-1-1736591138948416514-1736591453715792898,Rp 90.000,-,Kab. Gresik,-,-,-,-,-,-,,
https://www.tokopedia.com/happy-store-gresik/paket-usaha-a-scarf-voal-motif-110x110-10-pcs-bisa-mix-motif-1732785075601179650,Rp 315.000,-,Kab. Gresik,-,-,-,-,-,-,,
https://www.tokopedia.com/depo-bangunan-168-gresik,"DEPO BANGUNAN 168 GRESIK
Kab. Gresik
Lihat Toko",-,Kab. Gresik,-,-,-,-,-,-,,
https://www.tokopedia.com/depo-bangunan-168-gresik/scafati-ice-white-60x120-1-44m,Rp 180.000,-,Kab. Gresik,-,-,-,-,-,-,,
https://www.tokopedia.com/depo-bangunan-168-gresik/mozaik-merk-enzo-bn-004-warna-red-uk-30x30-1732567411944228110,Rp 20.000,-,Kab. Gresik,-,-,-,-,-,-,,
https://www.tokopedia.com/depo-bangunan-168-gresik/platinum-bastian-grey-bastian-grey-emb,Rp 67.000,-,Kab. Gresik,-,-,-,-,-,-,,
https://www.tokopedia.com/gresik-kota-1,"Gresik kota
Kab. Gresik
Lihat Toko",-,Kab. Gresik,-,-,-,-,-,-,,
https://www.tokopedia.com/toko-komputer--gadget-gresik,"Toko Komputer & Gadget Gresik
Kab. Gresik
Lihat Toko",-,Kab. Gresik,-,-,-,-,-,-,,
https://www.tokopedia.com/vierna,"parcel gresik
Kab. Gresik
Lihat Toko",-,Kab. Gresik,-,-,-,-,-,-,,
https://www.tokopedia.com/vierna/fitri-parcel-sembako-murah-isi-lengkap-minyak-gula-teh-mie-harga-terjangkau-1734046851698295830,Rp 35.000,-,Kab. Gresik,-,-,-,-,-,-,,
https://www.tokopedia.com/vierna/pita-parcel-murah-unik-siap-pakai-1734046874115343382,Rp 1.500,-,Kab. Gresik,-,-,-,-,-,-,,
https://www.tokopedia.com/vierna/parcel-lebaran-keranjang-rak-susun-murah-1734052671557043222,Rp 145.000,-,Kab. Gresik,-,-,-,-,-,-,,
https://www.tokopedia.com/gresik-hobby-aeromodelling,"Gresik Hobby Aeromodelling
Makassar
Lihat Toko",-,Kab. Gresik,-,-,-,-,-,-,,
https://www.tokopedia.com/gresik-hobby-aeromodelling/dijual-cepat-rc-helicopter-450-high-spek-1732691562231531371,Rp 3.999.000,-,Kab. Gresik,-,-,-,-,-,-,,
https://www.tokopedia.com/gresik-hobby-aeromodelling/digital-pitch-rc-helicopter-1732209417924413291,Rp 300.000,-,Kab. Gresik,-,-,-,-,-,-,,
https://www.tokopedia.com/gresik-hobby-aeromodelling/main-blade-helicopter-class-trex-250-1732209448130217835,Rp 350.000,-,Kab. Gresik,-,-,-,-,-,-,,
https://www.tokopedia.com/ghhelmet,"Gresik House Helmet
Kab. Gresik
Lihat Toko",-,Kab. Gresik,-,-,-,-,-,-,,
https://www.tokopedia.com/ghhelmet/helm-ink-cx22-solid-helm-ink-cx22-polos-helm-ink-cx-helm-ink-biasa-helm-ink-topi-1730796339918242870,Rp 400.000,-,Kab. Gresik,-,-,-,-,-,-,,
https://www.tokopedia.com/ghhelmet/helm-ink-terra-2-solid-helm-ink-terra-2-polos-helm-ink-terra-2-visor-helm-ink-terra-1730815398147818550,Rp 600.000,-,Kab. Gresik,-,-,-,-,-,-,,
https://www.tokopedia.com/ghhelmet/helm-jpx-supreme-2-polos-1730853178604618806,Rp 280.000,-,Kab. Gresik,-,-,-,-,-,-,,
https://www.tokopedia.com/jill-hotto-gresik,"JILL HOTTO GRESIK
Kab. Gresik
Lihat Toko",-,Kab. Gresik,-,-,-,-,-,-,,
https://www.tokopedia.com/jill-hotto-gresik/hotto-purto-pouch-16-sachet-multigrain-purple,Rp 295.000,-,Kab. Gresik,-,-,-,-,-,-,,
https://www.tokopedia.com/jill-hotto-gresik/2x-hotto-purto-pouch-16-sachet-multigrain-purple,Rp 570.000,-,Kab. Gresik,-,-,-,-,-,-,,
https://www.tokopedia.com/jill-hotto-gresik/hotto-mame-protein-multigrain-12-sachet,Rp 295.000,-,Kab. Gresik,-,-,-,-,-,-,,
https://www.tokopedia.com/computergresik,"Rajawali Computer Gresik
Kab. Gresik
Lihat Toko",-,Kab. Gresik,-,-,-,-,-,-,,
https://www.tokopedia.com/computergresik/paper-decal,Rp 3.000,-,Kab. Gresik,-,-,-,-,-,-,,
https://www.tokopedia.com/computergresik/mouse-logitech-b100,Rp 65.000,-,Kab. Gresik,-,-,-,-,-,-,,
https://www.tokopedia.com/computergresik/mouse-wireless-logitech-m170-original-garansi-resmi,Rp 149.000,-,Kab. Gresik,-,-,-,-,-,-,,
https://www.tokopedia.com/sisca-collection-gresik,"Sisca Collection Gresik
Kab. Gresik
Lihat Toko",-,Kab. Gresik,-,-,-,-,-,-,,
https://www.tokopedia.com/sisca-collection-gresik/kemeja-wanita-premium-kemeja-wanita-motif-bunga-renda-atasan-wanita-1730695815701365938,Rp 130.000,-,Kab. Gresik,-,-,-,-,-,-,,
https://www.tokopedia.com/sisca-collection-gresik/set-gamis-syari-bahan-jersey-mewah-berkualitas-premium-nyaman-dipakai-indoor-maupun-outdoor-muslim-dress-1730642539255071922,Rp 140.000,-,Kab. Gresik,-,-,-,-,-,-,,
https://www.tokopedia.com/sisca-collection-gresik/hijab-bergo-anak-hijab-bergo-instan-anak-kerudung-anak-1730694748023260338,Rp 10.000,-,Kab. Gresik,-,-,-,-,-,-,,
https://www.tokopedia.com/gresiktech,"GresikTech
Kab. Gresik
Lihat Toko",-,Kab. Gresik,-,-,-,-,-,-,,
https://www.tokopedia.com/gresiktech/gresik-tech-alat-tanam-jagung-kacang-tipe-dorong-9-mata-produk-asli-lokal-bahan-tebal-dimensi-165x55x30cm-ideal-untuk-pertanian-lokal-biji-benih-tanaman-1732384305642243216,Rp 2.100.000,-,Kab. Gresik,-,-,-,-,-,-,,
https://www.tokopedia.com/gresiktech/mesin-penggiling-sagu-lengkap-penggerak-6-5-hp-1735619687896548496-1735620087202022544,Rp 826.500,-,Kab. Gresik,-,-,-,-,-,-,,
https://www.tokopedia.com/gresiktech/blender-bumbu-halus-dinamo-listrik-6-5-hp-1735619691577443472,Rp 4.125.000,-,Kab. Gresik,-,-,-,-,-,-,,
https://www.tokopedia.com/gresiksouvenir,"GresikSouvenir
Kab. Gresik
Lihat Toko",-,Kab. Gresik,-,-,-,-,-,-,,
https://www.tokopedia.com/gresiksouvenir/tali-lanyard-tanpa-finishing-polosan-tanpa-stopper-dan-kait-lebar-2cm-x-100cm-1737096397073515672,Rp 5.500,-,Kab. Gresik,-,-,-,-,-,-,,
https://www.tokopedia.com/gresiksouvenir/bantal-custom-gambar-tulisan-untuk-souvenir-1737360208565142680,Rp 43.210,-,Kab. Gresik,-,-,-,-,-,-,,
https://www.tokopedia.com/gresiksouvenir/sendok-stanliiss-steelll-free-nama-1737341983191696536,Rp 7.950,-,Kab. Gresik,-,-,-,-,-,-,,
https://www.tokopedia.com/pusattas-gresik,"PusatTas Gresik
Kab. Gresik
Lihat Toko",-,Kab. Gresik,-,-,-,-,-,-,,
https://www.tokopedia.com/pusattas-gresik/naomi-tas-selempang-tas-wanita-24-x-16-1730783157338670587,Rp 36.999,-,Kab. Gresik,-,-,-,-,-,-,,
https://www.tokopedia.com/pusattas-gresik/dompet-karakter-anak-harga-murah-meriah-1730355939183920635,Rp 9.999,-,Kab. Gresik,-,-,-,-,-,-,,
https://www.tokopedia.com/pusattas-gresik/tas-tote-viral-korean-fashion-1729583410641603067,Rp 10.999,-,Kab. Gresik,-,-,-,-,-,-,,
https://www.tokopedia.com/damar-kurung-gresik,"damar kurung gresik
Kab. Gresik
Lihat Toko",-,Kab. Gresik,-,-,-,-,-,-,,
https://www.tokopedia.com/damar-kurung-gresik/kaos-khas-gresik-kaos-gresik-kaos-damar-kurung-kaos-unik-1736396814216038345-1736396597254195145,Rp 110.000,-,Kab. Gresik,-,-,-,-,-,-,,
https://www.tokopedia.com/damar-kurung-gresik/souvenir-gajah-wurung-souvenir-khas-gresik-1736394916165683145-1736395152623306697,Rp 300.000,-,Kab. Gresik,-,-,-,-,-,-,,
https://www.tokopedia.com/damar-kurung-gresik/kaos-khas-gresik-kaos-gresik-kaos-damar-kurung-kaos-unik-1736396591791048649-1736396820417251273,Rp 110.000,-,Kab. Gresik,-,-,-,-,-,-,,
https://www.tokopedia.com/agresik,"ATK Mart Gresik
Kab. Gresik
Lihat Toko",-,Kab. Gresik,-,-,-,-,-,-,,
https://www.tokopedia.com/agresik/paperone-kertas-hvs-a4-75-gr-80-gsm-kertas-photo-copy-tebal-premium-putih-bersih-termuran-1-rim-500-lembar-1732623804458763496,Rp 50.000,-,Kab. Gresik,-,-,-,-,-,-,,
https://www.tokopedia.com/agresik/bisa-instant-kertas-hvs-fotocopy-fotokopi-murah-kertas-print-aone-a4-70-gsm-1-rim-note-paper-1732214741329347816,Rp 232.500,-,Kab. Gresik,-,-,-,-,-,-,,
https://www.tokopedia.com/agresik/natural-kertas-hvs-70gr-f4,Rp 50.500,-,Kab. Gresik,-,-,-,-,-,-,,
https://www.tokopedia.com/aren-jaya-gresik,"AREN JAYA GRESIK
Kab. Gresik
Lihat Toko",-,Kab. Gresik,-,-,-,-,-,-,,
https://www.tokopedia.com/aren-jaya-gresik/red-bell-pasta-perisa-pewarna-makanan-essence-all-variant-aneka-rasa-55-ml-original-1732659030659532059-1735390565272552731,Rp 30.000,-,Kab. Gresik,-,-,-,-,-,-,,
https://www.tokopedia.com/aren-jaya-gresik/frisian-flag-kental-manis-creamy-kental-manis-coklat-susu-bendera-kemasan-pouch-535-gram-original-1734157305651234075,Rp 28.275,-,Kab. Gresik,-,-,-,-,-,-,,
https://www.tokopedia.com/aren-jaya-gresik/tepung-terigu-segitiga-biru-bogasari-serbaguna-500-gram-1-kg-original-1734156646669387035,Rp 16.675,-,Kab. Gresik,-,-,-,-,-,-,,
https://www.tokopedia.com/nency-honda-gresik,"NENCY HONDA GRESIK
Kab. Gresik
Lihat Toko",-,Kab. Gresik,-,-,-,-,-,-,,
https://www.tokopedia.com/nency-honda-gresik/beat-sporty-deluxe-dan-street-1736203557948327092,Rp 21.000.000,-,Kab. Gresik,-,-,-,-,-,-,,
https://www.tokopedia.com/nency-honda-gresik/honda-tumbler-one-heart-stylish-fungsional-selalu-ready-bisa-jadi-phone-holder-harga-spesial-100-00-1737423508194297012,Rp 112.000,-,Kab. Gresik,-,-,-,-,-,-,,
https://www.tokopedia.com/alkesmartgresik,"ALKESMART GRESIK
Kab. Gresik
Lihat Toko",-,Kab. Gresik,-,-,-,-,-,-,,
https://www.tokopedia.com/alkesmartgresik/alkohol-swab-alcohol-swab-cosmo-med-isi-100pcs-1734389928744224756,Rp 9.000,-,Kab. Gresik,-,-,-,-,-,-,,
https://www.tokopedia.com/alkesmartgresik/funduscope-aluminium-merk-onemed,Rp 25.000,-,Kab. Gresik,-,-,-,-,-,-,,
https://www.tokopedia.com/alkesmartgresik/strip-fora-6-plus-blood-glucose-strip-cek-gula-darah,Rp 120.000,-,Kab. Gresik,-,-,-,-,-,-,,
https://www.tokopedia.com/aneka-store-gresik,"ANEKA STORE GRESIK
Kab. Gresik
Lihat Toko",-,Kab. Gresik,-,-,-,-,-,-,,
https://www.tokopedia.com/aneka-store-gresik/kahf-facial-wash-100ml-kahf-face-wash-100ml-kahf-pembersih-wajah-100ml-kahf-face-scrub-kahf-triple-action-1734569487792572300,Rp 33.961,-,Kab. Gresik,-,-,-,-,-,-,,
https://www.tokopedia.com/aneka-store-gresik/basreng-daun-jeruk-150gr-snack-1734434942956111756,Rp 9.999,-,Kab. Gresik,-,-,-,-,-,-,,
https://www.tokopedia.com/aneka-store-gresik/rumput-gracilaria-original-kering-1000-gr-1735228891151304588-1735228984282154892,Rp 9.999,-,Kab. Gresik,-,-,-,-,-,-,,
https://www.tokopedia.com/mutiara-motor-2-gresik,"Mutiara Motor 2 Gresik
Kab. Gresik
Lihat Toko",-,Kab. Gresik,-,-,-,-,-,-,,
https://www.tokopedia.com/mutiara-motor-2-gresik/kipas-pully-vario-125-npp-35100-kzr00-nippon-parts-1734296858017956923,Rp 75.000,-,Kab. Gresik,-,-,-,-,-,-,,
https://www.tokopedia.com/mutiara-motor-2-gresik/komstir-jupiter-z-mio-mio-j-jupiter-mx-vega-zr-npp-50200-5tl00-nippon-parts-1734329388194563131,Rp 65.000,-,Kab. Gresik,-,-,-,-,-,-,,
https://www.tokopedia.com/mutiara-motor-2-gresik/komstir-grand-beat-vario-supra-x-125-all-honda-bebek-all-honda-matic-npp-50100-gn500-nippon-parts-1734329273378374715,Rp 65.000,-,Kab. Gresik,-,-,-,-,-,-,,
https://www.tokopedia.com/gresik-united-store,"Gresik United Store
Kab. Gresik
Lihat Toko",-,Kab. Gresik,-,-,-,-,-,-,,
https://www.tokopedia.com/gresik-united-store/jersey-training-gresik-united-v1-1736852154966443914-1736853773774653322,Rp 210.000,-,Kab. Gresik,-,-,-,-,-,-,,
https://www.tokopedia.com/gresik-united-store/jersey-training-gresik-united-v1-keeper-vers-1736853780714194826-1736853905623517066,Rp 210.000,-,Kab. Gresik,-,-,-,-,-,-,,
https://www.tokopedia.com/jajan-murah-gresik,"Jajan murah gresik
Kab. Gresik
Lihat Toko",-,Kab. Gresik,-,-,-,-,-,-,,
https://www.tokopedia.com/jajan-murah-gresik/telur-gabus-keju-1kg-produk-makanan-ringan-1736767236816012807,Rp 36.000,-,Kab. Gresik,-,-,-,-,-,-,,
https://www.tokopedia.com/jajan-murah-gresik/nyam-nyam-crispy-ball-1kg-renyah-lezat-cemilan-seru-untuk-semua-usia-bahan-renyah-dan-lembut-di-dalam-1736767199417894407,Rp 35.000,-,Kab. Gresik,-,-,-,-,-,-,,
https://www.tokopedia.com/jajan-murah-gresik/siomay-mini-kering-1kg-bahan-berkualitas-renyah-guruh-nikmat-cocok-untuk-jualan-konsumsi-1736767011224520199,Rp 32.000,-,Kab. Gresik,-,-,-,-,-,-,,
https://www.tokopedia.com/calip,"SNAIFarm Hidroponik Gresik
Kab. Gresik
Lihat Toko",-,Kab. Gresik,-,-,-,-,-,-,,
https://www.tokopedia.com/calip/bibit-kangkung-hidroponik-siap-tanam-30-bibit-snaifarm-gresik-1736900265930229064-1736900314838238536,Rp 25.000,-,Kab. Gresik,-,-,-,-,-,-,,
https://www.tokopedia.com/calip/snaifarm-benih-selada-hidroponik-umur-4-hss-siap-semai-untuk-pertanian-modern-di-gresik-1736733738515006792-1736734185996715336,Rp 25.000,-,Kab. Gresik,-,-,-,-,-,-,,
https://www.tokopedia.com/calip/bibit-pakcoy-hidroponik-siap-tanam-30-bibit-bibit-snaifarm-gresik-1736900233965962568-1736900258698134856,Rp 25.000,-,Kab. Gresik,-,-,-,-,-,-,,
https://www.tokopedia.com/gresik-store1,"Gresik Store1.
Kab. Gresik
Lihat Toko",-,Kab. Gresik,-,-,-,-,-,-,,
https://www.tokopedia.com/gresik-store1/minyak-goreng-sania-2-liter-1736965395471500809,Rp 58.000,-,Kab. Gresik,-,-,-,-,-,-,,
https://www.tokopedia.com/gresik-store1/minyak-goreng-fortune-1-liter-1736970131975865865,Rp 34.000,-,Kab. Gresik,-,-,-,-,-,-,,
https://www.tokopedia.com/gresik-store1/minyak-goreng-sovia-800ml-1736971272269235721,Rp 30.000,-,Kab. Gresik,-,-,-,-,-,-,,
https://www.tokopedia.com/kopyah-peci-berkah-gresik,"Kopyah Peci Berkah Gresik
Lihat Toko",-,Kab. Gresik,-,-,-,-,-,-,,
https://www.tokopedia.com/anugerah-tani-gresik,"Anugerah Tani Gresik
Kab. Gresik
Lihat Toko",-,Kab. Gresik,-,-,-,-,-,-,,
https://www.tokopedia.com/anugerah-tani-gresik/herbisida-pilly-25-wp-kemasan-5gram-1733157717341668628,Rp 2.000,-,Kab. Gresik,-,-,-,-,-,-,,
https://www.tokopedia.com/anugerah-tani-gresik/curacron-500ml-insektisida-kontak-dan-lambung-profenofos-500ec-sygenta-1732312418143601940,Rp 210.000,-,Kab. Gresik,-,-,-,-,-,-,,
https://www.tokopedia.com/anugerah-tani-gresik/insektisida-starban-585-ec-1-liter-1732312083004753172,Rp 194.999,-,Kab. Gresik,-,-,-,-,-,-,,
https://www.tokopedia.com/apotek-rahayu-gresik-by-goapotik,"Apotek Rahayu Gresik by GoApotik
Kab. Gresik
Lihat Toko",-,Kab. Gresik,-,-,-,-,-,-,,
https://www.tokopedia.com/apotek-rahayu-gresik-by-goapotik/ranitidine-hexpharm-150-mg-strip-10-tablet-1731713541637965453,Rp 4.074,-,Kab. Gresik,-,-,-,-,-,-,,
https://www.tokopedia.com/apotek-rahayu-gresik-by-goapotik/molacort-0-75-mg-strip-10-tablet-1731713502724130445,Rp 3.395,-,Kab. Gresik,-,-,-,-,-,-,,
https://www.tokopedia.com/apotek-rahayu-gresik-by-goapotik/glimepiride-ogb-dexa-medica-2-mg-strip-10-tablet-diabetes-1729869852333016717,Rp 14.930,-,Kab. Gresik,-,-,-,-,-,-,,
https://www.tokopedia.com/pastel-abon-gresik,"Pastel Abon Gresik
Kab. Gresik
Lihat Toko",-,Kab. Gresik,-,-,-,-,-,-,,
https://www.tokopedia.com/pastel-abon-gresik/pastel-abon-mini-1-kilogram-1734388456642217044,Rp 32.999,-,Kab. Gresik,-,-,-,-,-,-,,
https://www.tokopedia.com/pastel-abon-gresik/keripik-usus-raja-1-kg-enak-1731350468074767444,Rp 51.999,-,Kab. Gresik,-,-,-,-,-,-,,
https://www.tokopedia.com/pastel-abon-gresik/pitato-kentang-goreng-250-gram-1731466226825856084,Rp 15.999,-,Kab. Gresik,-,-,-,-,-,-,,
https://www.tokopedia.com/muzanah-bandeng-gresik,"Muzanah bandeng gresik
Lihat Toko",-,Kab. Gresik,-,-,-,-,-,-,,
https://www.tokopedia.com/amsa-gresik,"Amsa Gresik
Kab. Gresik
Lihat Toko",-,Kab. Gresik,-,-,-,-,-,-,,
https://www.tokopedia.com/butik-baju-gresik,"BUTIK BAJU GRESIK
Kab. Gresik
Lihat Toko",-,Kab. Gresik,-,-,-,-,-,-,,
https://www.tokopedia.com/butik-baju-gresik/hijab-segiempat-buckle-scraves-packing-pouch-1730517032619705449,Rp 27.999,-,Kab. Gresik,-,-,-,-,-,-,,
https://www.tokopedia.com/butik-baju-gresik/hijab-oskara-logo-pouch-azara-1730259111815119977,Rp 25.000,-,Kab. Gresik,-,-,-,-,-,-,,
https://www.tokopedia.com/butik-baju-gresik/hijab-oskara-seragaman-by-azara-size-110x110cm-1729946250546480233,Rp 18.999,-,Kab. Gresik,-,-,-,-,-,-,,
https://www.tokopedia.com/pusat-oleh2-khas-gresik,"Pusat oleh2 khas Gresik
Kab. Gresik
Lihat Toko",-,Kab. Gresik,-,-,-,-,-,-,,
https://www.tokopedia.com/pusat-oleh2-khas-gresik/kue-pudak-oleh-oleh-khas-gresik-1734354493258368969,Rp 50.000,-,Kab. Gresik,-,-,-,-,-,-,,
https://www.tokopedia.com/pusat-oleh2-khas-gresik/jenang-jubung-ketan-hitam-oleh-oleh-khas-gresik-1734354455797073865,Rp 35.000,-,Kab. Gresik,-,-,-,-,-,-,,
https://www.tokopedia.com/pusat-oleh2-khas-gresik/bonggolan-ikan-khas-sidayu-aneka-rasa-1734354434034862025,Rp 12.000,-,Kab. Gresik,-,-,-,-,-,-,,
https://www.tokopedia.com/pudak-khas-gresik,"Pudak Khas Gresik
Kab. Gresik
Lihat Toko",-,Kab. Gresik,-,-,-,-,-,-,,
https://www.tokopedia.com/pudak-khas-gresik/kue-pudak-khas-gresik-mini-original-vacuum-sealer-10biji-original-vacuum-sea-box,Rp 34.445,-,Kab. Gresik,-,-,-,-,-,-,,
https://www.tokopedia.com/pudak-khas-gresik/kue-pudak-jumbo-khas-gresik-jatim-10pcs-gula-merah,Rp 64.500,-,Kab. Gresik,-,-,-,-,-,-,,
https://www.tokopedia.com/pudak-khas-gresik/oleh-oleh-khas-gresik-pudak-mini-1-ikat-isi-10-biji-1730273804097062123,Rp 45.000,-,Kab. Gresik,-,-,-,-,-,-,,
https://www.tokopedia.com/musikitagresik,"Gresik Musik Store
Kab. Gresik
Lihat Toko",-,Kab. Gresik,-,-,-,-,-,-,,
https://www.tokopedia.com/musikitagresik/d-addario-jim-dunlop-pick-gitar-gator-grip-4170-1729853706792174703,Rp 15.000,-,Kab. Gresik,-,-,-,-,-,-,,
https://www.tokopedia.com/musikitagresik/yamaha-psr-f52-portable-keyboard-originall-1729966976851215471,Rp 1.780.000,-,Kab. Gresik,-,-,-,-,-,-,,
https://www.tokopedia.com/musikitagresik/yamaha-digital-piano-dgx-670-black-include-stand-1729847863361832047,Rp 11.325.000,-,Kab. Gresik,-,-,-,-,-,-,,
https://www.tokopedia.com/toko-emas-delima-gresik,"Toko Emas Delima Gresik
Kab. Gresik
Lihat Toko",-,Kab. Gresik,-,-,-,-,-,-,,
https://www.tokopedia.com/toko-emas-delima-gresik/kotak-perhiasan-set-perhiasan-1737635870116578403,Rp 45.000,-,Kab. Gresik,-,-,-,-,-,-,,
https://www.tokopedia.com/toko-emas-delima-gresik/kotak-perhiasan-set-besar-1737636684727157859-1737636770611102819,Rp 75.000,-,Kab. Gresik,-,-,-,-,-,-,,
https://www.tokopedia.com/toko-emas-delima-gresik/tempat-cincin-kristal-1737636770000045155-1737637079850910819,Rp 7.500,-,Kab. Gresik,-,-,-,-,-,-,,
https://www.tokopedia.com/syafa-snack-gresik,"SYAFA SNACK GRESIK
Kab. Gresik
Lihat Toko",-,Kab. Gresik,-,-,-,-,-,-,,
https://www.tokopedia.com/syafa-snack-gresik/emping-mlinjo-manis-tersedia-ukuran-1-4-kg-250-gram-1-2-kg-500-gram-food-cemilan-snack-melinjo-1731168064401999210,Rp 30.000,-,Kab. Gresik,-,-,-,-,-,-,,
https://www.tokopedia.com/syafa-snack-gresik/wedaran-keju-jumbo-mini-tersedia-ukuran-1-4-kg-250-gram-1-2-kg-500-gram-makanan-snack-cemilan-cheese-1731243761753949546,Rp 21.000,-,Kab. Gresik,-,-,-,-,-,-,,
https://www.tokopedia.com/syafa-snack-gresik/keripik-usus-original-tersedia-ukuran-1-4-kg-250-gram-1-2-kg-500-gram-cemilan-kripik-crispy-ayam-1731168000362841450,Rp 20.250,-,Kab. Gresik,-,-,-,-,-,-,,
https://www.tokopedia.com/barokah-buku-gresik,"Barokah Buku Gresik
Kab. Gresik
Lihat Toko",-,Kab. Gresik,-,-,-,-,-,-,,
https://www.tokopedia.com/barokah-buku-gresik/paket-4-buku-anak-metode-mudah-dan-praktis-mahir-berhitung-pengurangan-penjumblahan-pembagian-perkalian-bersusun-full-color-1732222292875904984,Rp 17.320,-,Kab. Gresik,-,-,-,-,-,-,,
https://www.tokopedia.com/barokah-buku-gresik/paket-4-buku-metode-cepat-dan-praktis-cerdas-berhitung-untuk-tk-dan-sd-1731837098096691160,Rp 17.500,-,Kab. Gresik,-,-,-,-,-,-,,
https://www.tokopedia.com/barokah-buku-gresik/60-jam-pintar-baca-tanpa-dieja-10-menit-setiap-belajar-1729612071762560984,Rp 25.000,-,Kab. Gresik,-,-,-,-,-,-,,
https://www.tokopedia.com/tbmo-gresik,"TBMO GRESIK
Kab. Gresik
Lihat Toko",-,Kab. Gresik,-,-,-,-,-,-,,
https://www.tokopedia.com/tbmo-gresik/tbmo-slop-lakban-nachi-bening-isi-6-opp-nachi-2-inchi-lakban-nachi-coklat-2-inch-isi-6-1733702374138021642,Rp 75.000,-,Kab. Gresik,-,-,-,-,-,-,,
https://www.tokopedia.com/tbmo-gresik/tbmo-buku-tulis-sidu-kraft-40-pack-isi-10-buku-1733701571522103050,Rp 34.671,-,Kab. Gresik,-,-,-,-,-,-,,
https://www.tokopedia.com/tbmo-gresik/zebra-tbmo-ecer-bolpen-sarasa-clip-0-5mm-gel-pen-retractable-water-based-pigment-ink-warna-hitam-biru-merah-cocok-dengan-grip-colour-wajib-unboxing-1733889301995095818,Rp 18.240,-,Kab. Gresik,-,-,-,-,-,-,,
https://www.tokopedia.com/homeappliancegresik,"Home Appliance Gresik
Kab. Gresik
Lihat Toko",-,Kab. Gresik,-,-,-,-,-,-,,
https://www.tokopedia.com/homeappliancegresik/jam-dinding-mirado-mq-8201-wh-bl-wb-mirado-jam-mq8201-wh-bl-wb-1729433604339435884,Rp 185.000,-,Kab. Gresik,-,-,-,-,-,-,,
https://www.tokopedia.com/homeappliancegresik/senter-kepala-dony-ms-309-so-big-dony-senter-kepala-ms309-30-watt-putih,Rp 395.000,-,Kab. Gresik,-,-,-,-,-,-,,
https://www.tokopedia.com/homeappliancegresik/pompa-galon-elektrik-miyako-awd-100-garansi-resmi-1-tahun,Rp 90.000,-,Kab. Gresik,-,-,-,-,-,-,,
https://www.tokopedia.com/hsr-wheel-gresik,"HSR WHEEL GRESIK
Kab. Gresik
Lihat Toko",-,Kab. Gresik,-,-,-,-,-,-,,
https://www.tokopedia.com/hsr-wheel-gresik/jual-tutup-pentil-mobil-chrome-besi-murah-tutup-pentil-besi-murah,Rp 2.500,-,Kab. Gresik,-,-,-,-,-,-,,
https://www.tokopedia.com/hsr-wheel-gresik/ban-mobil-murah-yaris-185-60-r15-accelera-ecoplush-185-60-ring-15-1730766442914088765,Rp 677.875,-,Kab. Gresik,-,-,-,-,-,-,,
https://www.tokopedia.com/hsr-wheel-gresik/ban-luar-tubles-murah-ring-16-ukuran-195-55-r16-accelera-phi-r-1730842009725536061,Rp 796.125,-,Kab. Gresik,-,-,-,-,-,-,,
https://www.tokopedia.com/gresik-cnc,"GRESIK CNC
Kab. Gresik
Lihat Toko",-,Kab. Gresik,-,-,-,-,-,-,,
https://www.tokopedia.com/gresik-cnc/plat-besi-laser-cutting-ornamen-pagar-50-x-100-cm-ready-stock-tebal-1-2-mm-1-5-mm-2-0-mm-1731126669065095088,Rp 315.000,-,Kab. Gresik,-,-,-,-,-,-,,
https://www.tokopedia.com/gresik-cnc/ornamen-laser-cutting-20x80-cocok-buat-kanopi-atau-pagar-ready-stock-bisa-cod-besi-fiber-1729585485476825008,Rp 93.400,-,Kab. Gresik,-,-,-,-,-,-,,
https://www.tokopedia.com/gresik-cnc/share-favorit-142-plat-laser-cutting-ornamen-pagar-60x-120-ready-stock-tebal-2-mm-1731126759100417968,Rp 504.000,-,Kab. Gresik,-,-,-,-,-,-,,
https://www.tokopedia.com/omahjajanalesha,"Alesha Gresik Shop
Kab. Gresik
Lihat Toko",-,Kab. Gresik,-,-,-,-,-,-,,
https://www.tokopedia.com/omahjajanalesha/kerupuk-opak-gurih-original-opak-jepit-khas-gresik-1730797917983246317,Rp 9.800,-,Kab. Gresik,-,-,-,-,-,-,,
https://www.tokopedia.com/omahjajanalesha/bagelan-roti-kering-tita-original-pandan-coklat,Rp 8.633,-,Kab. Gresik,-,-,-,-,-,-,,
https://www.tokopedia.com/omahjajanalesha/kacang-telur-homemade-fresh-500-gram-jaminan-ter-enak-free-gift,Rp 34.000,-,Kab. Gresik,-,-,-,-,-,-,,
https://www.tokopedia.com/sophieparisjimshoney-gresik,"SOPHIEPARIS&JIMSHONEY GRESIK
Kab. Gresik
Lihat Toko",-,Kab. Gresik,-,-,-,-,-,-,,
https://www.tokopedia.com/sophieparisjimshoney-gresik/dompet-fable-sophiemartin-paris-1729559932650293756,Rp 140.000,-,Kab. Gresik,-,-,-,-,-,-,,
https://www.tokopedia.com/sophieparisjimshoney-gresik/gemaya-bowler-sophiemartin-paris-1729898285517146620,Rp 229.000,-,Kab. Gresik,-,-,-,-,-,-,,
https://www.tokopedia.com/sophieparisjimshoney-gresik/taurion-tauriane-dompet-alive-sophiemartin-dompet-cowok-ready-2-warna-coklat-hitam-1730448215151314428,Rp 98.000,-,Kab. Gresik,-,-,-,-,-,-,,
https://www.tokopedia.com/central-sarung-barokah-gresik,"Central Sarung Barokah Gresik
Kab. Gresik
Lihat Toko",-,Kab. Gresik,-,-,-,-,-,-,,
https://www.tokopedia.com/central-sarung-barokah-gresik/sarung-bhs-jsk-jgp-mix-excellent-bronze-1730817989583603682-1736343570425219042,Rp 982.800,-,Kab. Gresik,-,-,-,-,-,-,,
https://www.tokopedia.com/central-sarung-barokah-gresik/sarung-bhs-infinity-kembang-motif-snb-1730866957682640866-1735001141511292898,Rp 518.960,-,Kab. Gresik,-,-,-,-,-,-,,
https://www.tokopedia.com/central-sarung-barokah-gresik/sarung-batik-bhs-infinity-gold-motif-terbaru-1730595556272736226-1737561441298253794,Rp 518.960,-,Kab. Gresik,-,-,-,-,-,-,,
https://www.tokopedia.com/ninjasport,"NINJA BADMINTON STORE GRESIK
Kab. Gresik
Lihat Toko",-,Kab. Gresik,-,-,-,-,-,-,,
https://www.tokopedia.com/ninjasport/headband-victor-sp130-handuk-kepala-original-1736370171131365223,Rp 50.840,-,Kab. Gresik,-,-,-,-,-,-,,
https://www.tokopedia.com/ninjasport/pasang-senar-raket-digital,Rp 30.000,-,Kab. Gresik,-,-,-,-,-,-,,
https://www.tokopedia.com/ninjasport/insole-sepatu-victor-vt-xd-11-vt-xd11-xd11-original,Rp 128.000,-,Kab. Gresik,-,-,-,-,-,-,,
